requestFrequency,transactionIdReuse,nonceReuse,timestampAge,requestInterval,ipChanged,sessionChanged,behaviorDeviation,previousRequestCount,duplicateRequestCount,sessionSequenceDeviation,transactionFrequency,sessionDuration,loginTimeDeviation,deviceDeviation,label
41.06062466086521,0,0,26.14910311560165,0.39104022068712563,1,1,0.9083866862321429,24,0,0.9825410078802931,20.20384517827212,12.93890147284186,0.7231016176257575,1,SUSPICIOUS_BEHAVIOR
42.362451510610065,0,0,0.7936351644127249,1.3471366520393242,1,1,0.7693984936920875,23,0,0.7771254897411168,25.88854944367494,9.222440409885813,0.9664300194771268,0,SUSPICIOUS_BEHAVIOR
23.33649969598467,1,1,3261.6665699453524,1.6459460580552128,0,1,0.6366878461283078,28,19,0.8059530828745682,15.284102936212289,30.408572138965404,0.7746028740200965,0,REPLAY_ATTACK
38.99874330581624,1,1,2458.975489309104,0.3318598788393111,0,1,0.8060053547645124,33,3,0.8540662129023745,7.325515420967026,15.441151076118205,0.5086605142102141,1,REPLAY_ATTACK
23.0641446525484,0,0,12.844483259770561,0.25736659578912835,1,1,0.7041980230511388,47,0,0.9689736546472856,14.218331122813597,13.95929006849248,0.781148633834053,0,SUSPICIOUS_BEHAVIOR
6.0638840541407735,0,0,196.72911168849836,5.784281000669602,0,0,0.5388187675482219,8,0,0.28596421956614515,7.478346063189465,62.23321797615238,0.4557066381162455,1,SUSPICIOUS
57.08048451700322,0,0,8.004113462767538,0.19405927513346183,1,0,0.7683430872028394,29,0,0.957918080019356,11.69510626893456,11.18043216739014,0.7531789634792385,0,SUSPICIOUS_BEHAVIOR
4.064505045650388,0,0,18.67846194936022,43.84106494286978,0,0,0.10908559004234263,2,0,0.007467150228456565,2.8524144696069844,423.6849767238528,0.05001135170203064,0,NORMAL
2.685532709092739,0,0,18.187701356719717,28.43535854323976,0,0,0.1350461675124075,1,0,0.06070588114937552,1.4549501136573648,538.2104884560562,0.07406403509010444,0,NORMAL
1.6759862082295047,0,0,22.916378379173754,27.851467198500607,0,0,0.0993486856011969,1,0,0.09759097848781552,2.0112224556461484,278.54120422470436,0.1307205905070453,0,NORMAL
4.232261458672591,0,0,47.100992630223416,23.7351907523946,0,0,0.14421093217957437,3,0,0.10715813430559386,0.9320501286411307,476.5543207607356,0.18036766328833423,0,NORMAL
36.91381758017875,1,1,1767.8510000387396,0.2966105306421688,0,1,0.6858079491246915,22,4,0.5489679997585425,7.946764000589301,8.708799936099647,0.8007541714475856,1,REPLAY_ATTACK
2.1806326456765834,0,0,43.32425629216422,43.15235959017112,0,0,0.016842602235419668,3,0,0.1396249296263711,2.3841653447739533,341.9176787804556,0.04621778442691371,0,NORMAL
49.06082601808653,1,1,1465.5244859654222,1.9513234869229865,0,1,0.8182784302132461,21,14,0.7313285594570004,16.604179507972553,42.08863516751297,0.8031330207818775,0,REPLAY_ATTACK
21.091761563529708,1,1,1698.690230851903,1.919636485162263,1,1,0.6430108175137031,29,8,0.6273500892449266,7.8404667151307805,6.387918707274115,0.5994118496467861,1,REPLAY_ATTACK
4.571494032802495,0,0,49.50296461080372,39.188639025705584,0,0,0.04241624749547555,3,0,0.045184694219086226,0.634831457102178,448.33193361219446,0.1053284527050395,0,NORMAL
42.13569760919055,0,0,1.5292210737498413,0.8393960801832551,1,1,0.941270136709668,48,0,0.8003733067338589,21.278922565377552,13.208882968539907,0.9097714327639365,0,SUSPICIOUS_BEHAVIOR
0.6876047207299663,0,0,32.47599472056662,35.63273765725265,0,0,0.1826459372558541,1,0,0.04548122906395123,2.4550045639848532,454.32344806890677,0.11164635005593221,0,NORMAL
15.138664199481509,1,1,2236.9628360077822,1.9816778396786856,0,1,0.6950851281011019,32,15,0.7268143652875722,12.375636041539344,5.251287442492682,0.7445596080679091,1,REPLAY_ATTACK
38.312546003384995,0,0,0.78173657956779,0.86724630111023,1,0,0.8990333180916898,21,0,0.7826787804311947,25.285744636744326,14.76880475868243,0.7269558294533089,0,SUSPICIOUS_BEHAVIOR
36.12247532400953,1,1,1709.7710186275408,0.28534175884528945,1,1,0.9200268305003957,46,19,0.7836310281040303,14.064425159171282,9.292967690297203,0.5210757745333556,0,REPLAY_ATTACK
26.21761877858083,1,1,1557.9296497688147,0.6301335991541961,1,1,0.7783844463904732,19,9,0.618965054670523,9.299962378494762,37.79835396544408,0.672157916751034,1,REPLAY_ATTACK
32.40007411129221,0,0,7.040505986557507,0.573355289030585,1,1,0.8414761199377457,20,0,0.8167779358723306,12.266681708954117,4.750240425045369,0.9162214718226188,1,SUSPICIOUS_BEHAVIOR
27.54159529161413,1,1,1306.041929567683,0.13847237500464032,0,1,0.7695086987118087,31,2,0.7392405667960054,15.149171722446255,19.717459808031904,0.8022784399866186,0,REPLAY_ATTACK
1.9254886430096263,0,0,28.891341090753006,55.48134097182962,0,0,0.19334122800369213,3,0,0.037044811870059376,1.0862100169579247,229.61069480584686,0.15503815385878117,0,NORMAL
42.60162122574867,1,1,2483.296109349002,0.33344945132706294,1,0,0.7702585331889276,41,11,0.6596802069806419,11.393706664347395,50.53122727969219,0.5301200827198256,0,REPLAY_ATTACK
0.8850524213837341,0,0,13.599384133619282,47.43226170631,0,0,0.025050246219241592,2,0,0.026357286875523876,1.774307929008913,215.43769453751037,0.12203571524732837,0,NORMAL
21.6207810175868,0,0,29.390752393074855,1.4962488562956786,0,0,0.7806003353883483,44,0,0.9518414626969297,25.030926148762127,9.33962828955287,0.8864552710857228,1,SUSPICIOUS_BEHAVIOR
0.22723190170728935,0,0,23.770361496555324,34.17037179865733,0,0,0.045032204843186374,4,0,0.015919502896352914,0.6772904785964238,378.3966585647578,0.06331926968252935,0,NORMAL
0.23225206359998862,0,0,49.73492844904064,42.70873007370373,0,0,0.024260599601106825,4,0,0.02347938201236118,1.63915205388273,140.10258904261224,0.0029899942208477803,0,NORMAL
1.0394312757301365,0,0,33.253590847921,16.393340061120877,0,0,0.12630887573523206,1,0,0.08312718831731981,2.3601236280714444,121.26343467820233,0.12529277105081119,0,NORMAL
4.74899956645962,0,0,36.47430556760668,52.34844271035303,0,0,0.051621528634682945,3,0,0.009960803019074604,1.489362074618386,386.5263948518113,0.1418544023339626,0,NORMAL
28.724410098047862,1,1,3380.127841204324,1.0239147306113474,0,1,0.6226191684741231,40,16,0.6738440166343087,6.984755237856508,34.36418224307593,0.7664993081613166,1,REPLAY_ATTACK
1.2158609549972703,0,0,59.508597080961806,51.7912963955258,0,0,0.0902260139595683,0,0,0.10171837523049697,2.01439872339743,384.96872270191255,0.1618946419230869,0,NORMAL
15.781509069368415,1,1,3161.641518838334,0.8752860077086284,1,0,0.6881558018321818,33,13,0.7764540752502984,19.07954474602258,38.40882468151217,0.8191961124938988,1,REPLAY_ATTACK
2.52944339442233,0,0,30.73331524876047,38.47698897835518,0,0,0.19308972692012427,0,0,0.14961344085803313,1.8013013341037862,236.11477084404376,0.018213236416436195,0,NORMAL
49.43444100842255,1,1,2133.7984790193445,1.6316811316627797,1,0,0.6062959888995132,49,5,0.6020701774426432,7.030512807545035,29.48321047688085,0.6624179729930753,1,REPLAY_ATTACK
2.507581473435998,0,0,6.295810705090492,40.032553327417794,0,0,0.045496320738708,4,0,0.11476598874496963,0.854610994042463,345.52580879216396,0.11139041833283506,0,NORMAL
0.8474637334304624,0,0,41.13391723373828,53.94894501411336,0,0,0.1725919246626037,3,0,0.14149651678112246,2.0794371091318884,562.7994702252015,0.05163163353169567,0,NORMAL
2.5815017415059764,0,0,42.84521592794567,14.354638339788576,0,0,0.09539667852353076,3,0,0.06120606924042249,2.9343564550962338,379.2140122851301,0.14088472429549734,0,NORMAL
38.11485498505232,1,1,2017.8939931389366,1.8449515002721955,1,0,0.6458775568459132,25,9,0.7196119716845351,6.084755222890277,36.014722783322526,0.8093853054072307,0,REPLAY_ATTACK
8.594450261822391,0,0,130.99520706032632,5.597438807081258,1,1,0.5990601353501894,8,0,0.2746695155579576,6.363243697161856,54.45251545523334,0.3113334991329764,1,SUSPICIOUS
3.9429860561226535,0,0,32.87756933842158,13.110161308235138,0,1,0.06207417782162401,2,0,0.13411493041592387,1.855083362743005,283.33199147233483,0.141022629327799,0,NORMAL
0.20387570777381958,0,0,0.3831523030100148,43.8088781037717,0,0,0.04070697477737928,1,0,0.08199224094955065,1.7906195580001512,326.20931685530246,0.08865068829499244,0,NORMAL
0.9328351202565288,0,0,6.9819838731285655,46.92987290661654,0,0,0.011242781091975696,4,0,0.05973753522951192,2.6831358917291817,560.7327160616175,0.14278291681672686,0,NORMAL
1.289708138575778,0,0,6.150583679440755,42.65813952656415,0,0,0.15028466350626055,2,0,0.14203543491907752,2.1369393782106507,241.04735127324932,0.0900766426078016,0,NORMAL
3.159186060848996,0,0,31.870171680061922,35.272755895522494,0,0,0.009858898552883289,4,0,0.14191134271032468,2.6781924703028928,164.65457987562993,0.135789084856134,0,NORMAL
47.370595903195635,1,1,436.92191954618465,0.23035260942593058,1,1,0.9315257674847199,19,15,0.8006263948173791,7.674489212536338,25.372767416617414,0.8998639684513092,0,REPLAY_ATTACK
25.904272766303546,0,0,18.26191447754546,1.0837786459441245,0,1,0.870491531378451,49,0,0.8193054178241811,20.692253485928624,11.773609644213487,0.9886289934937078,1,SUSPICIOUS_BEHAVIOR
0.8061064362700221,0,0,13.46643431019964,20.1007834201245,0,0,0.17301421987507878,3,0,0.13662513404846308,0.8031622333978418,518.0072543759604,0.042405570100445794,0,NORMAL
3.7380469008812556,0,0,46.158293618480386,19.791654206713503,0,0,0.1664782083403816,3,0,0.12444657080293925,1.4703036419212427,345.71956095780206,0.05930031420478781,0,NORMAL
49.06467908736872,1,1,2830.140565241007,0.16637613694450282,1,1,0.7020621355017519,40,18,0.6724339702967597,11.17774688498484,50.27715378738398,0.6466489719009492,1,REPLAY_ATTACK
7.738425190992592,0,0,280.08521085133356,6.811768807049659,0,0,0.3676800029082938,18,0,0.31869404635901377,6.524120826953581,112.74866405025668,0.3624303429829535,0,SUSPICIOUS
4.031006398965307,0,0,33.46700504220149,52.13559510802774,0,0,0.11011412690827285,4,0,0.07037662441391575,0.8258518089226797,575.5582095277521,0.15618896379009745,0,NORMAL
22.57827112822518,1,1,433.31894491399055,1.4601613921702463,0,0,0.8398545927453257,16,15,0.6888569348561545,16.89762810026325,55.118282556369685,0.8935510477668369,1,REPLAY_ATTACK
0.3528437370021492,0,0,29.200136485482172,46.19865277330469,0,0,0.10666470957192101,1,0,0.10948336765553966,2.9069620199518305,556.3108281191348,0.11070617707143666,0,NORMAL
37.32232283114742,1,1,2444.903053426831,0.41090249599546125,0,1,0.6861140900308766,18,11,0.5594733659795124,13.766542844322064,24.330398583796658,0.573081546636294,0,REPLAY_ATTACK
46.15353559266505,0,0,6.331676678005518,1.1899495194047676,0,1,0.9488276212558996,43,0,0.8481756502506507,21.310470607631444,2.7321932346199396,0.8433612910488201,1,SUSPICIOUS_BEHAVIOR
9.752465265872004,1,0,130.22705458163168,3.65472830514849,0,0,0.31411908835609126,13,2,0.36650272594245537,5.98369431389954,43.826836835394,0.42982399973546637,0,SUSPICIOUS
1.9194561068660572,0,0,1.1515366093834012,38.91491997101804,0,0,0.13485871474000494,2,0,0.09929547591759512,2.1205229436213897,472.0135270714049,0.11514386106624086,0,NORMAL
46.79705368645293,0,0,18.181003575611353,0.14659976896883972,0,1,0.8373142154494697,17,0,0.9290018908099831,18.441372762748255,13.671394697747,0.7372998763222369,0,SUSPICIOUS_BEHAVIOR
36.75008356712759,1,1,322.52253553083597,0.9123657102293246,1,1,0.6937199856894884,20,9,0.7998856693147194,17.128331192063918,12.195178444584998,0.871070463674455,1,REPLAY_ATTACK
1.9950135193506513,0,0,46.15338887028802,10.605155838805372,0,0,0.11615371672288433,3,0,0.10359341131220123,2.6210443160762775,475.96944947386015,0.180555209552909,0,NORMAL
48.9883794985751,0,0,3.8299990494691603,0.49237142024419955,0,1,0.7099588945196685,22,0,0.966823429286112,19.77172105111638,11.321450837094286,0.9909821073339844,1,SUSPICIOUS_BEHAVIOR
44.89786237097466,1,1,3225.8233714763496,0.16862328886260586,1,1,0.7316042309229602,36,1,0.7506879691798047,9.12093620362422,22.298707410478052,0.5585531620570925,0,REPLAY_ATTACK
4.5269098820963185,0,0,35.12126186380513,59.40179830777959,0,0,0.06419940912817956,2,0,0.022118087613920232,1.448653451483662,131.26033042615413,0.18127084221912926,0,NORMAL
20.872271724975825,0,0,13.754028304371714,0.22243021910385513,0,1,0.8173684663850449,50,0,0.7189206865792392,26.36535136319181,11.677143250831543,0.7519640643558221,1,SUSPICIOUS_BEHAVIOR
2.6136641469099704,0,0,13.22917254421052,38.87966829405788,1,0,0.16879869438840497,1,0,0.00566767598935195,1.172799381595026,494.65046532337044,0.029757656769830578,0,NORMAL
20.237670233774175,0,0,13.896889122270867,1.2326259591733764,1,1,0.9914951813858479,29,0,0.7264540183722559,14.855017426564531,8.500637193259045,0.8012872202980866,1,SUSPICIOUS_BEHAVIOR
0.45603051524345184,0,0,2.494371543023526,47.81068069750884,0,0,0.194980854562047,4,0,0.14211419970896896,1.9733291123693202,304.29546924622684,0.03874778660496212,0,NORMAL
31.943550251531704,0,0,8.016218302697073,1.0345675812680721,0,1,0.969481799347766,55,0,0.9577054463112304,28.529844327345973,11.496449020797519,0.9343173310311549,1,SUSPICIOUS_BEHAVIOR
24.446401634452236,1,1,3094.9895876351893,1.7922166033093154,0,1,0.842585474070226,32,18,0.658215499095095,6.321778167917062,34.802906757667095,0.5492200772665031,1,REPLAY_ATTACK
38.135824019870554,1,1,485.1678791151426,0.12289495230287255,1,0,0.841326978755776,43,18,0.77949122742374,18.692617384337836,49.01855632986511,0.8361645126029914,1,REPLAY_ATTACK
8.724006660353561,0,0,299.2161048706515,8.958498926511385,1,1,0.5252481090485677,10,1,0.32139662537139996,6.6189761508739275,74.67279352196763,0.49563121531089804,1,SUSPICIOUS
1.5068893708207103,0,0,44.01686283368412,21.26906340033829,0,0,0.11389945170371518,2,0,0.03788790100270863,1.4341257409324606,136.05023306932688,0.1730858810165372,0,NORMAL
44.76080833534694,1,1,768.5742795698242,0.4464589311676733,0,0,0.9167585449579198,30,15,0.8378779647182331,13.722737514828182,40.30775665843972,0.7129114460020369,0,REPLAY_ATTACK
5.807792138743436,1,0,194.78787834994918,7.0047166677580215,0,0,0.4045947076835334,9,0,0.3838566084695957,5.146713916853873,75.87991602331613,0.46022123396737025,0,SUSPICIOUS
39.921229856364945,1,1,1576.9004854113898,1.356551836175801,0,1,0.8294304351008064,13,12,0.6056296149183001,5.540616128978012,9.21229750793829,0.6762731068746408,1,REPLAY_ATTACK
38.63486915630702,0,0,28.81802430037564,0.5550721330534225,0,1,0.9494359702736066,32,0,0.8589305402591441,25.92939255791287,10.187268052110845,0.7123791303198803,1,SUSPICIOUS_BEHAVIOR
55.91324318405678,0,0,28.77971713524641,1.003959455243937,0,1,0.770546671002525,54,0,0.9301553843197421,12.727800792857169,3.503667057489108,0.6936370544664288,0,SUSPICIOUS_BEHAVIOR
35.426027070531674,1,1,514.0148521328418,0.6730794004621327,0,1,0.9062987040137237,11,15,0.5261481651909233,5.600619210721886,30.484310154537823,0.8556099119464144,1,REPLAY_ATTACK
4.833274095218348,0,0,1.951570769475115,51.568675719285494,0,0,0.17287325329119466,1,0,0.07256953448741944,2.232923400634615,271.20397209109154,0.08196953462367002,0,NORMAL
4.0773071422741705,0,0,1.0724360840048286,53.89150390760204,0,0,0.017080606032544333,1,0,0.039838139746103986,0.6119209717212172,222.86403471498176,0.1109613516547896,0,NORMAL
2.759534193872428,0,0,49.151331565607414,50.41176050046111,0,0,0.18859655681422716,3,0,0.029565905823547827,0.6292141997778296,530.0860717357034,0.020073499019010788,0,NORMAL
28.020380942035498,0,0,29.90287754959227,0.3204341400657853,1,1,0.7726516369141831,43,0,0.9053207206193916,16.581955179482044,14.269918039477853,0.8599504116926078,1,SUSPICIOUS_BEHAVIOR
10.330305614882555,0,0,75.61102985691375,4.523913651857791,1,0,0.28192849883034177,15,2,0.4461035045142591,7.1126800945673585,59.594974219307126,0.40536332990939716,1,SUSPICIOUS
45.041753477710785,1,1,3393.359103665927,1.55631786971329,1,1,0.9158257252603855,22,6,0.7989300114544784,15.654154270233688,11.390404565560447,0.8444663050820735,1,REPLAY_ATTACK
2.0174143310619854,0,0,12.722690394493599,57.75576036458507,0,0,0.14207030014246644,1,0,0.06807698457103674,0.8315099768670277,518.5200925350648,0.17755070188279728,0,NORMAL
1.1610634757340865,0,0,24.96923989078569,41.120682078299836,0,0,0.03272324082765526,3,0,0.1418510305576207,2.786461088054369,175.52410735109595,0.08707787922560269,0,NORMAL
2.984214244584446,0,0,50.51601400750852,58.512855486302854,0,0,0.11515849422446195,1,0,0.0733824373032136,1.6793907734771858,488.8319658954143,0.017008724261214227,0,NORMAL
0.15714592843367126,0,0,3.470560593803782,55.75450342035216,0,0,0.08981570282697518,4,0,0.034646896579209545,0.8258791992869794,426.2415529037991,0.16899007545452083,0,NORMAL
4.112686214615845,0,0,32.016152803612705,31.957490831687416,0,0,0.06456195868957007,2,0,0.05438748188920156,2.0127540555928767,296.5666469485445,0.010708930178534982,0,NORMAL
24.401461746341777,1,1,2909.825386366618,1.4511413141484817,1,1,0.8312713926650492,21,2,0.5413885490827117,17.522406470128104,14.634555761539705,0.8409130797050985,1,REPLAY_ATTACK
34.46832039951016,1,1,2349.84151770917,0.3390558148827939,0,1,0.8499854068372863,26,19,0.6813246145709161,9.80652824946968,23.65286275703118,0.7928364960890917,0,REPLAY_ATTACK
4.505790052454945,0,0,21.987692092283872,59.049368908134255,0,0,0.19747369446244,2,0,0.011699079961411363,2.2330238555471693,383.44404268486744,0.0014439894007435507,0,NORMAL
4.900162876427386,0,0,23.45435975433088,54.432954013269935,0,0,0.07245869800004097,2,0,0.1463806294175305,1.333104351376819,247.6675510339738,0.19512099371782243,0,NORMAL
2.5156812929004384,0,0,52.02188976734691,41.80480232047711,0,0,0.14663207562735991,0,0,0.07774858845597352,2.2800199029954067,567.6699443237605,0.04582332278227981,0,NORMAL
17.0029242594014,1,1,2381.36088995812,0.8831315508428255,1,1,0.6183929664025488,36,5,0.8682069071388838,17.892207827895838,26.073250165619722,0.7700283391032127,0,REPLAY_ATTACK
3.6543373760182214,0,0,14.350806252955536,11.179748232276456,0,0,0.028773593268665954,2,0,0.09190265170119108,0.5562608185717162,341.12878727142424,0.15284912417047603,0,NORMAL
4.627842564533882,0,0,11.111734072048076,18.083571811848095,0,0,0.19627666684825604,0,0,0.059578032947569325,0.7652301248698802,170.09829987975792,0.0696549230726383,0,NORMAL
35.68666441998408,1,1,1664.9737797625185,0.8476773982478546,1,1,0.8711713689845674,38,16,0.5464608800338686,13.388043269753522,33.15960126070186,0.658687646620314,1,REPLAY_ATTACK
3.861223846483287,0,0,17.778487227359406,47.83757528443175,0,0,0.11056297514366982,4,0,0.02892594134133684,2.1344448073903908,165.54443047083583,0.011633551744184945,0,NORMAL
34.75538489496023,0,0,17.64334711366807,1.3928664529457373,1,1,0.8854271869494971,52,0,0.7343262040468068,14.68158118404559,7.3893968444202605,0.7394270026722916,0,SUSPICIOUS_BEHAVIOR
29.617822547036372,0,0,29.997744804995296,1.4907145012349245,1,1,0.8842025017116812,24,0,0.8900054011866312,10.28162571009757,8.76588037335218,0.9816454234962153,0,SUSPICIOUS_BEHAVIOR
50.61728866979087,0,0,8.760423013222022,1.4062208223825887,1,1,0.9237863853711998,37,0,0.8462233533670871,12.548861111402461,7.533041210519257,0.7920828830885746,1,SUSPICIOUS_BEHAVIOR
3.187149507491033,0,0,32.47778011806423,24.674441160406083,0,0,0.17866089875762456,1,0,0.06238704814462642,2.4260294676716097,464.3537065945009,0.0335243127681169,0,NORMAL
40.157160308969765,0,0,10.466001653855319,0.311656087072156,1,1,0.9359334469583269,55,0,0.9759630183025723,23.800402746305636,5.53420730028793,0.8584281037085832,0,SUSPICIOUS_BEHAVIOR
5.661687217251808,0,0,114.00969577060785,3.417675038569916,0,0,0.4771636606272323,6,2,0.367989244143753,6.935505662679368,104.44351759534894,0.4552341147892046,0,SUSPICIOUS
3.9578952186292424,0,0,18.96936629860503,18.001246823159704,0,0,0.03845158369361839,3,0,0.12889874266057139,1.3988578613000087,313.2534904032781,0.1413581008793629,0,NORMAL
0.20434308133239432,0,0,53.651452479847094,16.691418149984656,0,0,0.14306446210582713,4,0,0.032522141389366245,1.0232194038252995,315.4433945274601,0.03062268915443969,0,NORMAL
7.91272522255737,0,0,287.8789036173988,5.430011266730834,0,0,0.4297735029185433,8,0,0.3668346624461639,7.424015404800979,36.26236051892211,0.21203497348655465,0,SUSPICIOUS
39.96254762551374,1,1,1265.7448829772288,1.9383444142971487,0,1,0.7944657862993587,38,1,0.7422497344689448,10.20568743871827,24.197233684897064,0.8190096595741212,0,REPLAY_ATTACK
17.0248371849682,1,1,2907.407862581644,0.8025209588190145,1,0,0.879431171490066,33,10,0.6445776617300009,18.266969804287513,30.4922187997005,0.6576679802112892,0,REPLAY_ATTACK
2.230028864789779,0,0,16.931224481592007,53.57070170954272,0,0,0.029876327245286417,0,0,0.0160486891761935,2.6033919282629965,499.0433346205227,0.017713634765016018,0,NORMAL
3.885734579637184,0,0,29.830485840505638,23.512384606539165,0,0,0.05794559674764293,1,0,0.007576120624842319,1.1295367550228292,236.25402816630825,0.11757713838595635,0,NORMAL
0.15250124969524714,0,0,23.815396572095764,40.53900355378841,0,0,0.0563650006590944,3,0,0.1253357557635973,0.707596894525466,258.68976799563967,0.11782374719604732,0,NORMAL
0.38489954914396496,0,0,9.233754380391304,59.1760736357611,0,0,0.19325485954963717,1,0,0.025913597742163095,1.1119996825043148,351.78932956732734,0.1876936424731625,0,NORMAL
39.87345328795477,1,1,2556.622844381465,0.7934317900068014,1,1,0.8968651451083023,43,19,0.7575871064569393,5.472619629328989,58.01792154297269,0.5528735721352386,0,REPLAY_ATTACK
0.6967803703641207,0,0,34.799027245687874,39.53189169973189,0,0,0.01572534219795161,0,0,0.1371924681772787,1.4777306103705512,449.45597115776616,0.1552303728211246,0,NORMAL
4.010984903770199,0,0,6.6284467878836795,22.931041744401938,1,1,0.06726467885406671,3,0,0.05103344916768855,2.7301858777340517,122.0925983791586,0.041972935455824235,0,NORMAL
4.846512678095495,0,0,47.86881893151807,16.241040698342417,0,0,0.1532490945520758,1,0,0.03117357621882537,1.9694885126659305,526.2326461348193,0.02179999797259522,0,NORMAL
11.466727531599052,0,0,287.22988134758896,2.0914614133776324,1,1,0.5835618419380821,8,0,0.4096955324523457,6.300013022872998,110.46491514319301,0.3371899393990694,0,SUSPICIOUS
0.9061653308283008,0,0,7.283096365345734,49.1599206649313,0,0,0.08458870874831155,2,0,0.08214241509806207,2.4533905459880008,165.3419643845217,0.01420135604451771,0,NORMAL
43.132453248407565,1,1,2885.904581039668,0.6570153633887388,1,1,0.7625122436915801,36,17,0.7846449611391084,18.994536117351238,47.221407602869675,0.5090067104281295,1,REPLAY_ATTACK
1.689975784257679,0,0,42.147898232646234,28.092654660256933,0,0,0.09704609115307124,0,0,0.0927877723608173,2.324196034118103,590.3589277355426,0.08334981212481063,0,NORMAL
2.3100290182206633,0,0,3.9991224336413977,57.571490518091615,0,0,0.19987006009444006,4,0,0.017633587368140486,2.3507825771098787,246.20363886343057,0.1719457567004465,0,NORMAL
22.38546301455762,1,1,1795.4742955968177,1.8354054646005933,1,1,0.7456044221393812,46,10,0.7061497879838192,8.765567757146165,51.32987010114937,0.5518923010902193,1,REPLAY_ATTACK
4.714548519562596,0,0,40.995525819575754,45.967681118457925,0,0,0.19273703773740983,0,0,0.12179516135862026,1.4087861434231668,341.9334946789148,0.18771711915570105,0,NORMAL
10.136526718213297,0,0,219.96922927144533,2.5946469788286413,0,0,0.337584245433427,10,2,0.34269529533549103,4.394187917888042,109.95885346296865,0.3794581635553681,0,SUSPICIOUS
0.7520844555176409,0,0,55.6220726877784,46.135347884911425,0,0,0.12878159141355294,0,0,0.029068369503503225,2.563271006057456,572.3044501925792,0.04846212127748955,0,NORMAL
10.242579279038356,1,0,84.92970966691452,4.474151030337517,0,0,0.5202771203666925,6,1,0.4832523090516986,6.349713066818831,71.30248718688617,0.21197965677968278,1,SUSPICIOUS
0.8146721354071484,0,0,43.51545962490819,53.68492967331725,0,0,0.10764402037369505,0,0,0.08714528799473886,2.458225231097166,312.8609617600146,0.1667833200922074,0,NORMAL
2.1071227529624896,0,0,44.74402696387393,36.12550905427942,0,0,0.01982922245552479,4,0,0.005013979963983245,2.5149253216773846,210.25972444261717,0.11100370484105822,0,NORMAL
4.702292921764571,0,0,52.117390077336644,49.728913935009516,0,0,0.1958063681583335,3,0,0.10942821329646577,2.268807047445107,310.66921419179164,0.046426782560031236,0,NORMAL
44.02915242344273,1,1,1056.3102060616914,0.1482775529211986,1,1,0.9425929799512611,24,8,0.8348045042012067,17.115954193737927,56.21320707821008,0.8798544814487863,1,REPLAY_ATTACK
53.19831675821274,0,0,0.9958945831640964,0.8893444728052393,0,0,0.9897066749681107,57,0,0.8671832689945032,28.98224107455478,4.529358911595658,0.6169722948994578,1,SUSPICIOUS_BEHAVIOR
0.4564333839306678,0,0,52.09627683079552,32.70008105980574,0,0,0.10521880265030842,3,0,0.09174835134690211,1.766374999771368,278.1199955397326,0.15681235596569576,0,NORMAL
5.536283903714492,1,1,87.42990860084558,3.279526418935429,0,1,0.23414751173062612,6,2,0.31344644556822254,7.6092274977389245,71.22131618843513,0.46558484872907013,0,SUSPICIOUS
5.554839420679106,0,0,268.82531000258507,7.019512061457208,1,0,0.5779502567642176,5,1,0.3672423646926961,4.054389203036761,69.00302538271515,0.2854665916709183,0,SUSPICIOUS
20.86557299780655,0,0,0.5915919661293767,1.4118764869920855,0,1,0.849587338979885,24,0,0.9810140678894494,15.184563901342617,2.7750811702537517,0.7495077019250808,1,SUSPICIOUS_BEHAVIOR
0.07196744314877934,0,0,13.707284479877924,40.18977264746938,0,0,0.01739340405118661,1,0,0.10035802729754219,1.8474521861253015,351.0114968772504,0.11343261758267845,0,NORMAL
56.694479402611066,0,0,29.328461025712596,1.3115822345038213,1,1,0.9186127745426058,19,0,0.7887315704147778,16.49206406891863,1.7859177257374204,0.7634639189820723,1,SUSPICIOUS_BEHAVIOR
0.9226050967818866,0,0,27.91233673702309,49.446623588800364,0,0,0.02037575282791131,1,0,0.015092996583388512,0.7921969014773476,256.99453934536393,0.06472189388681415,0,NORMAL
3.3585034220292838,0,0,15.393767022081825,40.68020571187292,0,0,0.1656371738646906,0,0,0.14109599987791707,2.1165528341438886,531.0168614624458,0.0975196876099122,0,NORMAL
49.36358458239938,1,1,2467.302706001294,0.9699606991276208,0,1,0.9003035041129428,10,19,0.746911075692169,14.31704292533235,33.22023851177766,0.7316067427613526,0,REPLAY_ATTACK
1.6160146601037761,0,0,4.567851569418011,54.512902650890105,0,0,0.07539723345736833,2,0,0.13007282265016828,2.102515143301753,307.23171155886155,0.01077965807875776,0,NORMAL
45.46564141434912,0,0,20.8466125742184,0.17472569184816517,0,0,0.9696120488724379,47,0,0.9271482491364523,28.616153077059675,5.331136139908356,0.6041874293266011,0,SUSPICIOUS_BEHAVIOR
32.62372662953467,1,1,1039.0307871118948,1.6559235157211736,0,1,0.6586456447132522,37,7,0.7046952482811673,15.529529048652172,50.62268007221567,0.5832433515988134,1,REPLAY_ATTACK
1.9408496310326095,0,0,54.741800737001455,10.585330536545204,0,0,0.12064908453680596,3,0,0.12896217085276004,0.6306716689039913,529.895262246981,0.0836893579432456,0,NORMAL
2.2527206765504677,0,0,10.886300861737617,47.671396112848456,0,0,0.10563785235127124,2,0,0.07688643238863174,2.920181257274196,147.98265785393139,0.18101562555889625,0,NORMAL
3.997051994545213,0,0,39.05264214283165,10.190996132929156,0,0,0.13415300508860714,2,0,0.02727126985004246,1.9267079376799465,246.91406300622978,0.016446644302120107,0,NORMAL
0.1827483392404744,0,0,45.3025157247767,21.042639148150446,0,0,0.028775231077956032,1,0,0.11668165583053157,0.5890303756821037,246.0241104096001,0.17640963720153974,0,NORMAL
44.57685192892118,0,0,18.411194455487305,1.0119605021812834,1,1,0.8846217032283312,20,0,0.9568430794210059,28.156688575828746,11.22948318041211,0.6752837505817382,1,SUSPICIOUS_BEHAVIOR
2.0519841349483077,0,0,47.40182617842368,54.51075013180872,0,0,0.19159421329649082,1,0,0.051444977955011725,0.5075521783904031,173.87571455596253,0.050302607935280165,0,NORMAL
1.5965681879520743,0,0,12.350472602206095,44.413711789011856,0,0,0.13755384127314696,4,0,0.08486209598267189,1.9070755930365073,377.69674462588904,0.12450317368254321,0,NORMAL
3.1469931906763127,0,0,49.070052970501294,23.788378412567848,0,0,0.1623254028889707,2,0,0.08173225290440901,1.6031858418751717,413.2543323372735,0.08557390297059825,0,NORMAL
2.615489220850744,0,0,26.13499888877598,49.71053312747027,0,0,0.06081892719425677,3,0,0.07561051196226365,2.618241863838735,471.5043698919269,0.021624670495419208,0,NORMAL
1.6147823647062298,0,0,48.10368498418751,40.853325805890066,0,0,0.07784172372468777,0,0,0.028691605655609558,2.1584065273912323,341.29611268694975,0.09842333141717233,0,NORMAL
0.03476065265595352,0,0,22.36131102073884,54.0963879152322,1,0,0.06865509781288966,1,0,0.14214354877810007,1.1562715106663601,412.53374271709384,0.0607020249756223,0,NORMAL
48.2479912410639,1,1,3288.179968277746,1.4381966524001712,0,1,0.969524507983142,31,4,0.817478073534952,5.481606838134026,58.2993010143415,0.5919985018220987,1,REPLAY_ATTACK
2.9541663028450538,0,0,4.714709829301245,19.804885636919646,0,0,0.14409134829255124,2,0,0.08887244908523946,2.7633045709402246,538.6109105983589,0.07656484159270077,0,NORMAL
36.2833989126154,0,0,9.153275706362464,0.4708700708969481,0,0,0.854720831324311,24,0,0.7960775993538948,22.91943909892862,8.317703911151387,0.6736916521087936,1,SUSPICIOUS_BEHAVIOR
20.161011154158828,0,0,16.522971791164586,0.7154641220124107,1,1,0.895315335093384,59,0,0.9835412905307552,16.33610266331315,13.609511418280242,0.8902924357452284,1,SUSPICIOUS_BEHAVIOR
18.85476100282171,1,1,1005.5008190346688,0.8397290275721225,1,1,0.6440614558318507,42,1,0.6498268550172162,11.158743224430424,59.65188558059366,0.8025636769603981,0,REPLAY_ATTACK
3.8756641168055728,0,0,31.73622804163272,34.23481435650235,0,0,0.16103487947207537,3,0,0.04127853176602135,1.0783717830003763,150.9555266188062,0.11210787048335419,0,NORMAL
35.042193816742,1,1,1968.4128510377634,1.9233429718698507,1,1,0.8264345604272314,11,1,0.7682846024890978,13.211826472220903,40.07694960259807,0.8192609629241794,1,REPLAY_ATTACK
10.311094225441554,0,0,266.5450776839303,5.126002781672746,0,0,0.4936873358115475,6,2,0.40628042867622016,5.167715514019005,31.897259438568327,0.24816734322895107,0,SUSPICIOUS
2.360334725549996,0,0,27.6323698364484,11.946498166283373,0,0,0.0017238005183560557,1,0,0.07505375405765853,1.7449407564684831,138.84146547407997,0.08887876378315396,0,NORMAL
54.64755661062323,0,0,19.884092591272076,0.3741550683972208,1,1,0.7230433082919762,50,0,0.8691325595288922,29.767109794331756,1.7162331987477981,0.6987875391880849,1,SUSPICIOUS_BEHAVIOR
6.040759564182469,0,0,282.71257482889075,4.19192480378072,0,0,0.5665873394664226,17,0,0.2917407747348436,6.563023421273665,51.90172446302388,0.20521662287763018,0,SUSPICIOUS
12.987718291146285,0,0,153.1318248140194,5.784756304794998,0,0,0.4615198037334467,13,2,0.27585013494954835,4.9563842770347275,105.02468028194163,0.2572376796427516,0,SUSPICIOUS
0.1676621736788969,0,0,9.002919881639055,16.713742545113774,0,0,0.17494872993131322,1,0,0.0550754438542534,1.4829260864106604,313.0350632851044,0.12600142708930465,0,NORMAL
1.2267455484066048,0,0,50.38813713813703,26.780522713492136,0,0,0.08129254359041445,1,0,0.015441921705042926,1.496398060360319,593.2934055342862,0.09649029407622352,0,NORMAL
3.2481644952360735,0,0,39.27067285686812,53.6376919783064,0,0,0.04566625047372217,2,0,0.090570461826563,1.0752112296436875,368.46668913092856,0.1472164288674171,0,NORMAL
23.653788145932353,1,1,1175.8394290631913,0.7998806698356328,1,0,0.9648299044100546,30,14,0.8043704070940327,6.166476047866656,57.635903822415834,0.8106329844179476,0,REPLAY_ATTACK
3.629778394351197,0,0,58.40933815064381,33.01791356009632,0,0,0.1477092106793927,2,0,0.12468687076349137,0.7393854966583941,467.9569304813205,0.03523078250057201,0,NORMAL
3.317686860083553,0,0,25.92461297665176,47.71324866735114,0,0,0.028862408737496306,3,0,0.030023131687405023,0.7278433477242681,374.7602891463083,0.16953623959244335,0,NORMAL
5.230854805517701,0,0,298.409469158442,7.342881777917444,0,0,0.3051257098211767,14,2,0.2814381989062973,4.24676155453351,85.14016767655315,0.34149584039851655,0,SUSPICIOUS
24.76628182161859,0,0,21.679491070825694,0.35267621129538573,0,1,0.9713391275656986,43,0,0.952435201992044,10.80121126521166,11.709150457622625,0.9064690357188724,1,SUSPICIOUS_BEHAVIOR
36.51259878359096,1,1,2937.4878978925003,0.321395690232433,1,0,0.7723027393443953,46,7,0.8956742114110361,5.388081588389465,54.952787289230955,0.5389902751604724,0,REPLAY_ATTACK
28.872020604086288,1,1,2245.123893902003,1.0341561385226248,1,1,0.6604686793129302,25,12,0.676216355088975,15.531538696788152,7.291465023647914,0.6856296079247273,1,REPLAY_ATTACK
28.779689802515158,1,1,909.8007797446629,1.209492448588152,0,1,0.8290119494495136,21,12,0.670663216338471,8.757573036904375,37.03504328691669,0.7513428919314273,1,REPLAY_ATTACK
4.526753209780319,0,0,54.54195123993846,37.93211982252127,0,0,0.07419474251843382,2,0,0.1124588620175315,1.2461266528694013,156.52799471077168,0.04848376277744218,0,NORMAL
22.023586573535102,1,1,819.3389604924873,0.41011793530513585,1,1,0.7694487670885078,47,15,0.7752747128673847,9.69535704433741,17.08672432334083,0.6620991964687883,0,REPLAY_ATTACK
4.323611881275266,0,0,32.34967660051527,59.89104278409891,0,0,0.05853101953348157,4,0,0.03510866625262487,1.65614204266287,221.4062001303343,0.1572734771923396,0,NORMAL
4.77432640331597,0,0,58.551915349147876,51.189519211064734,0,0,0.010993261367964413,2,0,0.04240010408117385,2.445929761363728,237.4158115450877,0.19870031207914163,0,NORMAL
10.874151637926667,0,1,61.34259741164868,5.168194770418769,0,0,0.41116393117756966,7,1,0.3474840034520992,7.190745826881785,103.07480261716246,0.3572334623680865,0,SUSPICIOUS
4.387360067635265,0,0,15.488005962067653,31.549261025664812,0,0,0.0018174069902432645,4,0,0.09076068801566155,1.4120452407696422,510.8202081862383,0.02724673030914513,0,NORMAL
29.94555357601093,1,1,1438.3023445917493,1.3838487830274881,0,0,0.9721774966720791,30,13,0.8820257589015628,15.885439796988607,35.640685123283234,0.856729115047113,1,REPLAY_ATTACK
32.74475396349544,1,1,2990.284463259764,1.444284905016512,1,1,0.7476646176920791,10,19,0.5320058431307951,10.571613938485573,25.414652327743433,0.878514221405267,1,REPLAY_ATTACK
39.358536611502444,1,1,1960.1052047348505,0.10304526094516282,1,1,0.6924461219392447,30,18,0.513619752621425,9.554194487405493,30.93621048505994,0.7526179085582176,0,REPLAY_ATTACK
3.395511595722448,0,0,49.564057815151706,35.02005728551006,0,0,0.1470457036203192,2,0,0.09060074966092502,1.603868222199576,210.68631060717712,0.18058020223267424,0,NORMAL
10.921901804292183,0,0,112.00479448929426,9.12251564970921,1,1,0.26786443250268754,12,2,0.24909255239837713,5.61987101342857,63.52202530431059,0.40977282057364217,0,SUSPICIOUS
4.1487090185360085,0,0,42.460856084454946,45.721208203562114,0,0,0.17587861136143912,4,0,0.09935577898691302,0.7525706162281462,567.7339798501125,0.0030732501469446618,0,NORMAL
35.717777574934395,0,0,5.494061147153095,0.4127200129583164,1,0,0.9748561444221663,42,0,0.7034477408900612,24.01818763909378,4.420422487561554,0.9526141192046726,0,SUSPICIOUS_BEHAVIOR
0.9789556739464822,0,0,10.780986532214518,27.158367658632912,0,0,0.15443040552316764,2,0,0.01452280964808279,2.095231814491131,251.47913790235378,0.036866269797638254,0,NORMAL
2.6482528917800323,0,0,18.057814016808976,49.42236716266493,0,0,0.1876362345049445,2,0,0.13927616279156677,0.7920102693348801,262.1114448186946,0.02492284154150424,0,NORMAL
38.78593425610769,0,0,10.189555350508662,1.4225926711555772,1,1,0.7599580891822596,32,0,0.78867032154611,13.415659175642894,4.604285829796272,0.9589946080030336,1,SUSPICIOUS_BEHAVIOR
3.4697422223355003,0,0,2.3055809377395,12.498951432983937,0,0,0.13045622256368924,0,0,0.06261724258446937,2.6839382643993357,206.71435300376174,0.015004417778583634,0,NORMAL
0.4858824688538427,0,0,34.91828411486393,31.729798042935588,0,0,0.175549880972525,1,0,0.09014357924962459,0.5371403062687594,342.87923750167334,0.13076599276553555,0,NORMAL
5.3340300657743445,0,0,191.54881559563643,8.214650955586308,0,0,0.3275193447002205,13,2,0.27415242337835527,4.856138238787153,78.45055413150146,0.22870586219177189,1,SUSPICIOUS
9.08221822588232,0,0,167.41013651190582,7.926474917861953,0,0,0.5029929298960476,18,0,0.4978710472697793,5.335870666762233,107.27846210123677,0.40302100960396603,1,SUSPICIOUS
10.065012010369253,0,0,119.68603427307244,7.174445282792775,0,0,0.2797850747332208,12,0,0.34488600896499966,3.8656271958257786,93.13481105092052,0.4356880412863994,0,SUSPICIOUS
44.63798602851665,1,1,527.1583100047998,1.0905725528549626,0,0,0.7016110770332161,19,6,0.5828986248968233,16.62556139814791,29.913874200498153,0.8312072742163725,1,REPLAY_ATTACK
2.7335513967163982,0,0,52.205932434055796,37.17691086713231,0,0,0.06688850542362082,3,0,0.0029101868427323153,1.7391348022081177,351.28188171660395,0.17260575585005697,0,NORMAL
4.4633585553848745,0,0,12.148833609914245,12.731721000048616,0,0,0.12459080883667635,0,0,0.05501281146389101,1.2237446627992992,532.639462879908,0.05744251422547231,0,NORMAL
3.566747929422762,0,0,45.369799733714764,41.635593937430045,0,0,0.15132930987047977,4,0,0.03160599976123593,1.6252381714771484,468.2727588287751,0.05743045268752574,0,NORMAL
12.935911972023234,0,0,111.7461751397257,8.055958075917244,0,0,0.31693180633705337,9,1,0.36720351941494006,7.243681638769839,34.63993859396262,0.4802466031379019,0,SUSPICIOUS
32.07386975890907,1,1,2800.291457350699,0.7255598636967983,1,1,0.9189316342955743,27,19,0.5312114657142272,17.578492121568217,30.806974580536394,0.7825935952569523,1,REPLAY_ATTACK
2.5583872105783305,0,0,39.89470346923308,10.218163482515454,0,0,0.037318019374633506,4,0,0.04194021489676977,2.101775561818054,120.4348009181233,0.09118923715373227,0,NORMAL
4.037200775820312,0,0,53.32488479213863,50.180176772076756,0,0,0.06360792233890399,1,0,0.06045581368606982,2.6333662440218095,404.9330613342789,0.08900373674507106,0,NORMAL
1.87791476319972,0,0,33.578921009214845,33.62466775032568,0,0,0.03583278365803018,3,0,0.046477067512991986,0.6301145968903286,228.4230782081164,0.1514591144142386,0,NORMAL
3.459475988463466,0,0,27.08322145978053,50.24533884207193,0,0,0.043754341682175936,4,0,0.011780436418919803,2.0443173101544856,510.2056345890898,0.04802532409030398,0,NORMAL
2.5131854655259604,0,0,13.797276353465172,12.407141798917673,0,0,0.08386693608385767,0,0,0.06729488874266012,2.6377735549936,526.1372090664536,0.05830338563023847,0,NORMAL
22.305707823895737,0,0,22.772728841880813,1.1449217447092954,1,1,0.9199095342837695,41,0,0.8483833938770632,27.139763756035467,1.5314590534807793,0.887379330502209,0,SUSPICIOUS_BEHAVIOR
0.4424625102595975,0,0,46.03129733586761,33.11477805003036,0,0,0.08754336498670828,4,0,0.14366499872643337,0.5230022440634486,533.2842342278466,0.18665528247581334,0,NORMAL
0.8660093495500759,0,0,52.09635032450283,14.009000704095172,0,0,0.018265146866711414,0,0,0.06645599649527412,1.302338595798601,316.4143890171119,0.17159038908046728,0,NORMAL
20.466876755683877,1,1,2299.488959541276,0.42414685465437085,0,1,0.7019706264083636,19,8,0.5590708951354303,16.665599152291925,54.25969063864125,0.6097716491091753,1,REPLAY_ATTACK
31.84400661501439,1,1,3557.1288760195653,1.5116762553693162,0,1,0.6462367441565154,30,15,0.689718600996046,7.719371707828849,36.45762972847655,0.6337631715190272,0,REPLAY_ATTACK
2.916958973830602,0,0,38.20018093003244,58.031348775659986,0,0,0.053926001753436564,2,0,0.10873691199366592,1.5072250776251215,474.71619031499705,0.08182875758352447,0,NORMAL
3.216441092211766,0,0,12.639731340339996,31.10171300638195,0,0,0.045452210711932464,1,0,0.0687379972147572,2.213846551406558,202.65324836436207,0.06891238159757507,0,NORMAL
5.253714880423156,1,0,249.5788804086829,9.791524668586057,0,1,0.47014185080346366,17,0,0.48236585862369724,3.5661032496672465,110.38859296957577,0.3445832838178162,1,SUSPICIOUS
13.700551931092829,0,0,194.4911664328244,6.082101169765194,0,0,0.47798698424233865,10,1,0.2956555426809747,4.689269428476519,34.041854685785836,0.30027901243376276,1,SUSPICIOUS
24.629459328276653,1,1,1576.1605799981414,1.6690487402391527,1,1,0.729786196509556,16,11,0.7198969267575641,17.25015924029693,45.557613939675065,0.8342434821833093,0,REPLAY_ATTACK
18.207111323396724,1,1,2604.986672103023,1.822645583830812,1,1,0.9998072525661812,44,11,0.5183626060629543,12.705897881649427,47.26206724430534,0.8384347447089469,0,REPLAY_ATTACK
43.444421435925406,0,0,22.146504004089596,0.42768748960090486,0,1,0.8204353022837115,33,0,0.8829134467725601,21.382610054248826,4.573584271162726,0.784736916930123,0,SUSPICIOUS_BEHAVIOR
2.4625884690943196,0,0,1.8680449730706816,52.61319371955907,0,0,0.08214630869820241,2,0,0.09954370811509494,2.9326133737854025,221.62405366174352,0.01994619446877648,0,NORMAL
2.9753896535012743,0,0,15.557805531946425,51.949866385900535,0,0,0.009972029279832852,0,0,0.13188065063780738,1.272152248091158,453.9075616537959,0.18339574980370055,0,NORMAL
3.114452379095001,0,0,38.1858149726182,15.401287706534568,0,0,0.08567036011376926,0,0,0.03925070499562597,2.502928758238312,185.00104791255745,0.1406063399948263,0,NORMAL
54.63365901679769,0,0,12.842786298748313,0.785355358931816,1,0,0.7092181538951499,32,0,0.8763961934827416,21.030649786611875,11.43852499899781,0.7630588618634787,1,SUSPICIOUS_BEHAVIOR
39.15331263326726,0,0,3.5773473395778357,0.1626813215253331,1,0,0.8642133260499238,51,0,0.7242823402927056,20.339971664252353,3.2349952660108405,0.9580517925971165,0,SUSPICIOUS_BEHAVIOR
54.31203749130363,0,0,8.100074433635859,0.6480104283119978,1,1,0.8866178527846325,15,0,0.7770457497416957,12.65593429981142,1.0001301436581864,0.9588533196984261,1,SUSPICIOUS_BEHAVIOR
27.231038193629075,0,0,29.494868697342252,1.4954169614808264,1,0,0.9908200337698561,52,0,0.9300311635423996,29.56496703745234,1.9606840452637526,0.8400878162711026,0,SUSPICIOUS_BEHAVIOR
10.69335201776094,0,0,265.5118384118681,2.846231255152536,0,0,0.5777951519380975,11,2,0.47285766780869887,4.444147149598043,82.06259259016971,0.28196105181506975,1,SUSPICIOUS
7.998857400558049,1,0,232.37711879550824,2.5814572467264876,1,0,0.29087650127288645,14,1,0.22426092374963183,3.7640290465914163,46.45988858068974,0.4305231629342103,0,SUSPICIOUS
37.08707660313598,1,1,3204.1870220024766,0.7406222453851996,1,1,0.997448885985613,10,13,0.6533315101571936,9.083479130285959,42.09384098285089,0.7497321559724265,1,REPLAY_ATTACK
32.560362637416404,1,1,630.4082057755722,1.7554642681228871,1,1,0.9842715351832234,28,12,0.5735584090100055,16.97734043912301,58.926776307085795,0.6964914008458031,1,REPLAY_ATTACK
0.11234654160058699,0,0,5.57943838938793,55.097009837457506,0,0,0.14351227652970716,2,0,0.02116891774489828,2.358332283914142,479.11766353377413,0.17047306985240873,0,NORMAL
1.2938999080000846,0,0,53.15866489417123,53.00698466747175,0,0,0.12467591319198142,1,0,0.03401379261007739,1.258048866796478,561.6546303948618,0.129190306222409,0,NORMAL
21.893999093073578,0,0,15.449472110874176,0.8628225980000293,1,1,0.9002284018020967,30,0,0.7151667128612169,24.903984680550554,1.4159162748545366,0.9926014757212879,0,SUSPICIOUS_BEHAVIOR
43.83709597396212,1,1,2094.8863927248663,0.4152195841713099,0,1,0.8355349877367325,32,17,0.7683339601985082,15.499585548102882,23.18084504969571,0.8541849587015348,1,REPLAY_ATTACK
44.386180573224095,1,1,1644.8371961594346,1.768106293109615,1,1,0.7343075596847163,35,5,0.6532463457987331,9.234546800170996,48.54684137652113,0.7901084812644097,0,REPLAY_ATTACK
3.9182650637057153,0,0,10.080852464691805,55.30555010662486,0,0,0.01305535151329278,3,0,0.06041783010697424,1.067092755813738,316.5350100611084,0.10261388457268761,0,NORMAL
4.502090285816652,0,0,20.752983417177404,43.5366155952917,1,0,0.15306325990507727,0,0,0.05184302533511843,2.771093869680662,171.80378638319706,0.07949759848452556,0,NORMAL
12.023961425404268,0,0,145.6311013571843,2.621183322826326,0,1,0.2129925288143579,17,1,0.25680012604912117,4.327366124988245,99.83765178748993,0.3607807979387214,0,SUSPICIOUS
36.048593108453154,0,0,6.301587605379156,0.41089124435794877,1,1,0.8571566821128468,32,0,0.7489419628683649,11.796387069221465,11.74084737537958,0.967845397101292,0,SUSPICIOUS_BEHAVIOR
4.736242886919293,0,0,10.628987366843155,25.116662467574688,0,1,0.03981868398718513,3,0,0.13715106639997252,2.946264917331725,424.0969409357617,0.050582361111257426,0,NORMAL
1.2621847217201037,0,0,27.02225617549111,29.382440272782354,0,0,0.018270648544711166,4,0,0.1345119824861617,1.1168685516684522,262.2470769026787,0.07263783921816984,0,NORMAL
36.52552004284789,1,1,304.5075553877812,0.9673259776545384,1,1,0.8049624573840598,43,4,0.5913840180396565,9.068558470342037,56.54572099152595,0.5951201045556118,1,REPLAY_ATTACK
9.705446849512228,0,0,294.63176077211335,4.051346956603365,0,0,0.4234725775748935,15,0,0.37502463057803725,7.36436642883563,45.25200379995955,0.25956572106112785,1,SUSPICIOUS
48.24873694929611,1,1,1850.1814194881556,1.4101998535935172,0,1,0.6790175554126234,27,11,0.7518641264511339,11.885947531331256,59.05692857191341,0.6517987332454456,0,REPLAY_ATTACK
39.58308090371143,1,1,421.6110083951124,0.23567191966100118,0,1,0.956156853986733,22,4,0.6298240777900035,18.24248951509054,23.337139271077735,0.8515488753426461,0,REPLAY_ATTACK
0.5056133806139512,0,0,40.01185545276626,24.420271890937286,0,0,0.012818942207235097,0,0,0.0651073302717271,0.8816454113519594,451.18289142065396,0.054914463110204315,0,NORMAL
4.9344346830025865,0,0,17.234339499244903,26.51075324357488,0,0,0.002400605454536509,4,0,0.06520172224747053,1.8589889372782302,174.0019839542839,0.01778590455100477,0,NORMAL
35.80162142725994,0,0,19.229139723664126,1.1994125334117425,1,1,0.831930551166443,18,0,0.9795042986862899,28.189421385303646,7.43783725707147,0.7652226492854013,1,SUSPICIOUS_BEHAVIOR
2.4774565810309923,0,0,4.83609082542748,58.35176376280731,0,0,0.002802903505211396,0,0,0.03289806018170731,0.6444704925496604,368.35261911598377,0.06778724398740525,0,NORMAL
28.021011127958094,1,1,342.1532430133849,1.7770766770712263,0,1,0.6356971464715334,22,11,0.5102017344526002,15.116450528518197,51.574712907958705,0.511623616762385,0,REPLAY_ATTACK
3.974056517708242,0,0,53.645952220748065,47.15965993658017,0,0,0.13294784098216925,3,0,0.039745059233316456,1.1784534876989614,171.57754389210555,0.17872972981809618,0,NORMAL
45.23472140396942,1,1,2043.467819142648,0.17072310166985089,1,1,0.9192614060708124,39,7,0.5737955742085089,13.924931631724585,55.609882523124824,0.622147537690147,0,REPLAY_ATTACK
19.144724290639385,1,1,3389.086228511997,0.5057578088417959,0,1,0.9071086280773889,14,17,0.5644861195038773,15.741372571110766,57.232702091324136,0.6349362040080393,0,REPLAY_ATTACK
8.568886622804012,0,0,60.037858698733615,5.30733260139127,0,0,0.4807449707296863,9,1,0.2816742609111414,3.129911468628902,59.21207932487513,0.35967045430300937,0,SUSPICIOUS
13.518368088189332,0,0,90.49350368584184,5.583130758755705,1,0,0.45279653765258754,10,0,0.20641665400252396,7.594896627501993,69.00427633034468,0.3215677348788002,1,SUSPICIOUS
16.965265890858127,1,1,584.9110758502885,1.0050925393394257,0,1,0.8649949584141834,27,12,0.6270974019048328,5.114584919386597,54.19025281278525,0.5265195921540783,1,REPLAY_ATTACK
44.887905851205325,0,0,1.137508322209,1.3423704635565488,0,0,0.7343943409066529,24,0,0.902616377273669,24.5311981637905,1.9308152422082077,0.8392471514142142,1,SUSPICIOUS_BEHAVIOR
0.8855533970352447,0,0,11.131530942187268,21.975508495476905,0,0,0.07365002147902662,1,0,0.057458820963150525,0.7518821098989408,134.40970834432142,0.1238702611872598,0,NORMAL
0.5394571349665223,0,0,21.007515550003806,29.798523633122745,0,0,0.007984506512750246,0,0,0.007852076764696963,2.98023046757205,420.8562321848854,0.07829594606680315,0,NORMAL
0.7149584102641793,0,0,27.284391338031547,40.14714382397308,0,0,0.12146488335861319,1,0,0.09197555411146756,2.2568457482239674,129.06282171659262,0.15461802832342242,0,NORMAL
4.383268013291725,0,0,13.684786316935948,13.61582376289693,0,0,0.16699475713659248,2,0,0.1056740454617527,2.531732608439456,369.63968794396027,0.17602627068672835,0,NORMAL
1.3929516951597931,0,0,19.402293726931244,12.71660174114519,0,0,0.0631336962328132,1,0,0.14560020416908057,1.1037655671401532,376.70446892120066,0.11811793154771699,0,NORMAL
46.205450901625895,1,1,2934.5555714150123,0.21113361777168138,0,0,0.9382395567574647,25,18,0.6850179091701466,16.411638700078246,52.55705782216147,0.7724149821222273,1,REPLAY_ATTACK
4.751186769104012,0,0,3.423283269075259,24.502276598121846,0,0,0.09705812681234308,2,0,0.0172951635508574,2.216626058385093,388.7439194769522,0.1972633684544026,0,NORMAL
5.154824591375153,0,0,117.29152414441526,4.170148691865414,0,0,0.280991425656552,14,0,0.41273715224456875,6.738826385700161,103.30571713174784,0.30363391574165405,1,SUSPICIOUS
0.22609335053094703,0,0,11.746679141012766,41.32962555466051,0,0,0.021242765517691244,0,0,0.036899961046019274,0.8273281303169437,220.6372426136162,0.11056835919695365,0,NORMAL
46.34122452156407,1,1,914.5662757219058,1.188042800308789,0,1,0.9491551399841263,42,2,0.7692484552391015,13.118779441408162,5.422208494225156,0.5701546016349381,0,REPLAY_ATTACK
1.1396758127097084,0,0,39.3145188383413,59.20551595182489,0,0,0.18256016008157236,1,0,0.04808448365413868,2.554503648135501,308.98520143345803,0.1646452718492999,0,NORMAL
30.797679632033113,1,1,2521.3646305607203,0.5236733330070211,0,1,0.7130173740384046,24,2,0.6074304723206108,11.619141048078296,56.49509187182061,0.8011051364543809,1,REPLAY_ATTACK
3.299920230170895,0,0,56.23370923418707,56.91524092242413,0,0,0.18826687855738033,2,0,0.03610688784952601,1.0710646307710503,217.78434877327996,0.06502658568005289,0,NORMAL
1.0791051374842158,0,0,6.274070420064016,11.836068125041058,0,0,0.1211793630358966,1,0,0.09201027697832566,0.6185390903502124,463.75897832525334,0.06755119742644582,0,NORMAL
12.535039011073081,0,0,72.52441387122266,9.817932520003591,0,1,0.49222650817336194,8,2,0.33617988852289715,5.789743707172402,76.963413124493,0.3488089682760633,0,SUSPICIOUS
2.7134804157912424,0,0,44.254938095333486,49.31390996920165,0,0,0.007342588696613328,1,0,0.012437187209172173,0.5799861503608118,184.30793603989497,0.10336735354689984,0,NORMAL
46.60684328384544,1,1,2879.3131624608222,1.3273632885719597,1,1,0.6740091107951036,13,6,0.8678766935234727,18.244636023797142,26.253422291556603,0.8828086439197771,0,REPLAY_ATTACK
46.17775680916133,1,1,311.52280338980177,1.754595118147757,1,1,0.9189198632727975,22,10,0.7337409610499546,13.983170577325495,48.04433837666091,0.565529594508273,1,REPLAY_ATTACK
8.907174422546241,0,0,296.8592914123709,4.9204102203344435,1,0,0.3614932016419721,7,2,0.442297880472434,3.07823658971033,63.44272568212815,0.2830009826537246,0,SUSPICIOUS
43.27774566023132,0,0,4.624681488760244,0.633645001351252,0,1,0.9497434000095727,46,0,0.8878768243396894,11.289807277900854,4.132954105629753,0.989187217977081,1,SUSPICIOUS_BEHAVIOR
57.24899036715592,0,0,1.328862929909772,1.2181493482706849,0,0,0.9387497976851324,46,0,0.7013081510024556,25.524501057440453,11.831376799110696,0.6079194920472629,1,SUSPICIOUS_BEHAVIOR
13.68628170510361,0,0,133.79092152804625,8.755244898336526,0,1,0.20733946466945305,7,1,0.481767240851362,3.6143778994707634,80.85159920154996,0.3353616224637189,1,SUSPICIOUS
2.207652506866885,0,0,0.29639885606457694,15.80694801002628,0,0,0.19666815368284532,4,0,0.006910375451320138,2.4923687600391147,565.4084165937703,0.17210229731748902,0,NORMAL
4.049372229273175,0,0,12.962290950575976,23.279141647930302,0,0,0.020695012729316932,0,0,0.016928721706914333,2.2200762973799533,455.1434176773469,0.08849826273360749,0,NORMAL
39.0826699826909,0,0,8.742067988647346,1.494738938063829,1,0,0.8582577771023796,37,0,0.7445880653309226,13.90078969466099,11.797601078850253,0.8015280394882831,0,SUSPICIOUS_BEHAVIOR
4.24611705247089,0,0,16.39557161989256,15.62901952059685,0,0,0.011691597447375402,1,0,0.07400123820785708,1.5152053313994274,303.339849141729,0.030429577383903308,0,NORMAL
36.73022213024191,0,0,22.328428178824925,0.29894974376561534,1,1,0.8908908015457166,48,0,0.8654808597952282,11.871706821415192,7.78155682096288,0.6430185047818889,0,SUSPICIOUS_BEHAVIOR
7.554282810460905,0,0,174.05459208041765,6.351149571941129,1,0,0.33539220414719106,9,1,0.27050863613544013,6.821996012812871,67.80564026215023,0.46101439898191754,0,SUSPICIOUS
53.52703682742954,0,0,26.46843285136149,1.337462540944152,1,1,0.9175931726622102,16,0,0.9089819162082435,10.806719750655043,7.582969696299346,0.8255628883224004,0,SUSPICIOUS_BEHAVIOR
3.259806297513003,0,0,9.817429271500151,10.900327780022725,0,0,0.0652441013961863,1,0,0.053460710377449705,1.6408148095559965,138.65937456801086,0.020161439427817052,0,NORMAL
37.21874611354437,1,1,568.9864189120124,0.9548827562308059,0,1,0.8870187073153335,36,16,0.7626812891732747,10.468332332315875,15.050631330170058,0.6469241792501853,0,REPLAY_ATTACK
3.0910903165813055,0,0,29.33079481541521,59.20065816052321,0,0,0.1353744551655153,0,0,0.09928523647078928,2.0727939465856666,358.18535015516375,0.16628332438606225,0,NORMAL
47.67970088226977,0,0,11.184299676096165,0.5564328331891788,1,0,0.7229705925460348,17,0,0.9965250474520903,14.066119420058794,9.233450846439426,0.7997986821872161,1,SUSPICIOUS_BEHAVIOR
31.91829715833436,0,0,24.527836408546385,1.0639170637733883,0,1,0.7531667149919409,37,0,0.9668218351304694,12.389628567461576,8.865849246068835,0.9926662599719622,1,SUSPICIOUS_BEHAVIOR
46.91944686376931,1,1,735.967624500101,1.3873739289722646,0,0,0.6631976922586672,19,7,0.7828069735177965,19.296234683335747,47.30875990858158,0.865529211518105,0,REPLAY_ATTACK
26.28465568604262,1,1,2828.5644852722653,0.7202191821941525,1,1,0.9692529277362291,14,4,0.8751916485254665,15.81992634634552,34.21724211350596,0.6373267179524419,1,REPLAY_ATTACK
21.161596088368775,0,0,26.947772510244732,1.219847825976344,1,1,0.8638273975889177,21,0,0.9836968496146252,20.798217314700125,14.137781236226624,0.6796409161592694,0,SUSPICIOUS_BEHAVIOR
1.3670353596535312,0,0,18.437397895577195,57.87240095190481,0,0,0.01628944257823184,1,0,0.07777394624133606,1.57951275196478,463.9086060682401,0.13879842167785514,0,NORMAL
16.705171003051177,1,1,1423.8173477490013,1.7151972728635172,1,0,0.7560188260655379,49,14,0.542415392339525,5.719606791158112,36.94635819780336,0.5977986856236257,0,REPLAY_ATTACK
2.7436689468329307,0,0,25.570878134158377,47.6980951798392,0,0,0.18953723541285594,4,0,0.03620245557562498,1.683032967210997,169.81186014467553,0.0013915174606582426,0,NORMAL
0.15591567530642336,0,0,17.923534415326383,29.217751926206745,0,0,0.057830066890830194,1,0,0.06832525428288304,0.8577034885432848,295.3172167753785,0.19180879937428155,0,NORMAL
0.42673732496884,0,0,42.388543589214066,26.94303246693758,0,0,0.005421330467246622,2,0,0.01004866415937714,2.0109517977070204,259.82099865864257,0.04452072730824755,0,NORMAL
30.756643909216507,1,1,3142.945455418273,0.2968184438008554,0,0,0.947096423468678,37,1,0.7051049987595702,10.046713804894866,6.973992034174067,0.7359981165448328,0,REPLAY_ATTACK
2.2610897044490357,0,0,17.569322202057883,11.458488182263224,0,0,0.1069598932562385,1,0,0.006577027874494484,2.5224443740342717,215.48007059386785,0.191887919148233,0,NORMAL
22.02405548487219,0,0,23.025200861860924,0.4306407754760282,1,1,0.8840278784563695,41,0,0.7013059574482793,13.271314946725743,1.7697462587203376,0.6273641939919317,1,SUSPICIOUS_BEHAVIOR
4.087217808692205,0,0,57.484408807162815,58.653908148616644,0,0,0.08937483904008779,4,0,0.03556055867612671,2.160314348208376,243.72250350149264,0.18803521266021134,0,NORMAL
3.2880644615017167,0,0,57.05181373502462,45.184298873039786,0,0,0.05998587949461325,2,0,0.00601036295224,2.5655434394380503,390.8645110415185,0.18244592439992002,0,NORMAL
7.571771360244273,0,0,226.0364606700122,4.342684979682083,1,0,0.33189244285848496,6,0,0.3724267071966213,7.236047437866943,68.53152456391275,0.4508338414783063,1,SUSPICIOUS
0.1215798321572692,0,0,28.39259440149343,19.266508976435723,1,0,0.1322685357889449,2,0,0.02259164296027787,2.2626582105134476,243.27915579218813,0.111626831625643,0,NORMAL
3.44201198213868,0,0,43.67635841842591,12.583436082898055,0,0,0.11337168665881894,3,0,0.06433311470253159,0.8516333480841669,127.18137516302434,0.16386675045977223,0,NORMAL
48.19137173790907,0,0,14.734156070874807,1.4275423500114561,0,1,0.8517296327004416,41,0,0.8128545371457855,14.48756667860371,2.406013792832431,0.8652115521774644,1,SUSPICIOUS_BEHAVIOR
4.282449205941611,0,0,34.7205245143436,55.66434737881184,0,0,0.19908430258509124,4,0,0.0692709722343028,1.4623968065938928,410.37600631089805,0.046358055523315934,0,NORMAL
2.6630863322751157,0,0,23.95895494855849,58.30237525643386,0,0,0.11755968987433696,4,0,0.02013036394895254,2.135057694146901,234.00773788514886,0.17059679380602732,0,NORMAL
26.358603760905225,0,0,6.997629654676453,0.6060838019513467,0,0,0.9912952173630611,19,0,0.7023012397869366,26.31242061550982,13.78516719388083,0.8430885617047876,0,SUSPICIOUS_BEHAVIOR
21.159709799959195,0,0,2.7973475766407505,0.1357663615702458,1,1,0.7730369073315992,19,0,0.9921771636661584,25.99114754398372,4.875295159626153,0.8575870397014089,0,SUSPICIOUS_BEHAVIOR
3.5729796135003116,0,0,9.5726808067913,45.70163222334282,0,0,0.05580165806955933,4,0,0.04172154606733662,2.834038444587735,408.5196793887435,0.16935660543376585,0,NORMAL
58.367739458340864,0,0,21.932276452036454,0.7176083550655226,1,0,0.8789139498107097,44,0,0.9646323271564758,17.05233199452275,12.932323618436063,0.970417107170419,1,SUSPICIOUS_BEHAVIOR
14.37525986759583,0,0,252.74979988296926,2.3039826984379372,0,0,0.5267873801899505,17,1,0.4367221948645081,4.224053700304504,51.64608381649832,0.4082059837473696,0,SUSPICIOUS
1.0616955533913808,0,0,2.365608682110354,16.96226855587976,0,0,0.12706466934166422,1,0,0.10646775753359587,1.917015262526165,284.28748453907815,0.07060095019436725,0,NORMAL
4.949801161949726,0,0,6.339881055704635,50.35777686824413,0,0,0.0531371129732527,0,0,0.14932254160998298,2.1291994871960673,375.5089264223571,0.11121146703829231,0,NORMAL
3.849967765493054,0,0,10.048954935544185,20.95344045509289,0,0,0.09354412319423018,2,0,0.1438536263959449,1.472128741185291,275.6705586602787,0.19628314436673278,0,NORMAL
14.321617192136323,0,0,222.73449042904204,8.113763870738468,1,0,0.49114234722005873,6,0,0.425547916527876,6.395345494884843,114.51731743983181,0.3834594783844322,0,SUSPICIOUS
0.6374433116599121,0,0,53.52508133641406,50.34827454419968,0,0,0.05143047022181917,3,0,0.13749646540408741,1.3612647334851582,144.40990504019513,0.02547440720667218,0,NORMAL
4.849394133538195,0,0,44.30695255507959,58.201442358275685,0,1,0.06256683950484401,4,0,0.014183451716158235,1.5561144750771978,379.7702668113717,0.1660365933235388,0,NORMAL
23.130807173376354,1,1,306.0388255939553,1.4056955536502063,0,1,0.7078803060982735,46,1,0.5079548071817728,6.888468296107453,7.947939056087814,0.7583760683045377,1,REPLAY_ATTACK
3.531211135782481,0,0,12.111207127376902,37.07038036737926,0,1,0.006070761106600853,0,0,0.04267679396136662,1.3323756174059334,356.41048992984406,0.05334068612744285,0,NORMAL
1.0467466166835515,0,0,3.608540556047113,54.593607240536734,0,0,0.18222410027839153,0,0,0.04644477150042687,2.964646101027344,525.2206011725914,0.16773143089849143,0,NORMAL
17.964297405534403,1,1,1400.2849952006472,0.5577286888383645,0,1,0.7936212476608828,27,5,0.8199882239533726,16.651526127644672,29.364873321495036,0.5631103991169781,1,REPLAY_ATTACK
25.344012390458865,1,1,685.9200559271654,0.6985394311079125,1,1,0.8859387100840681,44,13,0.8052071950490556,7.228491797538689,40.32219216957454,0.7821165569999178,1,REPLAY_ATTACK
14.24147949136699,1,0,82.42364804219983,4.669718787806343,0,0,0.5541755057449222,10,0,0.45564186915634275,6.595859614210626,77.4020423033716,0.2907511881054235,0,SUSPICIOUS
41.457215871579685,0,0,22.843427463813633,1.1594917297699523,0,1,0.7972463208886519,56,0,0.8475322191545867,22.173446911996272,4.744235801535764,0.7216339314046992,1,SUSPICIOUS_BEHAVIOR
4.7305773106681634,0,0,43.55879459911773,27.65251958001512,0,0,0.11768624809069046,2,0,0.08668156221613636,1.3137583453153385,398.3845536975086,0.15436109369564693,0,NORMAL
10.009693018588683,0,0,188.0011475742173,4.222112395818041,0,0,0.37775294492042594,11,0,0.4051192080531617,3.1812615875739745,107.82099773270853,0.3084770799260929,1,SUSPICIOUS
22.12437096621148,1,1,1817.1138332799771,0.28451634827595196,1,0,0.9786228081546298,11,18,0.6583534262355397,15.855445962029936,41.53991200618459,0.8752066906357081,1,REPLAY_ATTACK
50.60760811924119,0,0,25.107103359499646,0.7154992487347851,0,1,0.8179531094762801,15,0,0.7107785395167571,12.00628981139227,10.367689569934653,0.990120471959981,1,SUSPICIOUS_BEHAVIOR
4.369450387812576,0,0,19.691565216558693,28.464038510777055,0,0,0.13605013766607482,3,0,0.03708091106083152,2.8945882611212577,226.39071101642838,0.030815146494616696,0,NORMAL
35.007055932524096,0,0,27.332553947221456,1.3263074956234546,1,1,0.7743208492105347,39,0,0.8710113366356047,19.20039535509499,2.453408783714882,0.8689919798330026,1,SUSPICIOUS_BEHAVIOR
0.8668679764737741,0,0,22.837397608594806,42.24163020111569,0,0,0.1701705514644191,3,0,0.10011232958007465,0.713001193899155,589.8508872855526,0.05892978061250009,0,NORMAL
41.42033555857991,0,0,22.070925159187613,0.5691739733747146,1,1,0.7431597228420531,47,0,0.8849140078446502,21.06796390573506,1.4027914396723413,0.6274027222364024,1,SUSPICIOUS_BEHAVIOR
39.943679761321775,1,1,2785.4724567737626,0.5307897825831416,1,0,0.6796177698877426,12,14,0.8139832093018321,17.943809368523517,48.71686253459526,0.7852307581515792,0,REPLAY_ATTACK
35.39160380117886,1,1,2000.5439084414695,1.9240349942491255,1,0,0.6861507686820303,28,18,0.5356884844752742,16.300103311216535,30.172632398307726,0.6942531180087222,1,REPLAY_ATTACK
1.9460083936708155,0,0,50.650226938151825,28.229686409877,0,0,0.1933244441792215,0,0,0.040081484322911115,0.5395951773621855,150.87322713292008,0.02373114063925046,0,NORMAL
25.34718947838942,1,1,2018.5277410586064,1.3608186800958828,1,1,0.7721752026045923,40,1,0.6182843080895396,17.4164324547745,5.125049078281934,0.8269802244176458,1,REPLAY_ATTACK
2.044764722071349,0,0,31.584159656166793,23.736576275975978,0,0,0.05573886318570516,2,0,0.0801054169806985,0.7948466871855837,435.5732770451831,0.17813333517838145,0,NORMAL
12.575098228185059,0,0,88.19089747113216,4.633093644448643,0,0,0.5870588370931235,18,0,0.4859764567162503,6.090214060408778,45.33898816919964,0.3755299695634958,0,SUSPICIOUS
1.2464611457443748,0,0,10.433714953169238,25.838083853376332,0,0,0.021324723787319578,0,0,0.14667805402526726,1.532277973973033,492.9342664284102,0.18163791913930058,0,NORMAL
37.256399100971386,1,1,2383.870971063475,1.8055173173200105,1,1,0.7308972516000194,30,18,0.5013857636390125,7.075863173110079,15.880484428257041,0.8884595515073257,0,REPLAY_ATTACK
4.480456499617466,0,0,57.3390898937852,35.260338678831914,0,0,0.18492835822572734,4,0,0.0973730947246309,2.6587286261570457,198.8087827470522,0.19990103794170333,0,NORMAL
4.438520913791499,0,0,57.10870712539434,57.79594144776596,0,0,0.04832025528715261,2,0,0.08158168817416762,1.9760652577697284,337.96636482121755,0.09475203074774406,0,NORMAL
5.430139643800553,0,0,131.4903195654704,6.912348855780508,0,1,0.5875437341871154,12,0,0.22847960286968544,3.9484818242506416,118.81296136188801,0.43609702501544756,0,SUSPICIOUS
0.8871977188986141,0,0,7.85241964310099,40.05370834001165,0,0,0.1933937029236631,4,0,0.026461786564182927,1.018206306374339,508.69849377029027,0.17772853387259102,0,NORMAL
2.9511533343454355,0,0,8.121244936661132,29.82768409949816,0,0,0.09979358884415862,2,0,0.03952101685407723,1.691551140776351,566.5685650238726,0.019390278525342943,0,NORMAL
28.667369759560106,0,0,13.95521089969915,1.2708338250219404,0,1,0.8952905715722409,59,0,0.7382806924945424,29.47296732287246,8.669036688886099,0.9241539175802537,1,SUSPICIOUS_BEHAVIOR
1.2589952945347638,0,0,27.68864787748405,59.05962645820579,0,0,0.11920871909552944,3,0,0.07827934429982682,1.7826930459201247,290.6985596436315,0.16053516250525737,0,NORMAL
4.357302950938589,0,0,34.80517247026867,17.605214161113643,0,0,0.12615408403452413,3,0,0.007269634871373348,2.280179980619826,138.3373362035477,0.17398118677806418,0,NORMAL
3.8563517334297286,0,0,23.0595988295809,21.939810569076965,0,0,0.12283724886380228,4,0,0.04825295530519641,1.8740557527650874,136.40428273972196,0.07309029693065472,0,NORMAL
4.983184185369527,0,0,42.969040453391614,24.730969817309656,0,0,0.13832868039466364,2,0,0.09813536699179769,1.6565481798343238,269.0884662697582,0.07009404046358558,0,NORMAL
3.14471423389942,0,0,58.16473934011725,55.83176179206036,0,0,0.05216984919241779,0,0,0.0752903371171291,1.8004005575609892,577.8819858464267,0.03411207560130369,0,NORMAL
9.802669256656275,0,0,179.810760847984,6.7103562334418365,0,1,0.24252232852518057,10,1,0.2236346213011743,6.26715962087181,41.618671487367,0.2655314734966041,0,SUSPICIOUS
42.79013087217124,1,1,2772.7631662246745,1.0109814947102231,1,1,0.7427420612551827,28,19,0.7936589358641888,8.95789828335445,36.84911885827951,0.7963142251554794,1,REPLAY_ATTACK
48.005414837260815,1,1,1855.1586959097203,0.7259088046590295,1,1,0.8005626230837771,22,12,0.7387541471444059,11.375698907039686,10.384957616472404,0.7402578804280872,1,REPLAY_ATTACK
2.6015385045189667,0,0,2.60475197128915,30.35532445628138,0,0,0.05149584329849386,3,0,0.025266082669787287,0.9932849264401498,157.5562073184109,0.08710100549065186,0,NORMAL
35.84421137012223,1,1,2878.733898591229,1.3493013659245023,0,1,0.8806013830749961,11,8,0.7013802776008142,12.565134948624053,19.547742240397262,0.6415855427768896,0,REPLAY_ATTACK
1.2120486620754012,0,0,8.782439529734948,33.204757972675196,0,0,0.11873692398174665,4,0,0.10031298816747206,1.290262219852239,223.07286005835036,0.0070129898037437416,0,NORMAL
43.88602817932589,0,0,10.96926488112634,0.38050442560483033,0,1,0.7440615627499622,52,0,0.7002571872064648,21.889536821168793,11.397848134137542,0.7546170652696325,1,SUSPICIOUS_BEHAVIOR
37.9954254910637,1,1,1111.5577619542266,1.752487636706443,1,1,0.9843504540479734,30,8,0.7090355484114964,8.304853660438308,57.623525510769454,0.6516527803806162,1,REPLAY_ATTACK
3.976336559299451,0,0,59.801811231178604,21.411768174684955,0,0,0.019522007621798322,3,0,0.07502969032841779,2.4683721210242675,525.460400196414,0.010826881680464152,0,NORMAL
1.2123525181736483,0,0,9.144960799825046,48.05188951253915,0,0,0.16806963551770163,4,0,0.09671350898851393,1.5405425775807862,302.3522507148979,0.19457132094206858,0,NORMAL
28.5373804209052,1,1,2983.141947801882,0.18302947583753504,1,1,0.9525295839213151,26,14,0.8841726317262326,16.06526656000659,53.85092140021849,0.8818172139088056,1,REPLAY_ATTACK
7.159382040201351,0,0,174.43085373609196,8.984284812209093,0,1,0.547047546475653,10,1,0.37719656798259227,7.816013204857083,103.54145539531304,0.27710186966672967,0,SUSPICIOUS
1.4660538584903227,0,0,2.360612440110579,29.210335649290013,0,0,0.07069463841214411,2,0,0.019734795995903193,0.7440469013378723,375.41662678021567,0.19300632458198377,0,NORMAL
15.036026044787834,1,1,1673.2613895280085,0.1293754719387591,0,1,0.6281976371410272,18,4,0.8516962670066042,5.722543147046466,38.916851839596056,0.6751874024594877,0,REPLAY_ATTACK
23.196604373864268,0,0,1.6617219006281758,0.1884348232642435,0,1,0.827271173588582,49,0,0.7404267734220054,23.459646145472963,7.517206151804215,0.8421859440889155,1,SUSPICIOUS_BEHAVIOR
1.032106358803016,0,0,47.316897880344385,47.95026412609655,0,0,0.19312196627617684,1,0,0.023742457604906047,2.0242704888418994,285.68632238190264,0.08528876114286064,0,NORMAL
4.6836499436836725,0,0,45.661674150121684,44.70752867549155,0,0,0.10767262042020456,4,0,0.12638017625277023,1.5966792420076221,125.46704068250534,0.17408009262116741,0,NORMAL
11.513198972262392,0,0,285.8072514947274,7.782096262717574,1,0,0.45492193057132974,7,0,0.4688046568884867,6.8111628102209645,110.84517367894155,0.43139408996750417,0,SUSPICIOUS
30.261989068125345,1,1,889.557047725788,0.3575452291903297,0,0,0.9671847922805425,42,4,0.8813803825348776,11.417570640430988,53.5348135272047,0.8819440303741874,0,REPLAY_ATTACK
56.72767092918936,0,0,11.524805492774451,0.5165189071592889,1,1,0.7465280818813007,37,0,0.8224375402623811,20.790302271487306,11.129312994488135,0.9797311114181837,1,SUSPICIOUS_BEHAVIOR
0.9096406524763556,0,0,9.888888943766228,47.93881268786626,0,0,0.04660379287936696,3,0,0.07917181624434311,1.035440631848967,196.7583576115812,0.0363015923242991,0,NORMAL
42.374610356024974,1,1,833.3349387457679,1.0704318725400461,1,1,0.7839428990981824,13,8,0.7697909531936635,6.6072869380874835,6.0880196834037745,0.7753230918788172,1,REPLAY_ATTACK
1.2007280938909655,0,0,8.186385153403988,41.239193139470125,0,0,0.01102030703176622,0,0,0.003704594652916693,0.7240794332615448,599.3363131989047,0.10833736480674568,0,NORMAL
0.06547228294166818,0,0,22.3300214302508,29.622909311474,0,0,0.08347658836009467,1,0,0.07718566744017007,1.6003019274623405,495.5499881493404,0.17829077462894988,0,NORMAL
28.549246864669016,1,1,3563.051633267749,0.980844141170353,1,1,0.7718164701580836,26,15,0.6206871487420943,17.06660482685639,58.285272615144294,0.7561141470298254,0,REPLAY_ATTACK
3.483254119384461,0,0,4.2754036659155155,59.058891838114725,0,0,0.19287064680719732,0,0,0.04802717511426579,1.6288675570435611,433.775372594438,0.08075132209566932,0,NORMAL
21.70404269632298,1,1,1766.4788543200696,0.6058329473189373,1,1,0.8601999938055762,49,9,0.6521059514453283,18.647170345334914,42.53952264530987,0.5105219974412997,0,REPLAY_ATTACK
0.5358600566988803,0,0,55.630669168767156,45.65230253171593,0,0,0.03684973031453485,3,0,0.09588943247720443,1.1751461652538893,202.16867704086013,0.13874825973966573,0,NORMAL
29.75286860317101,1,1,2496.191522940242,0.8972647406611568,0,0,0.9395595589646267,21,4,0.7226878739504095,19.11246852017016,53.192529070413165,0.8557331858976444,1,REPLAY_ATTACK
55.31222716753939,0,0,25.33000647598013,0.2828735536170085,1,0,0.9259172829744728,17,0,0.9473384677278816,21.98477716936567,7.722661082508391,0.7636027593973602,0,SUSPICIOUS_BEHAVIOR
44.332776056002686,0,0,20.550898478075656,0.9006585547245178,1,1,0.9569060046440525,39,0,0.8803593416470308,15.125072283886709,1.8203669022678528,0.7283902934657622,0,SUSPICIOUS_BEHAVIOR
9.691660485673985,0,0,65.04595373270453,2.658823922694065,0,0,0.4259396683998298,14,2,0.2786947550496604,3.9345598239528794,104.65708489506792,0.4368138900385773,1,SUSPICIOUS
16.91016321823867,1,1,555.669338951265,0.8815022973536231,0,0,0.6371893253783201,34,12,0.778884373482267,14.08730840305903,22.09865852831607,0.8772088463427037,1,REPLAY_ATTACK
11.414903690642877,1,0,247.19092857330705,9.185788150657297,0,0,0.3548871428316819,9,0,0.49331705356179306,5.368455661453503,107.09259998047118,0.36068949585416954,0,SUSPICIOUS
24.005731509534044,0,0,24.452219720478297,0.38623185672554206,1,0,0.9341014742875471,15,0,0.9340221806869872,22.81744754905425,12.404102164037363,0.6910975759336221,1,SUSPICIOUS_BEHAVIOR
1.7837666334679465,0,0,25.066006930040025,32.9619938798479,0,0,0.0655767988036517,2,0,0.1436969029873336,0.5211287401561513,288.11357487699684,0.034916796935272054,0,NORMAL
6.981041942410874,1,0,246.81494744477078,6.8637693407853,0,0,0.37765768088804785,7,1,0.389442070139825,7.310088580650084,100.22042249561052,0.3454224072199076,0,SUSPICIOUS
13.636230009199533,0,1,168.97327742629182,6.907123424508839,1,0,0.32197385507906434,6,1,0.4951537768542637,4.419230741730683,107.38663247240969,0.25423097579027093,0,SUSPICIOUS
18.148035493919206,1,1,2206.395439377511,1.0968833797213846,1,1,0.8009461955690841,13,5,0.735216801817371,19.48745596997026,23.95381360021246,0.8682815979158284,0,REPLAY_ATTACK
4.92201090351776,0,0,33.639605664970254,13.922790815856198,0,0,0.04965749592616919,0,0,0.09979092543553662,0.7245643814302101,269.6532704664105,0.0449500076354715,0,NORMAL
14.495374371136517,0,0,226.62593914460712,9.618411076808854,1,0,0.20140186541242333,14,2,0.32740504750908817,6.682471043583896,44.08571091724109,0.3414104467104472,0,SUSPICIOUS
12.945522944217055,0,0,97.34167785240189,5.282700754686167,0,0,0.34553001631908825,11,0,0.35934338976939917,3.703716816955766,78.98285184157766,0.2316748138713284,0,SUSPICIOUS
49.54230347762601,1,1,2932.786419256348,1.5001519183376097,1,1,0.7031238570919246,40,17,0.5029605357984593,19.713266911925025,8.46129137466853,0.5664861978093647,0,REPLAY_ATTACK
44.60204662114259,0,0,21.92286905559898,0.31274753622950113,0,1,0.9770628270808678,39,0,0.7094793189452749,14.74368923094528,7.030921313995429,0.6056761199979002,1,SUSPICIOUS_BEHAVIOR
42.02614894987849,1,1,1574.4462090037575,1.8132667437156127,1,1,0.9763858457385469,18,12,0.82345225089725,9.750577855206181,22.6598267619144,0.6178906786910707,1,REPLAY_ATTACK
13.901151363098093,0,0,98.80136053289077,8.560474925970029,1,0,0.272420144188859,12,1,0.24921198412292392,4.0213377661675995,75.01332748479594,0.2551537180667893,0,SUSPICIOUS
38.64310619528375,1,1,2259.6385845799696,0.7690204135502348,1,1,0.9928886895216609,46,8,0.6475716781257579,13.909374063955132,48.60343923408568,0.57990055901318,1,REPLAY_ATTACK
50.54417436651981,0,0,20.576173656943205,0.18559268201711304,0,1,0.8404306133348816,33,0,0.9745423596942728,26.41663580749515,1.7546646295786856,0.8820307847717249,1,SUSPICIOUS_BEHAVIOR
4.72382864941214,0,0,7.313165600216854,51.70722985003379,0,0,0.020862617470376432,1,0,0.059441589373755085,1.8862227858029268,379.9230154187942,0.11312897647695773,0,NORMAL
42.76350437004319,1,1,1626.5872533492363,1.247620005586225,1,0,0.730110483696681,15,9,0.5077907081516856,11.756526700850827,13.624953393161142,0.8524868615384844,0,REPLAY_ATTACK
0.04598525808314824,0,0,46.224445068467595,55.90382760995753,0,0,0.07544035649152775,3,0,0.12088587638001619,1.6204271175532963,296.13975927215773,0.1458067485658988,0,NORMAL
0.2818774832546356,0,0,48.18155386995981,10.443164255673445,1,0,0.08700291886804468,2,0,0.05284633263137674,2.464521210610875,305.5169869746786,0.03328285686218797,0,NORMAL
2.481831236006182,0,0,52.36381502907611,45.18498898145255,0,0,0.10751622761030287,4,0,0.14171251203153176,1.9161092127165664,380.3322962363143,0.14448668460448263,0,NORMAL
59.978362687456084,0,0,20.121772202361697,0.8647471546440438,1,1,0.9009672603575221,24,0,0.9388847314885187,14.186962319357033,3.2676539887309044,0.9945078989182261,1,SUSPICIOUS_BEHAVIOR
3.090641202289479,0,0,57.77561251425479,14.430235698483953,0,0,0.12521094179616027,0,0,0.04939819162237564,2.5750817090701865,173.9438279657805,0.11566582054086083,0,NORMAL
16.629859402993826,1,1,3270.0446274578335,1.726894320656556,1,1,0.647506965176248,49,6,0.8920561153453361,12.258609771984478,39.97366225354143,0.8027395327817163,1,REPLAY_ATTACK
17.824671322485706,1,1,311.36024651655214,1.7080518118628776,0,0,0.8463373423475972,18,12,0.660251413136194,17.031286165579626,27.814941861737253,0.876193951479656,1,REPLAY_ATTACK
47.676401064782475,0,0,19.155751385749937,0.20761394473445677,1,0,0.8685441641014926,54,0,0.9710190401510145,22.425235118510987,4.8063794336804,0.9696975737375163,1,SUSPICIOUS_BEHAVIOR
0.6402291947888622,0,0,25.691976895536886,22.09658401577648,0,0,0.1857111065788272,4,0,0.04173257806032332,2.4703994703392658,301.45490987193364,0.010241269838065815,0,NORMAL
1.8318092164684585,0,0,58.263494709922064,12.612893964301188,0,0,0.1438490401151664,3,0,0.060750164788132256,0.7376413420814111,245.81422656806234,0.1322530612530183,0,NORMAL
48.7065057837975,1,1,951.5926719258266,1.59914643971305,1,1,0.6512835807953243,30,15,0.7653617380970439,17.08546783157103,30.709078969046335,0.564699316057701,0,REPLAY_ATTACK
2.463090469964348,0,0,35.668580111170385,35.154197538991816,0,0,0.16527806232011105,1,0,0.04293885530747748,1.987615862309403,341.8274271695524,0.1736647927300736,0,NORMAL
0.6941358632470507,0,0,41.54616907946218,51.12673971920984,1,0,0.06233058333092978,0,0,0.024374762321166216,1.9743225901911643,124.44121076923312,0.10106640666717606,0,NORMAL
4.4354321213255865,0,0,44.97910990457548,37.332411009389425,0,0,0.0774446282420414,3,0,0.05259640371857203,1.921180505392049,422.4165972203703,0.09532483210172578,0,NORMAL
0.9242722776276352,0,0,1.2761646510232283,14.086267287338913,0,0,0.10386253852846064,1,0,0.04905101527441531,1.552797261085204,179.68575237235714,0.09627654234968551,0,NORMAL
1.1324788759896898,0,0,15.588214863849588,52.786862945289315,0,0,0.006886261714662912,3,0,0.005821942171770317,2.272951759486012,279.75281332400255,0.12685053069030747,0,NORMAL
21.729192960697844,1,1,1492.7348899174585,0.8281490543773632,1,0,0.8709702076851559,43,3,0.6071183892659038,14.29016833085504,34.92306910255853,0.8679109831895518,0,REPLAY_ATTACK
26.05928452119833,0,0,21.388764466785783,0.28347804079033445,0,0,0.859123206392621,35,0,0.8301313244599924,11.300785987014066,10.377693213754766,0.6333083525232296,1,SUSPICIOUS_BEHAVIOR
1.4434686838534994,0,0,34.31233627363119,52.82686118739634,0,0,0.09677545291285182,1,0,0.07558331951869103,1.1368012511438723,487.69243176926227,0.09449242278297809,0,NORMAL
3.9759309738435182,0,0,20.367011552568364,15.691919673830071,0,0,0.17748490707407205,2,0,0.07756768962853793,1.5205937983657467,276.4272688289485,0.018848613280905126,0,NORMAL
57.323762924394174,0,0,1.6421890772981074,0.5560753675007158,0,1,0.8061986708634,33,0,0.8627325126645499,10.35240005459428,3.6709419812818904,0.6954109757269842,1,SUSPICIOUS_BEHAVIOR
1.3843882407360186,0,0,39.710351390962714,23.519664319226276,0,0,0.04863599605284519,2,0,0.06236622014844772,0.5288150351324632,312.79350036690255,0.06547533602307985,0,NORMAL
2.0042570838181994,0,0,36.836015085603705,19.84628522267142,0,0,0.16393540055609182,2,0,0.13421429805187424,2.7681079181926966,310.5062295479611,0.05080422981911255,0,NORMAL
1.6266516538163218,0,0,37.65032779310221,37.27159347034527,1,1,0.06940046708243999,0,0,0.04550464233212557,2.9328617785672715,453.7102347589131,0.001005100673062387,0,NORMAL
0.993578407670862,0,0,14.016465062994596,35.969292975196865,0,0,0.14813271621332522,1,0,0.028665843403671742,1.4676250298372175,279.84366386507725,0.07444905903721429,0,NORMAL
30.416377584249975,1,1,3047.797634429383,1.6458852639626584,1,0,0.691014532506333,29,13,0.7782980358110998,7.623127769140012,46.185465207080206,0.7281942217428734,0,REPLAY_ATTACK
41.07189391894579,1,1,3438.258870035032,1.4484970280094018,0,1,0.6668547156737346,35,4,0.8541026991194574,6.422234694959636,10.249818760187518,0.7249591990139193,0,REPLAY_ATTACK
2.272705323838866,0,0,32.669345877650976,57.202104691269895,0,0,0.08926527199731225,1,0,0.14226377333122392,0.6862761545466002,313.9727269166194,0.12381861905422394,0,NORMAL
34.22749559577497,0,0,5.7687516969323935,1.2263822002560822,1,1,0.8884879685444658,29,0,0.7942056291167094,29.353245516169682,12.4996300092157,0.7047125930768351,0,SUSPICIOUS_BEHAVIOR
3.138540265357089,0,0,0.7272464786335964,22.995248962141645,0,0,0.021405826842207622,1,0,0.07928763021561634,2.430079464930887,454.6037463651641,0.06195291663703742,0,NORMAL
4.151099322834958,0,0,48.00425812194957,48.55614079259433,0,0,0.09847340974024979,4,0,0.05159694544745553,1.6779313984453545,375.3543927699753,0.1454794587691903,0,NORMAL
13.890923982489602,0,0,70.26798437934428,9.86593149177919,1,0,0.286370240375583,14,0,0.20553026291022258,5.578680941870225,103.19360712155888,0.2098506287251633,0,SUSPICIOUS
7.138388894952643,0,0,86.66333012303772,7.712972219218445,0,1,0.20164058017206685,13,1,0.397046691954263,6.134268106267667,42.88482369998212,0.4273813218818498,0,SUSPICIOUS
3.1676485538044736,0,0,20.107131255548513,27.61874733048272,0,0,0.0652340508256507,1,0,0.09907045820466467,1.5508384729887474,394.242973657477,0.14992515042980475,0,NORMAL
47.845836997541646,0,0,27.90080513664487,0.9007757594816176,1,1,0.8871721098573689,32,0,0.7233236331696006,12.273119381322687,3.594739964324705,0.6994669944691357,0,SUSPICIOUS_BEHAVIOR
1.074701892953784,0,0,31.084725974328926,46.72219660377957,0,0,0.17002654693700736,0,0,0.07773274734538911,1.3474248154320536,415.3923622604351,0.040493508419150004,0,NORMAL
5.057209315419646,0,0,291.7165576819042,2.888419555024875,0,0,0.426215565847864,18,0,0.2854725869125295,7.653556111662718,35.470305176646306,0.466785638622279,0,SUSPICIOUS
26.746978490078902,1,1,2855.745046680382,1.5640393850589351,1,0,0.7244207076382403,42,17,0.7627862787957262,8.92153064530254,47.996656459631836,0.5391701799942311,1,REPLAY_ATTACK
0.43460144043711846,0,0,2.169622831485727,20.444136200258185,0,0,0.14833682579836463,3,0,0.09116441531151367,2.107083477039345,302.4935990280852,0.05035769066937688,0,NORMAL
2.3184920246999106,0,0,36.206915602882674,35.56377311003756,0,0,0.09488698282943482,3,0,0.019355461333413735,2.4706880204270742,247.25916549395495,0.18224686206293428,0,NORMAL
4.680773870803905,0,0,12.031483602020202,35.872317587752065,0,1,0.013750781284497493,1,0,0.10156406771754665,2.8716352022574765,491.9440474814154,0.1166390323766092,0,NORMAL
27.303885243483972,0,0,16.327491434869156,0.2035844378826671,0,1,0.7877042272645454,26,0,0.9150129722215476,10.605542026622523,13.762449250034726,0.7971938231273582,0,SUSPICIOUS_BEHAVIOR
33.78409441519705,1,1,747.5842992861124,0.42392124140253507,1,0,0.8371247183757237,43,2,0.8627511901588542,16.179835661386065,54.77990107859177,0.8197582969339345,0,REPLAY_ATTACK
0.4241885704259596,0,0,58.19472276643623,37.68557426790056,0,0,0.09206581012855303,0,0,0.1002820042670978,1.0403395307773018,354.8143286306955,0.03201482109734612,0,NORMAL
49.816587305744875,1,1,3446.1740393523028,1.2797621815372218,1,1,0.8166210189504646,21,19,0.5747141689026143,8.475874344719722,45.60856446942707,0.7066243196362682,0,REPLAY_ATTACK
48.204805050098926,1,1,2303.386377968417,0.36146960399135264,0,1,0.8517340459408229,49,3,0.6995546540972508,6.617994114748862,15.865078422388137,0.8465991613326413,0,REPLAY_ATTACK
25.52281555518074,1,1,2992.1270497147575,0.3756203385760424,1,1,0.861939573110392,19,10,0.7939842739853114,16.968969361701255,23.468633571133605,0.6205051203902647,1,REPLAY_ATTACK
37.666128147617115,1,1,774.8250353726191,1.0604882253970784,0,1,0.7951014838283914,45,5,0.7531449107254518,11.820412473883462,59.58327965788992,0.8483055844488601,0,REPLAY_ATTACK
0.32854319714176183,0,0,43.70944062969679,18.761088605291366,0,0,0.1173203474809121,0,0,0.041614010220146866,1.8971021773866663,477.40976592162247,0.027837560551597407,0,NORMAL
6.313232497643174,0,0,172.28877927214359,7.373143371639562,0,0,0.31892023969025574,6,1,0.3873675907752183,4.544219045712296,61.81934003071096,0.2055397714679708,1,SUSPICIOUS
3.0592644736118975,0,0,41.84521603481039,58.16972171067752,0,0,0.13338548949173615,4,0,0.02958639992505252,2.860236964825911,432.14254755528367,0.09514081563781125,0,NORMAL
49.91569016104333,0,0,3.4038150457430714,1.4548560527223702,0,1,0.7731471557801214,21,0,0.9414780034969125,23.597496283392534,6.744690927009698,0.6939713053163006,1,SUSPICIOUS_BEHAVIOR
2.492210994645286,0,0,42.52468186457859,32.8849802579647,1,0,0.11615119981113183,2,0,0.1498357049644615,0.8540283765447483,243.00236346675484,0.09183182607518228,0,NORMAL
10.769095353227513,0,0,65.0028575538482,8.025707509911019,0,1,0.4241893928694007,6,0,0.48416810820401324,5.927570212405398,118.821329979173,0.3393110960546123,0,SUSPICIOUS
3.483685826820753,0,0,23.46489219910564,52.87811688306419,0,0,0.10090058481096716,3,0,0.05698864364430217,2.8403139288503367,120.02535692750246,0.17494039686534243,0,NORMAL
12.184414747355413,0,1,154.0146632714828,4.334585500591738,0,0,0.4016707281352172,5,2,0.3536311566391398,6.5259448945867735,68.19904999718212,0.3781025223193706,0,SUSPICIOUS
2.303893840163629,0,0,31.14358745449622,35.556456961861485,0,0,0.11953646710469182,2,0,0.06700330826169973,2.9516205489101237,442.0678605531768,0.157040573582565,0,NORMAL
54.57907614471313,0,0,7.741316821101464,0.21701511080049796,1,1,0.9969769427262185,17,0,0.9251544782916322,13.16084639552747,12.422949874307669,0.9740350720163697,1,SUSPICIOUS_BEHAVIOR
1.766761140130264,0,0,40.092767913300975,34.61627400005909,0,0,0.06675531941395955,1,0,0.06454746420635864,1.1475878602583678,357.62685391420075,0.16412547868380736,0,NORMAL
13.897353347830567,1,1,78.23046887158004,2.581458524718519,0,0,0.35502653531993283,13,1,0.35802492496422433,7.411062059086567,103.47579537254136,0.4586754884907462,0,SUSPICIOUS
0.3177917514301182,0,0,52.74709845372988,55.461010293078004,0,0,0.04796399044131805,3,0,0.07649776189702456,1.5003881821634975,167.83868259685244,0.05918526979605768,0,NORMAL
3.246051510580318,0,0,39.07397862248953,54.01573810744635,0,0,0.04833178416383704,2,0,0.057935459294863434,1.4127348005795146,254.46437701218227,0.0795906112402667,0,NORMAL
1.8048694847001339,0,0,45.08250516174274,16.58575142895468,0,0,0.01444263706703759,3,0,0.005673020482805297,2.409038247404142,496.74383202614126,0.07024340392769761,0,NORMAL
36.84069979399223,1,1,1261.9821731704192,0.5603247685709078,1,1,0.6729637593060489,31,7,0.7821126415884105,10.329389852082862,57.390518770635296,0.5174246683723472,0,REPLAY_ATTACK
45.47595888661921,0,0,10.239277214696802,0.1061622526053008,1,1,0.8699805152621468,18,0,0.9344333811653316,29.012875698892174,11.345032039806052,0.8620545908999344,0,SUSPICIOUS_BEHAVIOR
4.64764572123913,0,0,59.691979030186026,24.990026378261796,0,0,0.06031737397471031,0,0,0.07587138338884945,1.560972545181276,412.98905598914575,0.13578060417194138,0,NORMAL
32.222890097731224,1,1,1387.9425933094121,1.6690678623389885,1,1,0.9002252394353887,20,7,0.6303522747465338,15.76215751538119,27.426298103403738,0.5416758415295073,1,REPLAY_ATTACK
30.863113043750012,1,1,1218.1742547916679,1.8208005242751872,0,1,0.8919170928473295,36,10,0.8441821664383948,14.67455727591037,20.849620202790366,0.5877068161255408,1,REPLAY_ATTACK
4.174651183996495,0,0,33.689075277571426,43.050712712366014,0,0,0.06618295315603905,3,0,0.03129778697376465,0.699956206991887,128.81074770198805,0.09728181979821732,0,NORMAL
0.35594324230114494,0,0,14.833864464190622,43.64833111972162,0,0,0.09683460643268149,3,0,0.03504371454728498,0.5169704350589744,326.07492753801375,0.1358633330627107,0,NORMAL
4.046805777392568,0,0,41.69891316759255,15.211240140417384,0,0,0.03853527929734007,0,0,0.08609627625476128,2.023821274385159,496.4098460313982,0.04053138439808621,0,NORMAL
4.847352166376845,0,0,10.41147089919052,15.57561061606382,0,0,0.14244404103543173,4,0,0.06054700417402167,2.3014660484265934,551.6401473511511,0.009889487335869453,0,NORMAL
0.5741841236960177,0,0,22.052065337491886,58.17496204437941,0,0,0.15096549167246626,0,0,0.08143171985412077,1.5612320816913379,367.9988447250597,0.007450776122839221,0,NORMAL
9.20290260054255,1,0,284.6292368948648,9.912595723789636,0,1,0.2803404864204465,18,0,0.4368315196446365,7.799682858994421,70.4513273865367,0.4338008795958461,0,SUSPICIOUS
4.810862742372709,0,0,59.96482354623999,41.0330239912292,0,0,0.05335890988676617,3,0,0.048106824747644085,1.3561880479657604,268.6873507885937,0.0768388369851955,0,NORMAL
23.540762102522702,0,0,16.579037454875817,0.6319385752063719,1,0,0.9497513200097063,18,0,0.7972363816996959,14.451696743308615,11.377699591202626,0.6941977582898073,1,SUSPICIOUS_BEHAVIOR
8.539058262568588,0,0,285.2308927499205,3.849407065099154,1,0,0.589574229641771,7,0,0.3393615390573258,7.097190408966341,43.350526264774174,0.46676420402725727,1,SUSPICIOUS
3.3377886926051357,0,0,16.449639993588352,23.57046902233572,0,0,0.07105679484738452,0,0,0.08586115889516477,1.9583322749712937,388.7486887372557,0.03177053838879116,0,NORMAL
0.5853350821380293,0,0,52.07509767120133,54.42018361543406,0,0,0.14319693870834482,2,0,0.07101524003910731,1.8700537430728377,296.2434309270202,0.11612395209647075,0,NORMAL
35.03179609152229,0,0,16.96155480297588,0.6346204531283005,1,1,0.7647433559255974,41,0,0.9080579281677965,17.899499990890344,3.8289870135262305,0.8973543234943837,1,SUSPICIOUS_BEHAVIOR
3.925879806965068,0,0,28.452852999447828,23.007889548102558,0,0,0.10551759465443314,1,0,0.013351460234401324,1.5336644167754003,317.13619228154073,0.1790825422388438,0,NORMAL
1.7090867584893799,0,0,22.07644507812507,21.306266562483597,0,0,0.1555969943141874,1,0,0.0670909452235683,1.5664797526359835,228.686210442072,0.15241433068794516,0,NORMAL
45.64798532928592,0,0,21.873098507846287,1.2774386928603765,0,1,0.8696900354312513,51,0,0.7087952826336358,18.16957062310097,11.16031114012653,0.9766167858391867,1,SUSPICIOUS_BEHAVIOR
0.28151637840918675,0,0,12.94050914386303,34.44489158962257,0,0,0.19529130588708205,4,0,0.12088367537952813,2.542194964734457,509.1459230136839,0.1646175058013761,0,NORMAL
47.655457808600744,0,0,2.495810305545217,0.6501122270389292,0,1,0.964952791184297,20,0,0.9098191322397369,12.705992750256698,14.336426064404266,0.7043569220790145,0,SUSPICIOUS_BEHAVIOR
4.0853603547464,0,0,20.765983592267133,23.379633836398575,0,0,0.04707665237967151,4,0,0.0631344793138839,0.7287073948241178,122.70303011906579,0.0019919482408606638,0,NORMAL
1.7923286427213632,0,0,13.095233271903851,59.249482807043755,0,0,0.09669961702136076,2,0,0.1414793774540176,0.7616515847697407,509.00779851512186,0.010980978182154866,0,NORMAL
4.805952819119571,0,0,42.949497880925314,16.15016475618728,0,0,0.12226833124954524,2,0,0.056752137252397035,1.7159790702222346,135.3047017001242,0.10262830030265542,0,NORMAL
48.23626677306633,0,0,12.110209728720836,0.7326021311879366,0,1,0.9197103700441946,47,0,0.7914208601623236,25.279110606202757,2.9745041530928296,0.7623015588705684,0,SUSPICIOUS_BEHAVIOR
0.3252579649263976,0,0,13.800530237262183,33.19662433441681,0,0,0.11288331755594955,3,0,0.023909232715710327,1.4576734243162668,561.6945533156515,0.14593992548934417,0,NORMAL
11.092226627693547,0,0,241.58946914158685,8.311607172329868,1,0,0.365710739035953,10,1,0.3675548459482475,3.97633467595527,48.34978279144715,0.30058649512384117,0,SUSPICIOUS
30.30395437209136,1,1,1568.2864318202144,0.8086722373577282,1,1,0.9865177318872584,17,11,0.6285261664105285,13.961031433089817,17.955902289579043,0.8957138229237094,0,REPLAY_ATTACK
1.0648208075445535,0,0,14.212233538468924,45.354323863334905,0,0,0.19953445265293185,2,0,0.08686947060525736,2.474661552588847,506.6787966917922,0.07325060119969484,0,NORMAL
35.92447734982421,1,1,3332.6715675188293,1.3536392181226529,0,1,0.7449573808055245,39,11,0.5320573421334177,9.039147252661273,58.118106274010835,0.7493658609929098,0,REPLAY_ATTACK
2.437155991247568,0,0,0.1930958162567209,45.63106665492564,0,0,0.19316733376151674,1,0,0.06368589107789334,1.0368612560208934,218.15206137399528,0.09114716280169695,0,NORMAL
3.5048456572955997,0,0,1.7984153923606772,29.47409474512102,0,0,0.14791623544434854,4,0,0.13583732063596982,2.193354615203791,453.8344604052722,0.04280142263477485,0,NORMAL
29.915124289817566,1,1,2295.596194788814,0.6602269941304476,0,1,0.8137081946407647,49,15,0.5440330236773496,17.088308416926218,31.380262093618043,0.6120623143641086,0,REPLAY_ATTACK
4.278482340531429,0,0,24.089658951677293,44.68090287368976,0,0,0.11724709975615233,4,0,0.10343013133581228,1.9736770077331172,476.8812171739561,0.09557813218914993,0,NORMAL
2.6788734203737925,0,0,44.61049537749646,52.072377654238,0,0,0.09371139891822694,3,0,0.07062246290488472,2.7377500726656105,152.04012232836334,0.02717723002551884,0,NORMAL
4.492770942635397,0,0,19.416613148972473,12.101233758570265,0,0,0.14353523155869993,4,0,0.031234771291232165,0.599278018930618,398.1774571919909,0.15189731383766142,0,NORMAL
37.546347376284146,0,0,25.033498720432892,0.9182579043024581,1,0,0.9328389917843196,36,0,0.855061105495528,25.172309681017204,5.941346641766886,0.800067691673654,0,SUSPICIOUS_BEHAVIOR
49.901148941739955,1,1,2594.8475959057023,0.8132128131967314,0,1,0.9053842706134728,20,13,0.8992063263297836,10.005177815184233,51.75633961659915,0.5683755712542307,0,REPLAY_ATTACK
4.879260397312673,0,0,52.258147424765134,29.850752061859584,0,0,0.10710849461955965,3,0,0.13774275530699365,1.263036325322148,373.330660353061,0.0071496788931729284,0,NORMAL
0.8040402570874933,0,0,59.82747000946267,55.53850808219576,0,0,0.036131508262260636,2,0,0.1298467554559098,2.4306006897331915,155.63849247866196,0.0028159326565781353,0,NORMAL
0.40879515974435954,0,0,19.460025186922536,47.04520280760357,0,0,0.04893101092094261,4,0,0.10711787113873739,0.8746569972163791,368.38128450445976,0.11186037441536541,0,NORMAL
29.935736783523307,1,1,2087.834411143085,0.8118043522454462,0,1,0.8279636320851047,28,16,0.5047009038391939,10.318800386606046,42.15464102994282,0.5560572287496904,0,REPLAY_ATTACK
17.787294898966692,1,1,2381.673152679546,1.6397839649678752,1,1,0.6585170010884759,38,4,0.7881873268438682,19.274124271003426,43.24643630081844,0.5082390499021389,1,REPLAY_ATTACK
38.05071181485067,0,0,18.473693969403733,1.4828826649919713,1,0,0.997857632555389,56,0,0.7999549466488081,20.10841853052789,8.841472095409884,0.8050678612704009,1,SUSPICIOUS_BEHAVIOR
21.06772634347417,0,0,25.687321250748607,0.20015435064652698,1,0,0.7107427883253192,52,0,0.801793778857924,11.540644963075222,11.027119550162638,0.8677883595246423,0,SUSPICIOUS_BEHAVIOR
29.257465218536986,0,0,7.516381767933847,0.5371245754690293,0,0,0.8867449957087112,32,0,0.9211320941209911,28.406571532540774,9.053742120394128,0.7473589480884086,1,SUSPICIOUS_BEHAVIOR
14.451897611270066,0,0,104.54497534930397,9.748910522767435,0,0,0.5980211009916989,7,2,0.3886581756033507,5.1006727709155015,37.86894277442782,0.4421539310607473,0,SUSPICIOUS
41.220198328832524,1,1,1737.2570571059125,0.17891701481665118,1,1,0.8348444508232133,24,1,0.8436372536827945,12.370250608390633,37.063911126308334,0.5250627867722653,1,REPLAY_ATTACK
3.137790400420317,0,0,0.34551962988729423,17.43979847025578,0,0,0.1454037054028268,4,0,0.12636961602533628,1.7759818033717665,226.32050440984932,0.028738321452346782,0,NORMAL
7.7490833748224075,0,1,134.29276065663618,8.079977266647749,0,0,0.5908731626379984,7,1,0.31197851960878065,5.998431571140297,46.83511524237423,0.4956621442022117,0,SUSPICIOUS
59.91538832913842,0,0,27.111747611214227,1.4246431867148834,0,0,0.8641333959214843,20,0,0.733220987353126,13.069940036514103,3.76757719971934,0.9799039178851419,1,SUSPICIOUS_BEHAVIOR
8.248241097485547,0,0,164.7242866328668,6.759746858731762,0,1,0.5813169585465159,15,0,0.29457158852030635,4.00110467894333,81.2073030385117,0.2659024033984122,0,SUSPICIOUS
1.232010166195534,0,0,26.21104215691077,45.9226973661275,0,0,0.13318943321609286,2,0,0.10906967953228912,1.593204120611544,366.7347933484174,0.03467463135150164,0,NORMAL
30.04094214431461,1,1,2434.7024929533636,0.3900080035286043,0,0,0.8949686714487994,33,7,0.7210143753557712,16.026757826247923,52.22887527958339,0.6464057411478719,1,REPLAY_ATTACK
4.750309835254025,0,0,6.715177163863673,17.027648378918038,0,0,0.054694903074995964,1,0,0.10720534745733865,1.2834192361431955,557.1815666447754,0.06301129932151987,0,NORMAL
44.57967339321732,1,1,1670.64862875227,0.4624246034522387,1,1,0.8041674039344663,33,9,0.8591981114046745,18.664907013946127,14.452653897165858,0.8711927621734341,1,REPLAY_ATTACK
14.312666274013377,0,0,299.46825307681553,7.4598325298948955,1,1,0.41697832243088273,13,1,0.46379702746091594,3.7304534988654305,113.18139307327196,0.25122636529885894,0,SUSPICIOUS
32.845711588393364,1,1,1276.6173952864901,1.393892470030111,1,1,0.9373959022376042,18,3,0.6257991077519155,13.822699099317923,50.14957360750203,0.5334626726689377,0,REPLAY_ATTACK
1.9464780702098827,0,0,23.02997711598264,58.926273419457026,0,0,0.154367207046022,1,0,0.10785342306504014,0.9253816028612922,206.6034345990578,0.11946986019557063,0,NORMAL
42.136662930622435,1,1,3062.6760821366647,1.8153171859729764,0,1,0.7565560105879998,18,17,0.7205867514949079,5.003020972014657,44.199178051358196,0.520259241945954,0,REPLAY_ATTACK
59.73559514956273,0,0,2.343129120627385,0.6571445270231607,1,1,0.8752115973479865,37,0,0.8181883826021276,16.239972288183676,6.449688481744781,0.809635987021783,1,SUSPICIOUS_BEHAVIOR
4.542252806668142,0,0,53.70706444239218,22.09885651585227,0,0,0.18191288547606024,2,0,0.12599973348659144,0.5238473850638623,181.36787375686418,0.125169333210122,0,NORMAL
3.766890926294708,0,0,50.28691737888661,19.731191835243596,0,0,0.1240469697922241,2,0,0.13559295977848337,2.056853190943694,265.99452215302324,0.08057791579132617,0,NORMAL
48.40567530250112,0,0,19.309013643588617,0.4325322585872964,0,1,0.9198797866052567,29,0,0.7520083037415801,23.60354702680211,12.723429423186364,0.6060090696951498,1,SUSPICIOUS_BEHAVIOR
27.650878043438855,1,1,1514.1139332218768,1.3832604206971584,1,0,0.7220559096482015,25,14,0.8564708316646858,17.318997041362167,55.00953278328269,0.6424050908595986,0,REPLAY_ATTACK
3.1003637796425676,0,0,57.574598659262,33.49941340789683,0,0,0.1261270589966161,1,0,0.01700806433288588,2.1403652296186055,451.53649895959967,0.018202361376503395,0,NORMAL
12.123940284729215,1,0,266.28664925939756,9.418118961655889,0,0,0.23665528207029116,7,1,0.4684002872942041,6.496894328666106,33.43382453418395,0.4983515312661676,0,SUSPICIOUS
0.5661902292037763,0,0,5.903738982803839,45.9165587686002,0,0,0.08323218928123155,0,0,0.06726117615238993,2.875949378705233,532.918949269183,0.10225914924920693,0,NORMAL
3.31261142176991,0,0,36.951791290938274,46.140715160424186,0,0,0.1204938340914533,1,0,0.1397235580378389,2.2449761787444813,345.7421868919559,0.194578877877539,0,NORMAL
24.860535700738133,1,1,705.6584009037285,0.5112743304048504,0,0,0.8558682702239816,35,5,0.8800415022206154,15.44520221746678,51.196550428582256,0.6967430693561697,0,REPLAY_ATTACK
21.584869228221294,1,1,1193.4479845153205,1.3790902789307453,0,1,0.6713494653908115,17,10,0.5875459532381662,18.69689862135552,40.84687364874556,0.6240798558456685,0,REPLAY_ATTACK
0.6353025632594239,0,0,48.03520194654497,10.275289958021041,1,0,0.1548971206239582,1,0,0.0013748325275724726,2.5405696296570004,396.674664697744,0.1944191986424622,0,NORMAL
37.85695677982734,1,1,1775.3254211117992,1.2291183401387697,0,0,0.9147861967869826,20,9,0.6747923104583181,9.401353248734024,6.245135288581104,0.7727180755690515,0,REPLAY_ATTACK
33.23026883461742,1,1,1171.8222894167393,1.7026605237062888,1,1,0.9555593185006525,39,18,0.7804331796565573,15.166687682303595,47.98402532841283,0.878462848715577,1,REPLAY_ATTACK
1.7529377940329849,0,0,49.3568591108207,30.143664131631855,0,0,0.18613445111247967,0,0,0.10112804232444207,0.8908285959820965,494.77703201542863,0.07300506080776462,0,NORMAL
1.4723287977095882,0,0,53.17174682790447,47.094816347935755,0,0,0.19691517927522262,2,0,0.0008023483041334267,1.0501656369617294,462.76177088880837,0.10180068909652365,0,NORMAL
33.43678098818193,1,1,2510.4454425808262,1.343280580773722,1,1,0.8214692166718444,26,12,0.8799373059222382,19.955888002958403,44.98789077540198,0.6275193632176277,0,REPLAY_ATTACK
0.36381503182096764,0,0,18.475796495471457,29.275595236846115,0,0,0.04219397812399009,4,0,0.01796399496482958,0.561067207351583,455.3450829273389,0.09510530432523867,0,NORMAL
50.29222381339501,0,0,10.850724339007588,0.5159077409150618,1,1,0.9693322204765153,32,0,0.756836935934493,23.753610823598038,3.6718906628901866,0.9834310726579456,0,SUSPICIOUS_BEHAVIOR
3.882064803709984,0,0,31.18643691336106,17.12970720409544,0,0,0.11662115145597961,0,0,0.14209603488554431,0.6647304125799318,393.8694742198111,0.04683888512336259,0,NORMAL
59.16448678979209,0,0,8.97240634966234,0.15338425972806177,1,1,0.9987658827279147,45,0,0.955691357892485,20.003180125650886,10.169273569374017,0.775387336448863,1,SUSPICIOUS_BEHAVIOR
3.8449370759025525,0,0,24.81294609152109,46.893475928076505,0,0,0.0326708899486313,1,0,0.14160619174213912,2.553944229402095,443.52065811352975,0.025308891742681628,0,NORMAL
3.0377242595071916,0,0,2.2204580829295573,19.904881637987007,0,0,0.06055502565439344,1,0,0.054995655014468466,2.014248101149689,361.4727948633735,0.17800378022975294,0,NORMAL
0.19656069920549468,0,0,52.80474525368749,51.96692461780012,0,0,0.015393836601603473,4,0,0.045714136919598865,2.4385237864812366,407.12757386016114,0.13955940661250477,0,NORMAL
39.65070513960003,0,0,24.292611523069915,0.656753589203048,0,1,0.9800972636224815,30,0,0.8667388723432894,18.593138443720036,4.890521569770497,0.6974874582325521,1,SUSPICIOUS_BEHAVIOR
1.2894384271660115,0,0,3.891215668978101,29.659760051396113,0,0,0.17849381879040235,1,0,0.09507747281029859,2.9551934465890772,410.21410248250635,0.04198636633469688,0,NORMAL
36.22041152864728,1,1,1903.464165563106,1.143343543841737,1,1,0.681371000861655,36,7,0.5552842821445393,7.174116014600234,57.60530313917553,0.8368179753264342,0,REPLAY_ATTACK
24.50714175460196,1,1,2838.245431006956,1.786181454785074,1,0,0.6586103279125475,32,10,0.7240838176151184,12.554117808425419,22.936920729842054,0.7179154091996757,1,REPLAY_ATTACK
48.174822557514176,1,1,2844.021631916897,0.3755269198126524,0,0,0.820586673884946,49,7,0.8365386654989795,18.21024570576763,20.949747174531595,0.8031979991102682,0,REPLAY_ATTACK
2.9870655108515414,0,0,26.041161970432515,56.646243128483604,0,0,0.16508797914972576,3,0,0.11225628741422738,2.6365436578795887,249.3552240640144,0.12930701975614653,0,NORMAL
1.9925236719868673,0,0,44.56239127199886,57.08628558094625,0,0,0.1921492605542711,4,0,0.11549604273099014,1.8355510248281184,380.8655375910543,0.17773864295695968,0,NORMAL
0.6700761422532037,0,0,36.6588593310595,36.12882996683726,0,0,0.02250062610532635,2,0,0.08109164914870935,1.0834906736453174,321.23963967310357,0.19153269496179465,0,NORMAL
25.14003893437004,1,1,532.0915828586507,1.825482831040563,1,0,0.6442442245220119,46,15,0.6500634658337456,7.214206343401049,29.107016237548123,0.724940531543592,0,REPLAY_ATTACK
3.293468158094725,0,0,26.31692515137543,40.62867341724096,0,0,0.05750223987675181,0,0,0.04716511587171081,1.5057366951907967,436.55522789980046,0.18027998824584665,0,NORMAL
3.566223936114975,0,0,38.97879893954211,58.22383269504058,1,0,0.01054879043244348,1,0,0.0005484467016973914,1.7261360212994619,397.72096732461586,0.135963625043994,0,NORMAL
2.9029417513902174,0,0,55.68501841956299,48.0503961747696,0,0,0.12086088396429578,0,0,0.024707662041447136,1.8404806982055104,300.66601811254816,0.04289164586483232,0,NORMAL
25.352526532154442,1,1,3336.809970885259,0.9497118057977475,1,0,0.6392277479625418,24,11,0.8229069826421636,18.104477047794077,56.99277336551594,0.7884965099971437,1,REPLAY_ATTACK
3.999276279736576,0,0,21.329580626481444,19.080698387830132,0,0,0.12960606361104285,0,0,0.08135798402856581,1.2102603730685826,180.3173498781997,0.12680015348319762,0,NORMAL
27.83100445652545,0,0,13.549100540496704,1.4655578686473163,1,1,0.9290253442662015,38,0,0.9803593454773155,23.181197009919032,5.944626410681825,0.6724249411691757,1,SUSPICIOUS_BEHAVIOR
4.950269250521316,0,0,47.853546038231286,40.09617155075658,0,0,0.16529292189843658,4,0,0.07463491250830888,1.333419595291407,362.4134621514081,0.1504309784515332,0,NORMAL
47.97431598151264,1,1,1437.3061278027844,0.4330084778592562,1,1,0.7093335838944724,29,8,0.8321929300344777,6.49535054861057,10.577462078670216,0.8915941942358139,0,REPLAY_ATTACK
0.876856393117248,0,0,35.89351764382433,45.716331786749876,1,0,0.15801664999428755,3,0,0.13377303171099192,1.024732105762493,214.75379219066042,0.067817522652536,0,NORMAL
21.70058520982451,1,1,3039.7395210419577,1.0928828533674981,1,1,0.8621076699190551,29,6,0.6238922399542108,10.600791568210127,49.8521547782518,0.8913677596426585,1,REPLAY_ATTACK
2.1873746101186455,0,0,5.732118830080091,24.05022494543568,0,0,0.14506527814717562,2,0,0.09062609072588877,2.3588606740932363,539.3442348646561,0.09295684118750017,0,NORMAL
4.327535629469901,0,0,41.6970653341477,35.793095135616404,0,0,0.03517805668373242,3,0,0.10179901407403456,2.41440830261885,419.40162449723175,0.16975054011304702,0,NORMAL
5.910844148800515,0,0,168.72354009124524,4.971335295945857,1,1,0.2205081329852613,12,2,0.49212446423538814,6.230051454733495,90.47605264454208,0.3063703463348453,0,SUSPICIOUS
3.0531002122081627,0,0,4.090338563129614,35.951614006477435,0,0,0.06189251528923648,1,0,0.12493403923308441,1.2733105608955573,473.2883368153613,0.005269466438783521,0,NORMAL
4.924205994811673,0,0,39.61816318208029,22.367015790954166,0,0,0.033307702699454,2,0,0.04808042502097433,2.895819216203467,450.1913498299561,0.18581527205136475,0,NORMAL
39.197121946463795,1,1,1275.1792216577182,0.2677673212045754,0,1,0.6596009219324372,47,17,0.865704802470415,5.502140968673393,34.91234253294016,0.6518820890575555,0,REPLAY_ATTACK
0.2584086058430385,0,0,1.8951686895385222,50.12928397899064,0,0,0.15670030051758177,1,0,0.004228701067083324,0.9963571471705042,189.46110534552957,0.05224003425478259,0,NORMAL
7.234125449296251,1,0,271.37965849780545,3.1042208715031743,0,0,0.5995379308738524,14,2,0.4389742820045442,7.908053278212164,51.483072422908066,0.412611286764094,0,SUSPICIOUS
50.988943732182406,0,0,6.191602267445423,1.3493966485504552,1,0,0.8384586875620155,32,0,0.9562650225141032,18.50205601457123,8.346555140764522,0.8626999643393446,1,SUSPICIOUS_BEHAVIOR
3.47987103046849,0,0,38.6146617117915,16.574455994899083,0,0,0.09056496105686536,4,0,0.018372212527544583,2.072262862309038,344.5676079801806,0.049875157599178425,0,NORMAL
48.81297109305606,0,0,19.282257012042752,0.7310051797450062,1,1,0.8439869480389938,20,0,0.7628243768785856,24.06127075275031,11.046797556171807,0.7247755528627351,0,SUSPICIOUS_BEHAVIOR
4.53177192547368,0,0,34.23658479832978,27.363851951525376,0,0,0.08222886729599742,0,0,0.06667199669666865,2.4838435055720773,182.25900383521292,0.016800342904125132,0,NORMAL
0.8718321450249572,0,0,32.39912278295133,51.852056262147,0,1,0.16333104864032472,2,0,0.08049112638956614,1.0275167292688152,431.37362041585703,0.12066511312891968,0,NORMAL
41.85751813649609,1,1,1132.6082526319506,1.1653830065661115,1,1,0.7973835974887762,30,12,0.5342007831304707,7.036515583426138,42.51049491740249,0.7082690057607841,0,REPLAY_ATTACK
19.25541574801843,1,1,2332.387932975971,1.1837450547078496,0,1,0.6254352169863145,16,19,0.5814937364399113,14.447658450118709,10.351601683884546,0.6532043502484529,1,REPLAY_ATTACK
28.24754413055983,1,1,1163.441743707181,1.2264400980376844,0,0,0.8275983338814685,10,3,0.8667124899124445,9.285794108513073,26.255340928183674,0.7939227324031572,0,REPLAY_ATTACK
0.5502596226383838,0,0,48.57096448349269,30.888048963754986,0,0,0.09712685968266808,0,0,0.09572098537744039,0.9220840166314253,590.4249326287127,0.1786918108334232,0,NORMAL
0.4972069637967258,0,0,43.587702906780294,50.543929050395924,0,0,0.16016361997195006,4,0,0.14039912685026665,1.7973434106618922,324.9145539054257,0.1765484152414161,0,NORMAL
1.7040177012650892,0,0,20.220190585877177,54.504851759190416,0,0,0.1436028356254003,3,0,0.05535265986167591,0.9782228917412858,573.9022453195186,0.10425355076481316,0,NORMAL
2.915207804848461,0,0,2.118681296414344,30.82829142411461,0,0,0.0751642438015882,3,0,0.12611776079086717,2.3089517510999524,386.3567202361963,0.02323615500237819,0,NORMAL
33.36793048019756,1,1,1510.6766313918818,1.2195865385150817,0,1,0.9659660164337636,13,18,0.6213298561122393,14.79286273399683,28.320335659632068,0.8955013668781042,0,REPLAY_ATTACK
2.2007624686980067,0,0,18.91742026983662,22.5483330670149,0,0,0.18452075141879157,1,0,0.029043571469319115,2.0363525455532887,471.57822198419024,0.08136185827136988,0,NORMAL
3.7302243963271167,0,0,6.395581818479443,41.17029790797201,0,1,0.013607462818333938,4,0,0.07272881095741554,2.028737131797998,190.08811468421194,0.062029444218160416,0,NORMAL
36.947607146419884,0,0,6.236641657894334,1.472000581839064,0,0,0.8227568124159396,27,0,0.9660958880520574,21.225076415890022,5.591741819358575,0.8624183477955221,1,SUSPICIOUS_BEHAVIOR
2.8580634473494992,0,0,55.36543143080366,16.218419950025513,0,0,0.1001239064667862,1,0,0.050527155217072905,1.6716290924909631,287.26942838191457,0.04709428340217543,0,NORMAL
3.7892305523218455,0,0,43.15210669633583,12.976235017388584,0,0,0.06329142617488324,2,0,0.09393889119936401,2.9095441529704513,274.9925129173925,0.12981834810770962,0,NORMAL
1.6951489552435035,0,0,2.744522028750771,15.549473460674054,0,0,0.0409604818112419,1,0,0.005819918209333119,2.300669809868489,558.5174454732935,0.0747281636933397,0,NORMAL
46.691132877898106,1,1,1253.1213469134264,1.0125487576020265,1,1,0.6244968426205973,24,8,0.73038151952118,19.691966745582683,50.59945445605207,0.8416399308431532,0,REPLAY_ATTACK
3.3009868835886564,0,0,52.3070139955321,40.39526070453519,0,0,0.0809937174752377,0,0,0.048675997375342096,2.6683865977883947,460.7062623707385,0.12014795489007868,0,NORMAL
3.48507870497634,0,0,23.549613384401088,39.58485811531628,0,0,0.0581753708463165,0,0,0.09347586367982809,2.3318085385332665,322.97683634836176,0.12711869640163745,0,NORMAL
15.223781322660685,1,1,2884.8327768662884,0.33444929113114985,0,1,0.9547054580167805,33,2,0.6957324320729713,5.8957682617978735,19.99957854220332,0.8784359403176367,1,REPLAY_ATTACK
1.2912219414947916,0,0,32.8018447628442,42.39087229952642,0,0,0.08782613216097011,4,0,0.04881274210239117,1.7287855645795664,540.767097040809,0.03883053932370981,0,NORMAL
30.73513461108591,0,0,22.530988846128256,0.9972483307720897,0,0,0.7790450131428709,52,0,0.9961265613644348,10.574793939442452,3.2557205540216714,0.7327966253694834,1,SUSPICIOUS_BEHAVIOR
23.953693111752713,1,1,2056.5794976945444,1.127748583351997,1,0,0.9514476222819918,22,18,0.6643858065601735,12.749083445527992,27.589279443599434,0.6678084756607998,1,REPLAY_ATTACK
2.770890012578967,0,0,20.05429912176365,40.077693964991205,0,0,0.04686501313010536,2,0,0.11124567279264314,0.7595984652773189,267.26125589284857,0.17354947801634613,0,NORMAL
38.15317486338463,1,1,2020.2464086473253,0.585832737073947,0,1,0.6521396826649936,47,4,0.7388165787338736,10.503277274562333,20.33027058490659,0.8623304728747201,0,REPLAY_ATTACK
11.223153564542642,0,0,62.94975867736102,6.810941015920531,1,0,0.3710771636464818,14,2,0.2875171661541083,5.489690266978031,30.403352399297596,0.4967619577394279,0,SUSPICIOUS
5.8897553586933835,0,1,263.3177896807458,5.288340523367444,0,1,0.4372423820448658,10,0,0.3958067118022777,7.929808422007087,117.23179174122342,0.25699895276068535,0,SUSPICIOUS
5.2027997376742,0,0,101.43777626342154,8.817892199807288,0,0,0.5310717628814161,15,0,0.48406021924878945,7.578456750258188,103.22724214216476,0.4807922254132173,0,SUSPICIOUS
33.5995334142819,1,1,412.2546111919067,1.760979564141941,1,1,0.6873823709741304,33,4,0.6725473197618687,17.19819928524212,19.3750215500458,0.770128523739758,0,REPLAY_ATTACK
33.39403077609019,1,1,2043.945520375986,0.8285270774131331,1,1,0.9277144945136413,49,19,0.6786327108382018,15.42382046959792,47.81633229829354,0.5443742389609244,0,REPLAY_ATTACK
17.45384274535088,1,1,1242.514767959172,1.1699123333663703,0,0,0.9248428782157201,19,17,0.7940991623874556,12.297506211540703,50.77865490487742,0.5896226652183907,0,REPLAY_ATTACK
1.9827139116063508,0,0,44.21242469665093,26.0747850623941,0,0,0.1643678645505805,4,0,0.08832154052343348,1.9387525461726476,540.6307055594442,0.16280334710398603,0,NORMAL
26.52800213755549,1,1,3184.762061530775,0.9190619139321343,0,1,0.6274373961631583,25,11,0.5043570137961303,8.45459665114484,45.21630704000223,0.5870334855471824,0,REPLAY_ATTACK
18.22905361534547,1,1,1107.7722333805145,1.0643337868142508,1,0,0.8023174401811927,45,18,0.8890443339603038,5.2903276374627834,34.493613509451784,0.5199370600350905,1,REPLAY_ATTACK
19.194135634723235,1,1,1399.4942023588485,1.0630797256740752,1,1,0.7337922432496227,17,4,0.683456265279343,8.29282453589476,32.906693048031585,0.8087904316936843,1,REPLAY_ATTACK
29.08127337129075,0,0,27.663613078836537,0.8093964695059175,1,1,0.8512445469184948,59,0,0.9798394170618937,27.09010184636401,3.6418862607097395,0.918810297336963,1,SUSPICIOUS_BEHAVIOR
43.82010402291231,0,0,13.571225310699019,1.1072852303631722,0,0,0.8799523663429343,25,0,0.7412650772478845,26.01019291591376,3.224140420542658,0.8915534830688747,1,SUSPICIOUS_BEHAVIOR
9.951715922466663,0,0,113.18242330546737,8.416500474486424,0,0,0.4160262861136687,19,2,0.4916779405225132,6.948560046052745,47.36409926635157,0.30262850172782774,1,SUSPICIOUS
13.786975838260759,1,1,100.73362553948951,6.399907326927623,0,0,0.39359630013301594,14,2,0.46135109958829174,3.6743742320402384,71.18639693304969,0.3916170226451018,1,SUSPICIOUS
20.916862925985477,0,0,26.756046131439778,1.1282261889181633,1,1,0.9802230547814453,51,0,0.947404565250015,18.03739031298498,2.2119995350067443,0.6222426056747161,1,SUSPICIOUS_BEHAVIOR
13.554859546959575,0,1,256.37088032891114,4.184230365406875,0,0,0.5634771065211623,8,2,0.3928410526348628,5.137075600938547,97.79127728778847,0.3798920432206899,1,SUSPICIOUS
50.092438826938235,0,0,24.580384461653132,1.3257793160894489,0,1,0.8087379545843681,17,0,0.895050754476301,16.75011156894945,9.575584827895339,0.8107167639405535,1,SUSPICIOUS_BEHAVIOR
10.600039892289184,0,0,102.05383016786766,4.339563687979167,1,0,0.5740648042987112,13,1,0.3278842718763605,5.556622718305633,61.38281058254729,0.23401949820347262,1,SUSPICIOUS
3.9701259463514798,0,0,48.092226712979375,24.525225283571018,0,0,0.07656667895368706,4,0,0.0995687435912166,2.743547625195434,154.6904203254487,0.19165023444650064,0,NORMAL
1.9305131890038711,0,0,7.894061107635588,12.186953615447369,0,0,0.19805703411698827,1,0,0.13302473092034386,2.5064018703790696,530.5959178100582,0.02798379544539882,0,NORMAL
5.024545864438442,0,1,195.73543813630903,9.817501913059345,0,0,0.27299053243969174,10,2,0.42248265018300146,3.099399543486402,62.94138488326883,0.4862694072429265,0,SUSPICIOUS
20.902263907456952,1,1,3091.1265778999827,1.3770543721218145,0,0,0.9896495545384424,40,1,0.7774434377935344,7.460157919662293,41.877109240347096,0.8483009411994211,1,REPLAY_ATTACK
2.266444173740138,0,0,39.36971026086429,24.123937198851333,0,0,0.10360306978170396,2,0,0.10392017979448631,0.9437045874775294,225.2617356023187,0.04905801872872859,0,NORMAL
14.102217014103122,1,0,296.8311826031752,5.23449944975807,1,0,0.5929058245422785,7,0,0.23611488943238593,7.471140213701235,93.44072180593164,0.4947342071141224,0,SUSPICIOUS
1.643758051437541,0,0,29.806011531550162,32.4674871019821,0,0,0.1402998202930332,3,0,0.06357122777603613,0.725489250500611,383.5891273158966,0.17864722944198935,0,NORMAL
42.56871908133462,0,0,1.8183107135344045,1.0759978906893586,0,1,0.9091977310953747,58,0,0.9504985066614465,18.68519520373728,6.189282950785097,0.6786318704326996,0,SUSPICIOUS_BEHAVIOR
45.25185388886393,1,1,1068.7598385151502,1.5040374250110864,1,1,0.6893455523545347,38,13,0.8723025887848608,18.73799069616907,43.53188162218018,0.8837590929700994,0,REPLAY_ATTACK
2.976925086600219,0,0,38.74864875931236,27.92892307624366,0,0,0.10120893848236732,3,0,0.11299693978188856,1.6222793064819752,390.0906027795501,0.18691161450865637,0,NORMAL
34.41374839022287,1,1,3518.1978278147,0.3720219006308011,1,0,0.9066095106417723,11,10,0.8271923399716061,17.141949003589918,32.20106786153059,0.7430736961805079,0,REPLAY_ATTACK
36.06580708848168,0,0,7.515042740878188,1.0094133224649746,0,1,0.7652381030811685,45,0,0.9413599884533312,27.930164702230627,1.434434455629236,0.7305445152898468,1,SUSPICIOUS_BEHAVIOR
0.6233134060163342,0,0,15.902785699500242,43.33002395233096,0,0,0.16416980185262575,4,0,0.14568298678282415,0.5374962509428417,466.7093607953797,0.02690509845783691,0,NORMAL
1.962225537113177,0,0,26.987078929279352,59.56639507821103,0,0,0.1257468030119986,0,0,0.08863741392408402,2.5106528859461252,287.0249597545039,0.1475906240505877,0,NORMAL
8.607884010787267,0,0,103.89450535900781,8.792566999227937,1,1,0.24411069131062677,11,1,0.33484458955562846,7.988481093306067,38.752879426997914,0.29232485498234606,1,SUSPICIOUS
0.7821852133554302,0,0,4.897798921835374,31.09140892694157,0,0,0.028562860894573473,1,0,0.061503568011261445,1.2082413199942557,308.6163671958495,0.014593666585137544,0,NORMAL
1.3433867969247304,0,0,35.29213601690343,50.33467598473696,0,0,0.15536427344805623,0,0,0.00011842666398281798,1.1301747171254288,345.43404333677927,0.15131053201156328,0,NORMAL
30.109754030288478,1,1,2193.3140946132276,0.4439608805144025,0,1,0.9482778009024615,27,10,0.5128667698643352,14.847956542822791,49.56040023993862,0.799462477614062,0,REPLAY_ATTACK
38.6760382062016,1,1,1477.329719155237,1.7472885691404973,1,1,0.602255449400155,39,12,0.7943314788202314,8.870288940871497,50.822929756261274,0.6585456810982914,0,REPLAY_ATTACK
2.2541968570206605,0,0,10.44656012004506,33.845005323398496,0,0,0.1259367190518406,1,0,0.0367918957461551,1.0826329699621466,591.6903550038363,0.07790983289630449,0,NORMAL
29.075564904577675,1,1,3116.6537622293527,0.6731999679814651,1,0,0.9776514396061519,17,14,0.5786146949614996,11.193320447980373,17.275612784610104,0.7764178179744993,0,REPLAY_ATTACK
2.169258246189865,0,0,43.63014418597848,27.73856459179921,0,0,0.03228953720658421,3,0,0.09267197918839296,1.1306320846379259,381.2064556521377,0.0782756186727494,0,NORMAL
3.754355338957487,0,0,37.0286991962418,42.29111931432421,0,0,0.07889587816777151,0,0,0.14009811277689257,2.160185302999585,567.7661862529436,0.031925986650552816,0,NORMAL
3.167004271583629,0,0,59.26713121289324,39.29323942267596,0,0,0.09186873111879129,2,0,0.09747958825538625,2.015037506198608,575.5739793063585,0.17727527692487904,0,NORMAL
19.16414808014515,1,1,815.8381745279985,1.8124084030610246,1,1,0.9642856570632232,47,17,0.7407146675406543,6.264990723043025,29.255262156919198,0.6009008203628808,0,REPLAY_ATTACK
4.113002803298292,0,0,34.05245089569349,20.349628921921337,0,0,0.0078723759639459,2,0,0.035494969720501326,1.6018873586032947,569.5514935958429,0.0482413549256046,0,NORMAL
36.76420345146826,0,0,11.374179473177772,0.30186524946861426,0,1,0.9737807565216703,52,0,0.9558415941108842,13.548922949374871,6.332420076125745,0.6888175104268436,1,SUSPICIOUS_BEHAVIOR
13.421660300613832,0,0,67.24608368092527,5.4124228339331175,1,0,0.2643748044809674,13,0,0.4629056339081575,6.613636390223135,48.848554752504015,0.24472692463047435,0,SUSPICIOUS
6.658779246625355,1,0,91.246670368888,6.912249587589205,0,0,0.4405504845772642,10,1,0.2664991529262165,4.753511637153637,86.55027287687884,0.3107990506458934,1,SUSPICIOUS
1.2589114791268208,0,0,20.868552474131583,37.03968774927722,0,0,0.025223064475082116,0,0,0.034300612707690505,2.3221762737214897,566.7876827254856,0.05395921157847283,0,NORMAL
11.443657004925674,0,0,265.5042368457795,9.678675051191014,0,0,0.4210989790386814,11,2,0.3367647765272309,4.285573315020725,108.33646529478898,0.47178656292481475,1,SUSPICIOUS
3.6599697090570253,0,0,52.3767501525845,55.312729026051834,0,0,0.17090947864043607,2,0,0.05005563113634449,1.1423807487711746,139.44440301183448,0.19727643432577846,0,NORMAL
0.7353674046451897,0,0,1.4183151627801838,58.94905575874044,0,0,0.13003743328913067,2,0,0.14806501288861748,2.1572656308614144,397.4760236087192,0.05084356581333765,0,NORMAL
56.015040893903965,0,0,25.570503500515024,0.7912772879217261,0,0,0.9625176892506828,39,0,0.7470935185391968,28.626112912737753,12.618148110025741,0.7837380812234975,0,SUSPICIOUS_BEHAVIOR
0.4891708032550074,0,0,1.8391501323483639,30.94738950937377,0,0,0.001236764528179335,3,0,0.10799393090542193,0.5555070324696258,317.3026529069079,0.15596373512462872,0,NORMAL
0.1269317783017243,0,0,43.96809268597504,49.01827515034408,0,0,0.08312555640583104,0,0,0.14063255061110078,0.5231039710137859,363.98961325281334,0.09518533947299267,0,NORMAL
3.703843088771022,0,0,4.346813267673532,41.56537765459944,0,0,0.10252304882063999,4,0,0.06486557500747545,1.5371171257539875,480.8062881750832,0.16147418795849788,0,NORMAL
4.2243765548472725,0,0,26.71831530015993,25.315674938910632,0,0,0.11529778062797319,0,0,0.1170126035602447,0.6724750217761486,174.6937293333809,0.07757970579034597,0,NORMAL
25.73440446354494,1,1,3084.7346602556436,1.7661127888783832,1,1,0.6891465239569763,39,11,0.7967397669841016,7.887746250301352,27.812839674916958,0.8344091666963107,0,REPLAY_ATTACK
0.4067439032094988,0,0,40.40594599949504,17.707252158924355,0,0,0.16876257273166123,3,0,0.00705917968154211,2.1735301606341086,559.1453520583219,0.19339700360560752,0,NORMAL
4.050566973395904,0,0,51.607343831352274,29.22556638224063,0,0,0.025814249386176293,4,0,0.09561069183917752,1.9629869634821346,486.37689129751635,0.08843082275731656,0,NORMAL
0.07728308264433714,0,0,45.661439456579934,52.78480469187697,0,0,0.1434523751731513,3,0,0.13173787015985197,0.8182796968668125,513.1715165652902,0.1619826240612181,0,NORMAL
41.71799751792451,0,0,6.045810087547273,1.366967634494354,1,1,0.9371525143519468,38,0,0.7467809917462697,24.795355755012764,12.977692866097392,0.8884883667612258,1,SUSPICIOUS_BEHAVIOR
13.191645000962298,0,0,126.009662145776,5.11331693210784,0,0,0.38821659441839007,17,1,0.4888927827093457,4.576402565519613,94.75514895429893,0.21859251079685582,0,SUSPICIOUS
2.9563771787246464,0,0,17.726686648645217,34.9447832267971,0,0,0.024075629901106767,3,0,0.02358534976413502,1.7563690168050579,307.0355626982954,0.12295419063125246,0,NORMAL
26.745128435403814,0,0,21.69103292552387,0.6327925861261028,1,0,0.7808908495650028,58,0,0.8070270037593082,16.144845014991482,11.225175228631379,0.8106075405641657,1,SUSPICIOUS_BEHAVIOR
1.8213493052403773,0,0,48.021390469341696,23.808477891044973,0,0,0.17816642965792673,3,0,0.12377023134921286,1.6304573484002698,172.98923243996822,0.05773326053509209,0,NORMAL
2.2422276098915987,0,0,56.19634153769769,58.200870355885115,0,0,0.07725754102910905,3,0,0.03670733955355514,0.9814540811463197,402.8483226032002,0.14501920377953018,0,NORMAL
4.566202762782357,0,0,2.3771295209014287,42.611212977273624,0,0,0.1560096174080087,3,0,0.11074432657174614,1.7151438547567022,218.162082572542,0.19569889293435816,0,NORMAL
21.662632830198874,1,1,2584.959464503125,1.581850501418011,1,1,0.6922397739400732,25,2,0.5270815720712501,19.84742735616524,39.48436197750344,0.8746304336294928,1,REPLAY_ATTACK
1.4722444603479286,0,0,47.79223745857058,14.692864241167811,0,0,0.07721018713036716,2,0,0.12039843662283296,1.3407818187623888,532.3825726805919,0.08952477453310499,0,NORMAL
2.8671894406164307,0,0,3.425211365358891,11.376835993473275,0,0,0.010331471422928208,3,0,0.13683818416517335,2.333504623337264,181.19986880255314,0.018248968260851074,0,NORMAL
12.313450951852715,0,1,285.26132596255115,2.7653496834257014,0,1,0.3380816124159137,9,0,0.46083773496136626,7.162447372097243,63.441579766458005,0.43156764389757635,1,SUSPICIOUS
22.706941466319336,0,0,16.490527675597086,0.3219581498282546,0,0,0.7847212986537593,51,0,0.7269391798218581,19.985668023261063,3.1236662869699336,0.7802216192395708,1,SUSPICIOUS_BEHAVIOR
2.1948571035281805,0,0,4.806890783080508,35.37059693589045,0,0,0.06716327292830691,1,0,0.12065616212065508,2.3277574575089055,409.34761548804454,0.020506907622528804,0,NORMAL
2.713622216737981,0,0,54.10571952812541,52.182483202591186,0,0,0.08103942851506594,1,0,0.10960185172925853,2.4069976321895137,315.15254779463567,0.17913024608038372,0,NORMAL
2.8494484243565825,0,0,19.4805556134036,57.896706052838525,0,1,0.14748628828542443,3,0,0.08134499634316186,1.4694108213243744,169.14934214072474,0.169083840340154,0,NORMAL
2.7476444116186776,0,0,57.90712178616273,55.00415915082404,0,0,0.11530899799022801,1,0,0.06635906111222904,1.6296726116306945,178.83991512344784,0.06612016199400038,0,NORMAL
16.270369744376232,1,1,1180.8762528909956,1.748410270640134,0,0,0.7083496221284002,24,17,0.6774036407120458,5.260461138274185,9.063592523077592,0.5797329838856855,0,REPLAY_ATTACK
3.1613214395976517,0,0,13.476936710631115,28.58620332011716,0,0,0.12600373612376548,1,0,0.10337150354705064,1.6228705068305314,442.6862111676317,0.014831821154806147,0,NORMAL
19.64051337417356,1,1,2295.1816752027207,1.579904865405909,0,1,0.7222204456892853,47,1,0.5358218546975195,13.136987443330206,18.645181614092863,0.7764666919123016,1,REPLAY_ATTACK
20.424296934812777,0,0,5.432421069238231,1.267933801496896,1,1,0.990001800011588,34,0,0.9748001627787528,16.478561631315394,1.1284499181407526,0.9804171889903156,1,SUSPICIOUS_BEHAVIOR
1.7783635823247457,0,0,35.26616165173189,45.058493079512985,0,0,0.17950646530441683,0,0,0.10631484485184818,1.1581154370763609,282.62456156501423,0.13966266478811204,0,NORMAL
53.791614411582465,0,0,17.061838249444797,0.4167956782111347,1,1,0.7197330110233433,52,0,0.8496254623272905,29.89324597744509,13.675690508017984,0.6646829384541425,1,SUSPICIOUS_BEHAVIOR
39.44013792952907,0,0,24.39260892341459,0.34649385045272063,0,1,0.8226027936376591,59,0,0.9110856982065063,23.740476761424105,13.004139818577734,0.934333304363936,0,SUSPICIOUS_BEHAVIOR
2.074097511688326,0,0,17.09237411771537,20.535248193360157,1,0,0.12779260439465692,0,0,0.14132781817344578,2.507689105844362,331.77652906220754,0.01780063559653593,0,NORMAL
21.3067685414956,1,1,883.9447986895173,1.352528617011652,1,0,0.6156874005120058,29,18,0.6584890960530302,7.771066125357178,47.991202066728405,0.6064448464799693,1,REPLAY_ATTACK
1.9859176480922742,0,0,12.24213807773393,42.73253434329773,0,0,0.038463154556870105,0,0,0.04158876245237792,1.9335040647442596,508.336584115364,0.07414213140755681,0,NORMAL
4.623468091392814,0,0,37.95731358803689,11.65946772812131,0,0,0.026739130879887243,2,0,0.02360573750248656,2.4804748456881125,512.6326901170586,0.006683598941011892,0,NORMAL
3.3878218092114123,0,0,37.01561510254453,44.31635983430487,0,0,0.08510113185436857,1,0,0.11230082628764862,2.8043166736291534,277.79807440781116,0.09706897942688363,0,NORMAL
0.684093154594807,0,0,4.137480981385271,25.489392960454964,0,0,0.15302976997225282,4,0,0.04728251060659291,2.980039923492089,444.3895851565118,0.1884687015342715,0,NORMAL
52.7243913897667,0,0,3.885798297010571,0.9017388164675693,0,0,0.7309599435717508,56,0,0.7577564922812805,20.9106855316523,2.68735003116853,0.7571779755866216,1,SUSPICIOUS_BEHAVIOR
2.7760040579973118,0,0,4.070223546310315,48.30323882676513,0,0,0.0726807863998854,3,0,0.01250685806531393,1.2871028885218383,348.7526129184089,0.16374759809093042,0,NORMAL
3.7412984519182917,0,0,43.83903061435477,25.667395879257157,0,0,0.038498630127165416,4,0,0.055156276219131474,1.2731702787492383,493.04923653101264,0.1680899163277611,0,NORMAL
25.66904814435506,1,1,2701.8007414854355,0.13797909799529148,1,1,0.7708532076790287,43,7,0.7361266145995928,10.669440803289598,35.35816967836962,0.6376960554875803,0,REPLAY_ATTACK
1.1881877199619983,0,0,52.31061166471392,32.51754894527063,0,0,0.09483158917581594,4,0,0.04472255344148334,1.995765189240047,387.26982870755523,0.09835812652473362,0,NORMAL
1.109860809664747,0,0,33.90131957154097,19.306794887667397,0,0,0.09758003905586038,2,0,0.11521340676279998,1.963714845787589,336.27959655173635,0.05956946967200436,0,NORMAL
4.335361592900519,0,0,46.79105933360099,34.38335343106322,0,0,0.059571879678042255,1,0,0.08350638848292807,1.4243445271817219,466.8536279205358,0.011368114142477693,0,NORMAL
4.3678931205338865,0,0,19.980114783491874,25.81350748646534,0,0,0.08426017632667293,0,0,0.02943514225317834,1.9295719279567274,563.6900861730242,0.037482257596755386,0,NORMAL
15.223200916219216,1,1,2168.9749234883407,1.5047794496369056,1,1,0.872354904000172,29,10,0.7915156760416617,8.438587441580482,30.917361316454226,0.5707457899740032,0,REPLAY_ATTACK
46.23723610011581,1,1,2455.1779325772263,1.3623474881371318,1,1,0.7441097200495468,19,3,0.7322106462098393,7.313011568139817,6.759808715098304,0.6811311218805701,0,REPLAY_ATTACK
20.54495022921628,1,1,733.2583005452235,0.8324192200958067,1,0,0.6923190619578625,33,3,0.8836186686936984,14.53105075856913,54.50957114946438,0.7708479756617606,1,REPLAY_ATTACK
0.09110912825774864,0,0,10.858617162569386,52.28021814949534,0,0,0.06939179007551717,2,0,0.11556567041885055,2.3262866350658165,503.012730841584,0.08548838417131199,0,NORMAL
0.4683738391404624,0,0,25.940088062556114,14.826723509772041,0,0,0.03360401043853572,3,0,0.05752216838625637,1.8110908646443733,598.5554413500245,0.13078022927385147,0,NORMAL
1.728336416619316,0,0,6.246578963049981,36.00849461553756,0,0,0.19451364712994737,4,0,0.037485258245533476,2.8920891688576575,130.83345435525248,0.0983622644644912,0,NORMAL
49.218803087142405,1,1,864.932542648733,0.76058567929755,1,0,0.7987264322159939,27,3,0.8522701610853596,10.680150371994806,35.80821259719568,0.5778484562591272,0,REPLAY_ATTACK
4.383828183808747,0,0,28.561087762125993,22.09466470564446,0,0,0.013456922584302911,3,0,0.11194707188536152,1.1714490108324165,144.64049823536524,0.07085314426552516,0,NORMAL
42.96333793459169,1,1,3152.293272728491,0.5923052127970725,1,0,0.7543281155496103,30,1,0.7834617618957542,7.9776342925799195,9.072638108765265,0.5658607689379223,1,REPLAY_ATTACK
2.5939531087168306,0,0,51.07241484292612,13.970329232151476,0,0,0.12064261241990087,3,0,0.10095122494330154,2.7531480194914084,534.51696150679,0.002435967083308288,0,NORMAL
4.936380646574722,0,0,14.608937794577956,44.38610212152803,0,0,0.022793177423848232,1,0,0.010201534792863075,0.6625019723722212,207.52088811754538,0.03994565602224731,0,NORMAL
2.0731206186351185,0,0,14.441562709950297,27.85605796502514,0,0,0.047294982447738915,3,0,0.02211795138992693,1.5318958006934835,197.70989282513204,0.16538980501682218,0,NORMAL
0.23001321010876374,0,0,58.48758972880699,15.724381903295257,0,0,0.19331168787610883,1,0,0.14186647458695206,0.8006774078215171,314.3571908495251,0.006371352505652017,0,NORMAL
14.664092961234289,0,0,230.05899001559982,6.348351317195537,0,0,0.48708890189739656,14,0,0.47611694945001104,4.460884016910224,74.03977484618125,0.26571150849261754,0,SUSPICIOUS
30.947820638653955,0,0,19.61831016539779,0.34169689709240764,0,1,0.9096707715682428,39,0,0.834968756796428,14.561755366944853,2.3135822920635016,0.8431488043966073,1,SUSPICIOUS_BEHAVIOR
6.333812366377428,0,0,91.57697085094229,8.228424204148336,0,0,0.21809185236808598,17,2,0.2874976311502811,7.084916904045347,102.55006358925644,0.28067129136844443,0,SUSPICIOUS
2.262197580663467,0,0,36.112895378179324,43.121700585053404,0,0,0.09490671252448815,0,0,0.09349716506385862,1.6425598804815638,128.8917968380588,0.15101879345962932,0,NORMAL
3.8011392994484328,0,0,9.121491187718886,48.657093695933575,0,0,0.03374988767964591,1,0,0.04278665134601498,2.8897969999051103,345.32873383394104,0.12405576342016858,0,NORMAL
0.9170225492671691,0,0,55.51489904493995,30.554780130035326,0,0,0.04234917241048391,0,0,0.07804854392870786,1.452867205086839,596.545909529287,0.1502546233875492,0,NORMAL
3.257101941759321,0,0,47.093818626688055,24.827995610296533,0,0,0.003930296549369561,3,0,0.04539605109552218,0.8089312264987263,137.29794119960997,0.09021521436497193,0,NORMAL
7.300004525483999,0,0,85.28013461879144,3.487627563128213,1,0,0.272499122426462,12,2,0.33313845229391864,7.819767126941436,115.39934624095174,0.4955101535017879,0,SUSPICIOUS
41.88608393393438,1,1,3103.1181410682357,0.29548386611189714,1,1,0.8853676243602686,44,16,0.5485849048392213,5.584552036989824,13.739798918152305,0.8705479646446932,1,REPLAY_ATTACK
32.61559115040333,1,1,2634.853294293099,1.0131102037325814,1,1,0.7696121782389148,15,17,0.6396163982762073,16.307749595857487,17.613459930577836,0.7679674861882528,0,REPLAY_ATTACK
2.569947445799054,0,0,35.19650779052844,30.255134726378323,0,0,0.19512038383133049,1,0,0.079096634346359,0.9269007086259641,453.7530958197046,0.03567965038571621,0,NORMAL
2.158297731148397,0,0,5.2585648058303125,48.37838142589591,0,0,0.025222028335725,4,0,0.07191824672246484,2.9054647737295003,448.175781947818,0.10101156005408174,0,NORMAL
4.5742295053405,0,0,7.6857447819720015,59.662750771148204,0,0,0.17731908830047968,4,0,0.06574479120497488,1.1886166994762726,274.39798626947857,0.0950395438913899,0,NORMAL
5.400131305351243,0,0,290.4030377406525,9.907119029118903,0,0,0.22907356440104923,6,2,0.2439127816004471,3.783170905952594,116.08483122993887,0.4974205589148834,0,SUSPICIOUS
1.8743528976185204,0,0,2.8927223316333617,20.065605391121665,0,0,0.10118516002927878,2,0,0.14458740181097826,0.7699061202770889,370.5045417251896,0.08646677997573307,0,NORMAL
12.087285799048995,1,0,254.44940388080053,8.48656430270521,1,0,0.5893042973455598,6,1,0.24006747975904508,7.44053959505736,108.60324956844768,0.2693454102688031,0,SUSPICIOUS
3.899377729288119,0,0,7.805174407837918,29.020027448520484,0,0,0.056553091412019724,3,0,0.05652159416613187,1.4093138028392107,283.47644996213694,0.17314019846480075,0,NORMAL
7.915767695757653,0,0,296.3850885530072,5.626397909172343,0,1,0.502272710819808,5,2,0.25600969546315183,4.274409782055918,72.14037636833692,0.424567695701203,1,SUSPICIOUS
27.0343152526477,0,0,11.947692274710347,1.318200207772432,1,1,0.8926040754025724,21,0,0.8914169374847847,29.863421663880878,12.800846168453365,0.6375679428672302,1,SUSPICIOUS_BEHAVIOR
8.463635031084943,0,0,263.1237071679416,6.766460259119757,0,0,0.22492709001967426,14,0,0.29375163709556074,3.9345476741353864,84.94555566376373,0.3651477408397753,1,SUSPICIOUS
2.6219513466379003,0,0,10.645726168182412,57.52295852876479,0,0,0.0014926280834438811,0,0,0.13064513997938138,1.130557835576547,458.99159929525536,0.14091720642667005,0,NORMAL
32.13936834206243,0,0,12.227950014965437,1.0523718802200044,0,1,0.9241258628184474,47,0,0.9423680070803514,26.36225093549182,8.028807056632454,0.7026250679612851,1,SUSPICIOUS_BEHAVIOR
5.858107717094389,0,0,163.61205240638668,9.44449621628458,0,0,0.22430770735849637,5,1,0.2894591894452788,3.239055318512399,118.775871883677,0.48257316345544393,0,SUSPICIOUS
35.685393164111005,0,0,14.880986698242445,1.2938314440247043,1,1,0.9259563111544522,44,0,0.7543336148550219,20.362678266886753,2.250007521435828,0.7342182384231488,0,SUSPICIOUS_BEHAVIOR
7.024621836388314,0,1,106.54267686736331,4.140094858830933,0,0,0.49576716546634625,7,0,0.4584692852749869,5.602043823412993,57.39991040913366,0.3234534808697631,0,SUSPICIOUS
3.2043737240160732,0,0,59.4753596221313,50.197925377626014,0,0,0.10506365289014429,0,0,0.13425507882801552,1.6247819527137635,341.0716836298827,0.12954181495804595,0,NORMAL
10.773417251963703,1,0,156.66086849938608,6.9943232062661576,0,0,0.39992890309943563,15,0,0.4800572938149892,6.215893084349479,90.56553602217318,0.22600356834524923,0,SUSPICIOUS
32.884503838765525,0,0,2.055779627909644,1.3040234540733635,1,0,0.9765636380108047,21,0,0.8477411867896706,18.513068956312104,10.405887566411318,0.877249284870683,0,SUSPICIOUS_BEHAVIOR
54.49220946306682,0,0,17.293795693777017,0.8014288008218751,1,1,0.8604219146240533,53,0,0.7235555169103607,24.851863692844603,5.310086074469149,0.9401435389417058,1,SUSPICIOUS_BEHAVIOR
21.325338487728438,0,0,7.712454655541046,0.7041760059343501,1,0,0.7021931465964822,39,0,0.7932089973817515,10.25239724178296,6.93009100604847,0.7344486143338596,1,SUSPICIOUS_BEHAVIOR
25.00862378164066,1,1,3533.640204515633,1.2929430628933511,1,1,0.8661312210321515,40,4,0.6794610429345236,6.575420971701984,16.08881741164293,0.7791636408300056,1,REPLAY_ATTACK
14.465638429787438,0,0,155.53036178498297,9.035338482115169,0,0,0.5449521538097095,11,1,0.25645525075038367,3.321874417575198,56.71668308519865,0.3967846132515176,0,SUSPICIOUS
4.546602010393911,0,0,37.55348258622055,15.738443593460874,0,0,0.13333713037850262,0,0,0.010760301562113744,0.5340996145897027,141.54288790690464,0.10075468874492682,0,NORMAL
9.157113091498484,1,0,78.59659138811794,2.8905145718204013,0,0,0.4453829706525029,7,1,0.408027752604882,5.70610314016447,57.36632563022313,0.3114301851940197,1,SUSPICIOUS
2.556711994304689,0,0,28.830416835469737,57.526552629310174,0,0,0.09432527303905235,3,0,0.050341386636135195,1.284455358264322,282.22559003542983,0.11768671128328496,0,NORMAL
43.957010541838464,1,1,849.5117447617425,0.8682019458679056,0,0,0.886330127517615,41,6,0.6835407270584519,16.771637469053527,41.426165284628475,0.8351949906430143,1,REPLAY_ATTACK
3.182052056318902,0,0,58.14615780844868,36.651443362307,0,0,0.11552261612742674,1,0,0.12028709292541898,2.4901713134923433,421.7862657722794,4.8174903573294796e-05,0,NORMAL
27.839148899666707,0,0,9.654825245072397,0.7825915085904945,0,0,0.9915742390377054,59,0,0.8830238320393734,16.693993890383368,6.152420737615298,0.978526778245463,1,SUSPICIOUS_BEHAVIOR
35.50587743234771,1,1,2386.51993223363,0.7700253509584865,0,0,0.6368221284389849,14,13,0.8100391854550639,8.151584634295546,14.737904200751043,0.8812002393198286,0,REPLAY_ATTACK
18.48374813887856,1,1,1507.9343324501153,1.9543666124329853,1,1,0.9753546084533566,23,8,0.5647501254933271,5.757185195407026,32.705780039704614,0.7427324171016981,1,REPLAY_ATTACK
3.7777556927152434,0,0,45.49430854224548,55.30716273828832,0,0,0.019898933774592932,3,0,0.03230389242819127,0.6232491560229249,223.5070861084076,0.12128195534876007,0,NORMAL
29.32589214472346,0,0,22.73436095676348,0.5773102324398739,1,0,0.882547325969085,26,0,0.7711882830985453,16.18268584507308,2.124717089991107,0.655151287692779,1,SUSPICIOUS_BEHAVIOR
0.3886731848249242,0,0,27.80964262803434,53.27885728122761,0,0,0.17780012216293317,3,0,0.1331627287007532,1.0371365160624952,362.4795415309116,0.19958302688245755,0,NORMAL
23.330902281828923,1,1,2133.049749334119,0.6049023485147904,1,1,0.8117615853426907,20,9,0.5509061967646045,17.887534296697304,23.395773048741972,0.7925502497132624,0,REPLAY_ATTACK
57.4458794639412,0,0,24.60083466796275,0.8793739391491945,0,1,0.813896204760602,36,0,0.709348705960151,19.631561638737967,9.267496155548358,0.8698376942942347,1,SUSPICIOUS_BEHAVIOR
46.548746226567346,1,1,1331.4437214518662,0.8121840272966029,1,0,0.8965004682865947,32,16,0.6578708640291518,17.20887314327723,38.409149250526255,0.7023583220580824,0,REPLAY_ATTACK
0.9534386033183329,0,0,15.134461210401696,35.29789538674658,0,0,0.15247224274143456,4,0,0.09321966339851769,1.530234024081348,242.40175320051634,0.009593511715895175,0,NORMAL
14.267075043390905,0,0,76.08673896900545,8.445478311015139,0,1,0.2656457758383161,8,2,0.27036323022441594,5.943458601817023,61.671455018279474,0.4092497108111284,0,SUSPICIOUS
58.0599775690941,0,0,5.00921621017662,1.0810246325085713,0,1,0.7012181758860626,40,0,0.9768474893795114,15.54587793812952,3.4788077549559846,0.9922444805015634,1,SUSPICIOUS_BEHAVIOR
17.453440460075107,1,1,850.4812728549526,0.1596334121540436,1,1,0.6726564056269861,24,3,0.5827553221829473,13.527924765320513,10.236547423315766,0.7337993918718649,0,REPLAY_ATTACK
25.584684463947923,1,1,1471.1178696586312,1.9656082035081959,1,1,0.767095270577505,14,15,0.8457665248539745,19.22690966454399,23.85752318702243,0.7149849481076007,1,REPLAY_ATTACK
51.90397397959154,0,0,27.047568786295884,0.25233034632209184,1,0,0.8218516038734458,42,0,0.9420345137057735,29.987058597400658,8.922456584594054,0.610541164891819,1,SUSPICIOUS_BEHAVIOR
1.37027610343603,0,0,3.513055754638752,23.26630687777335,0,0,0.08222545565187585,0,0,0.025691011599935937,0.8738732963923613,500.3792011868464,0.17543098007423885,0,NORMAL
2.357880942750792,0,0,46.84569516410639,27.404779658414405,0,0,0.09057667208310234,0,0,0.11804636990718012,1.6432915247320508,374.12915545981275,0.14795927438721984,0,NORMAL
0.027610585618011996,0,0,2.525591378181713,20.244063707535627,0,0,0.09700359750480825,0,0,0.11531462710817406,2.118055708494639,299.3118172987587,0.14413289090157247,0,NORMAL
3.490808570098726,0,0,31.144907108173083,51.37594610531515,0,0,0.10374956942294189,0,0,0.12494912078295006,0.9465721918857488,241.1586302287489,0.1816069752671443,0,NORMAL
22.937787640230457,0,0,18.307469348694145,0.6508727708240766,0,0,0.9151358456596876,16,0,0.8186733744088371,13.447858454940194,13.449158429188511,0.8809976650649958,1,SUSPICIOUS_BEHAVIOR
30.773835162444172,0,0,16.044544948294323,0.4531057505757208,1,1,0.9404291146625935,28,0,0.8954114657239698,10.478107049955925,14.276572162506273,0.7918175709828756,1,SUSPICIOUS_BEHAVIOR
2.043670855490482,0,0,50.442181680672,30.97239969786568,0,0,0.16598791864248869,3,0,0.008015190358652573,0.8595861774757771,277.88149354114773,0.05705559938817595,0,NORMAL
3.4787434449230856,0,0,7.212543322236506,53.85452905090945,0,0,0.05878335210098676,3,0,0.04252607854064091,0.5448946593753774,513.7406210924051,0.019731475346561812,0,NORMAL
10.323477279546289,1,0,240.43174668449007,2.9540013414517325,0,0,0.4771233575396402,7,1,0.34713785754724635,6.4527632019982235,93.62199135890913,0.37394982238005914,0,SUSPICIOUS
4.554635922469212,0,0,34.81034215363994,52.69809834777111,1,0,0.10082656838368767,3,0,0.04549215390981679,0.5729266714351862,459.9955435574258,0.19068716495156704,0,NORMAL
2.882582377571268,0,0,4.623496748059869,12.121114910344584,0,0,0.05625691271060682,0,0,0.08991458130414325,1.7618486884508793,450.2221632569803,0.11592217984565678,0,NORMAL
36.55927110436558,1,1,3317.8798409715673,0.6205417581136454,0,1,0.6915705164976709,37,9,0.8047850403182746,7.881457551398061,40.14569268173882,0.607326276150096,0,REPLAY_ATTACK
43.878558628657714,0,0,18.273618666398907,1.190113011504873,1,1,0.7826906110048584,28,0,0.7765334161499314,29.411105729509973,4.906282483861036,0.9389369303073477,1,SUSPICIOUS_BEHAVIOR
42.074788131830786,1,1,1558.0761126684424,0.9854648270500701,1,0,0.8599776135526487,40,12,0.5649944635555029,18.779653396785548,7.817268906589952,0.7562287082680244,1,REPLAY_ATTACK
35.13822367654967,1,1,1591.6425484267088,1.2103877872785511,0,1,0.6065625714907795,10,13,0.788994588181517,17.039595441163108,25.50473821780953,0.5135004235109832,1,REPLAY_ATTACK
49.84602015307152,0,0,2.127237669955252,1.0513726071992588,1,0,0.7010646975594313,51,0,0.8530295001024422,23.082349683560217,10.03375126146266,0.9004292557745669,1,SUSPICIOUS_BEHAVIOR
39.23193303694144,1,1,2557.742477290676,1.5735420565091491,0,0,0.6830728331857827,42,14,0.5067976998348523,11.031775070410749,20.286002162360283,0.8072609990411032,0,REPLAY_ATTACK
59.5462621965605,0,0,4.738391172653044,0.23564902562983533,0,0,0.8622436212394227,29,0,0.91933238821545,12.899840840054104,8.276898808731676,0.8707069086762389,0,SUSPICIOUS_BEHAVIOR
12.167977166993706,0,0,281.3115181270585,4.791959482415288,1,0,0.4328485483279344,7,1,0.4666148283838239,4.660867297656785,74.01156423119349,0.35654991454845497,1,SUSPICIOUS
0.3922819067113298,0,0,53.68899936363166,53.71112623425879,0,0,0.1230139508029396,3,0,0.009874476504473068,1.1054586139844194,593.2759546419165,0.1225185616551753,0,NORMAL
52.77275049387859,0,0,17.88982815011586,1.3286377224259867,0,1,0.9162995260134712,58,0,0.9446225923967426,16.909484073781186,8.604143731890044,0.6981936428589098,1,SUSPICIOUS_BEHAVIOR
4.477616142481002,0,0,28.477852544988835,40.288962472634516,0,0,0.17911114817477702,0,0,0.02561523900050053,2.401898270967375,572.1558945042584,0.06624276292462428,0,NORMAL
46.542125109752405,1,1,3082.31571317419,1.4741391868139533,1,1,0.8678252590616574,35,2,0.730147362790818,17.083884942917276,16.285735147732836,0.625456439674748,1,REPLAY_ATTACK
38.301816294936486,0,0,1.364338539181108,0.8595982847712949,0,0,0.7689203962355585,47,0,0.9939754956187886,26.897801356525804,9.034402143262492,0.6342166668902253,1,SUSPICIOUS_BEHAVIOR
42.76186299574697,0,0,0.1946856416099163,1.345996475613585,1,0,0.7663706043753706,29,0,0.8659110560375685,12.591573281681594,3.020234753765944,0.7563202213840421,1,SUSPICIOUS_BEHAVIOR
27.47337625178332,0,0,12.85050851439452,0.7437514032728505,0,1,0.8748658004641653,35,0,0.7357323039366342,15.968698764351512,12.696560975519626,0.9980725303313303,0,SUSPICIOUS_BEHAVIOR
17.12857091474299,1,1,3234.6164391508787,1.313734949702319,1,0,0.8539787318411858,24,10,0.6620336529616653,5.6794630876017935,8.354082444566767,0.6038432282872774,1,REPLAY_ATTACK
1.354161256310371,0,0,48.889506824790736,27.261157140084606,0,0,0.1787867021339981,2,0,0.13621255305897817,1.201158060511631,348.3144148439602,0.03433879862569824,0,NORMAL
4.865052773762228,0,0,23.855663877767658,25.063263038000017,0,0,0.11666144963684091,1,0,0.08786674063965715,1.1140789351220364,294.6717151177596,0.17556652071516288,0,NORMAL
2.513601950462396,0,0,0.6618758657188328,17.040147444633803,0,1,0.19832486859224563,3,0,0.10559050005517731,0.7392252901450029,578.1348935294345,0.0318566074698917,0,NORMAL
4.671835073845074,0,0,39.68223666422487,47.86551035672194,0,0,0.06844510495578092,2,0,0.1352874161756824,2.9829093473336963,553.6357228141406,0.028012911871787297,0,NORMAL
46.70106224736316,1,1,2689.156274913376,0.9246216814901946,1,1,0.8100212831206266,41,2,0.5301660209066112,18.028082428554463,9.856376132713386,0.7597753690314053,0,REPLAY_ATTACK
3.997079394844896,0,0,45.93077393946658,18.962780595389503,0,1,0.0026562406917160167,0,0,0.1405280145136523,0.8424165863605897,564.3608126665466,0.08169747777645467,0,NORMAL
54.428081301686,0,0,16.389287141378972,1.48224176887808,1,0,0.739749686879886,32,0,0.9771503309270093,11.63646654177434,5.763884470363998,0.721835195008958,1,SUSPICIOUS_BEHAVIOR
17.953494180330694,1,1,2277.939513221177,1.3985989655701165,1,1,0.9634875712059641,13,10,0.8704697030426494,15.877885139670674,39.3733521096539,0.5067877738143791,1,REPLAY_ATTACK
10.1438324651102,0,0,102.5125091503206,5.254912860314398,1,0,0.5897270548817657,19,0,0.31823997284849354,5.009600934963382,115.48194181158027,0.35999805282588093,0,SUSPICIOUS
40.5542943707649,0,0,16.527379198436574,1.001236641728145,1,1,0.7915792904822307,45,0,0.9994885522545719,13.518865546499732,1.5037703469215755,0.8020842476127803,1,SUSPICIOUS_BEHAVIOR
7.808832730675998,0,0,113.0931634037518,9.662554590506073,0,0,0.3292759139327174,17,1,0.25444613745760963,4.790426509466891,39.1400943086261,0.35710829967340646,0,SUSPICIOUS
0.25739375624994676,0,0,51.03490374565452,34.710622362515,0,0,0.12470106224946745,3,0,0.12290973464497391,2.734435469404862,282.81764701052066,0.033240107361749094,0,NORMAL
2.7982016565410897,0,0,56.243283989827134,39.00444173347273,0,0,0.08853874039348718,0,0,0.08420337362840069,0.8398318684183016,455.0756824697514,0.04300451387123692,0,NORMAL
12.001875608304566,0,0,269.68047735631956,5.928543597228628,0,0,0.598396420378442,15,2,0.2288751749713177,3.847600801647312,117.41666046856909,0.36116245381846657,1,SUSPICIOUS
20.033691933756806,1,1,2385.841264871218,1.9661608164895583,0,0,0.9244315122362037,21,17,0.7433635483520276,12.531355052240524,49.721064765892756,0.835786838633667,1,REPLAY_ATTACK
0.18674094374607209,0,0,7.962945242583621,24.034160775798718,0,0,0.03686027939001981,2,0,0.006549139306951279,0.9776296717717071,161.39960222590315,0.14416326329498313,0,NORMAL
2.538051893422275,0,0,23.919781666338785,10.496191056391782,0,0,0.1366858830314541,4,0,0.03192751290575361,0.9253568504428948,578.8894610335522,0.059608339669382907,0,NORMAL
0.27380819411015667,0,0,37.47981413125583,10.451923453964609,0,0,0.18575268424109848,3,0,0.07701517456887301,0.5510040267205158,305.4928084467923,0.19245830833451738,0,NORMAL
0.3168748523638387,0,0,26.370701317974607,48.5079105878548,0,0,0.1830579880758548,2,0,0.12553917492669356,0.963814938144298,381.37502059416386,0.024317469906705382,0,NORMAL
13.344542148916963,0,0,298.07928216356424,3.09647746829265,0,0,0.22997760507939874,12,0,0.404539043385316,7.493465269010804,119.59943382656122,0.3962504935975797,0,SUSPICIOUS
19.05326286104542,1,1,1273.180735218204,0.12298446623366198,1,0,0.6466027127290964,21,2,0.7269078695510177,15.430305597210586,20.963697417944537,0.6518600575283863,0,REPLAY_ATTACK
9.738084349601387,0,1,234.23250703880333,8.071455588917452,0,0,0.5922161216125417,19,1,0.4063319106636445,3.174909367580768,104.63580097774627,0.4483013406707582,0,SUSPICIOUS
4.747603118288211,0,0,5.742873331209704,42.0238021087922,0,0,0.02566998532293896,4,0,0.026218007256773694,0.9266935882555842,264.31470746915716,0.14160475679958237,0,NORMAL
0.14391338156669486,0,0,24.661708188402283,24.978283897693693,0,0,0.14718408127478977,3,0,0.12744002624736872,1.6334265140103934,213.11709898723066,0.1735410919533376,0,NORMAL
44.70962002499992,0,0,18.896511110135982,1.3954592754098292,1,1,0.9873439548260075,25,0,0.9180796889894416,24.20507167681432,10.319765673034885,0.8559146515066318,1,SUSPICIOUS_BEHAVIOR
0.25911768411213454,0,0,25.94987269980792,58.80069116396068,0,0,0.07090964176572148,3,0,0.04904131503820424,1.9904566735059421,412.31957330492565,0.10257652050191475,0,NORMAL
32.71141634347455,0,0,26.57648212715233,1.0649977144513507,0,1,0.7331303113926149,24,0,0.9304244221130611,12.534036900693298,2.4090215203674745,0.9614524241508422,1,SUSPICIOUS_BEHAVIOR
30.933183324986516,0,0,3.9131836360003946,1.331050322971084,0,1,0.872158832188795,55,0,0.8965545441030602,13.85034044393806,7.974060199096886,0.662732182278642,1,SUSPICIOUS_BEHAVIOR
29.353934763419108,0,0,18.567670687041648,0.23005960029176714,1,0,0.7957633107661817,27,0,0.9973264465364848,25.94648926800501,10.543778928820009,0.8197380935340212,0,SUSPICIOUS_BEHAVIOR
43.907481197740026,0,0,19.9514433714768,0.5230674376992727,1,0,0.783978886496933,32,0,0.844850470420508,17.26665651345317,4.62145336391292,0.9482169852423519,1,SUSPICIOUS_BEHAVIOR
28.406533449752928,1,1,350.0485082159746,1.663702232293555,0,1,0.9989833315358394,38,15,0.5829842341744779,12.101875286296535,19.104095829915195,0.6572292793859247,0,REPLAY_ATTACK
4.532360554822735,0,0,45.6173893873281,50.55618849667354,0,0,0.19712014679056009,0,0,0.09458830459628152,1.514048475638606,429.7333225553102,0.14999739687599506,0,NORMAL
59.39463761379371,0,0,19.675468457216223,0.5576303056714474,1,0,0.7668932424363044,19,0,0.9724223207588774,20.38895475624681,11.496745816679455,0.6698041609563478,0,SUSPICIOUS_BEHAVIOR
49.98189464083484,1,1,2044.4058148833656,0.10183342750277158,1,1,0.8882861806628801,41,19,0.8887194807532822,6.629988450967087,29.54344256092858,0.7152755778434662,1,REPLAY_ATTACK
0.9325925519992712,0,0,30.448064025650172,16.313237078225136,0,0,0.02607062600865311,3,0,0.06200136898067883,2.7646234749982646,158.2296619366876,0.012087308988112812,0,NORMAL
0.8213289896549647,0,0,18.3752172471967,47.3722203298347,0,0,0.16429425055523816,0,0,0.11835609063030707,0.8406264127299446,424.43668366922043,0.06612659097190841,0,NORMAL
11.760560050132531,0,0,163.1718619499635,4.814615176694492,0,0,0.587813016614008,8,1,0.34703344299093664,7.401456315067151,71.65475914789269,0.36154279299881176,1,SUSPICIOUS
2.3279900906623006,0,0,5.271989948690001,58.576634545052535,0,0,0.19674231664183037,1,0,0.10339189818387556,1.964657626319804,354.1807708790685,0.07439895195783237,0,NORMAL
11.704155146589565,0,0,269.77357515335495,5.929127753077297,0,1,0.3323634332312104,11,1,0.4408976053601459,7.656791836032296,77.08602088555506,0.43751986789989583,0,SUSPICIOUS
33.30472969166634,1,1,2340.4404973640562,1.9680674785214092,1,1,0.7710902061417277,24,12,0.8800270492479458,6.287044433390362,18.3346834110017,0.5157447766968515,1,REPLAY_ATTACK
6.216228906800943,0,0,110.12088490847611,4.7094368356562475,1,0,0.526992374036056,5,1,0.2028674558444206,4.023127362795099,56.65390214374722,0.26292169818156974,0,SUSPICIOUS
0.1834160144529895,0,0,5.800586978803177,34.69070202284644,0,0,0.10929527220507529,4,0,0.003457063260991111,2.9037491980928682,262.7964815964807,0.18157812008256657,0,NORMAL
0.9614450940433539,0,0,5.139494975785832,24.213704646375835,0,0,0.1324464316659186,0,0,0.054541717378509574,1.6362068323883916,200.22447113726744,0.194595476084061,0,NORMAL
21.345953332431115,1,1,2468.3444978884,0.6359768459497147,1,1,0.8249901341799409,15,4,0.7285094476819861,12.254937354091552,21.944179779431522,0.6006787196624647,0,REPLAY_ATTACK
0.11635967867912933,0,0,30.889041235781413,49.44925799603966,0,0,0.06841388693151107,3,0,0.11568372229356054,2.9895059194497966,444.5480585286994,0.07519198192813276,0,NORMAL
20.40887893102023,1,1,1337.9185333050707,0.8940521906949499,0,1,0.6245950003872877,31,4,0.721314566392377,13.084257662619782,52.5037147077848,0.5821019993799024,0,REPLAY_ATTACK
29.898709180053498,0,0,27.561712480014915,1.163830185654306,0,1,0.949463599402839,34,0,0.7610485301620934,11.328172877385889,11.462231552480247,0.6199249199212818,1,SUSPICIOUS_BEHAVIOR
21.118276282131514,1,1,1729.211864917122,0.8313361666365061,0,1,0.7732072473277282,28,19,0.7035583068265091,13.77168846595928,30.205422161828057,0.6265712348988991,0,REPLAY_ATTACK
7.546268666528954,0,0,159.85685653278722,9.185833545302641,1,0,0.20171270313444145,12,2,0.46294568392620966,6.473038058133642,75.36674521560795,0.25782305216371054,1,SUSPICIOUS
59.58192477179508,0,0,8.960519514424028,1.0036557957254346,0,0,0.8299958470698691,34,0,0.7134980390859826,10.230420240520868,12.518767421102698,0.7865963841347665,1,SUSPICIOUS_BEHAVIOR
31.546201503610348,1,1,1960.0455840030577,0.3188085626385537,1,1,0.7134184098103259,48,17,0.6788395981951182,16.725168819521624,32.677747561963336,0.7269109485591428,0,REPLAY_ATTACK
2.475884550556351,0,0,47.44338989033781,38.061139414126245,1,0,0.11834339377848009,0,0,0.06732770484780044,1.735029176498264,435.4548775872299,0.07353160921182167,0,NORMAL
22.28718618121066,0,0,13.914651563029892,1.2510560681434275,0,0,0.8631180204490494,53,0,0.9752623244789909,12.769077073140107,11.945949552863414,0.8588950883945569,1,SUSPICIOUS_BEHAVIOR
37.991885461518905,1,1,613.860934920693,0.40087351271642035,0,0,0.8087251514990081,15,3,0.7905299992535875,18.553153888028206,35.35818102508905,0.853227080020081,0,REPLAY_ATTACK
54.014511506314015,0,0,17.671804605758737,0.16502834420006618,0,1,0.7003437851884768,23,0,0.7962472767575164,15.515452286040423,4.294168664868385,0.8749661332075412,1,SUSPICIOUS_BEHAVIOR
12.341245436569686,0,0,186.88460488291673,9.283288716624929,1,1,0.40183078715712023,8,1,0.28913514743835256,3.4628803352604938,99.60763898148267,0.4652583413685108,0,SUSPICIOUS
10.640849216886252,0,0,89.18835763671585,7.436064181892443,1,0,0.3846636723045661,17,1,0.2984310427525465,5.459701913046784,118.49318498654128,0.403421753696575,1,SUSPICIOUS
16.653455722542848,1,1,2206.7118013696186,0.46008458869336843,0,1,0.6523444265298642,20,6,0.7935234855768962,17.888189729647515,41.61713466016681,0.5496957895453896,0,REPLAY_ATTACK
3.2637305392593734,0,0,0.5598971896255978,35.346021898091735,0,0,0.11317035748213439,2,0,0.03849925348438716,1.1595151873658938,308.80936259892565,0.1910197112331372,0,NORMAL
3.4519741431468267,0,0,32.400714876270634,13.134481081093293,1,0,0.09186073764261476,0,0,0.0815108778297396,0.6198943310924692,154.01841631433933,0.16513428919589562,0,NORMAL
52.32058996251134,0,0,24.277375102604477,1.3910796133699594,1,1,0.7029316694258443,19,0,0.7930833507326981,27.750185221138352,3.7390684517378996,0.9587738482035664,1,SUSPICIOUS_BEHAVIOR
29.173337003343015,1,1,2120.902977651971,0.731447064028843,0,1,0.8774400891386975,31,14,0.6416674958665571,18.049264158746286,26.57127009529435,0.6307394474014177,0,REPLAY_ATTACK
42.64819294028581,0,0,5.305896362817469,0.574242291941141,0,1,0.9947469495382185,17,0,0.8757677037159184,10.825335688044465,8.775490505696142,0.62540935900239,1,SUSPICIOUS_BEHAVIOR
36.26153255548053,0,0,13.058739944859958,1.455617640524237,0,1,0.8064174903842583,24,0,0.9681669921840892,22.598171047205916,4.3313766003133125,0.7317813743830162,1,SUSPICIOUS_BEHAVIOR
27.766483096580387,0,0,6.9190393698424,0.17229851611185928,1,1,0.7955488939791635,28,0,0.8307438523327462,28.676225500199358,5.150251158059826,0.6971287420044935,1,SUSPICIOUS_BEHAVIOR
0.9406057986188066,0,0,4.391755426106618,29.327025341151394,0,0,0.054933173957581086,0,0,0.09590796321811469,2.5713256489537715,167.27742800611355,0.16912526002300377,0,NORMAL
55.70045676376606,0,0,2.1375805596409494,0.6277913608946367,1,1,0.7089315722221395,28,0,0.8665714689717995,11.269793896294118,2.131326838675098,0.9420044036014926,1,SUSPICIOUS_BEHAVIOR
3.2498196538888258,0,0,59.19975559602879,35.313302974760134,0,0,0.06654589530207582,3,0,0.07262767474838952,0.7637841160030028,482.3712960759979,0.09940472955544133,0,NORMAL
2.6673054598816077,0,0,29.271242635581746,54.507056869800735,0,0,0.08602854641936526,2,0,0.10809244359955725,2.704637002051707,376.3333105846645,0.0462072275894119,0,NORMAL
45.97713066712652,1,1,927.6155388036361,1.2147597994514192,1,1,0.6988351539212846,11,16,0.6750895835149432,18.50765965456215,46.145641092432164,0.8638109629701822,1,REPLAY_ATTACK
4.701151207124788,0,0,16.609667834103096,36.69837362738819,0,0,0.17066343733331724,1,0,0.10666827255229287,1.440779542387494,580.8057027931802,0.1830953762436663,0,NORMAL
20.653951097874433,1,1,1487.6650823199445,0.9172864306501389,1,0,0.6057330077145714,10,1,0.8304188746148985,7.501875770748853,29.441621986602183,0.7901460611374809,0,REPLAY_ATTACK
1.403861812204279,0,0,51.861494990378226,54.615124906982615,0,0,0.13834402282693778,1,0,0.0969070416144894,0.6024455556247261,588.5138812953141,0.044979361146081455,0,NORMAL
4.2609075015927,0,0,36.09670920877987,15.549904939565742,0,0,0.07701161114379235,3,0,0.14186620755126914,1.8271475857211894,198.0730647311523,0.07538999433725442,0,NORMAL
2.9706535767606757,0,0,3.616043417373651,44.6266215768554,0,0,0.16686495914987973,3,0,0.032184723013927476,0.8148516026187514,482.43273798318006,0.08281356515356329,0,NORMAL
8.347435317993622,1,0,84.0076010561169,4.905969428497418,0,0,0.2754395725086368,14,1,0.379697027189308,6.368753231294294,64.25183472402964,0.474655018615009,0,SUSPICIOUS
0.025307919231093434,0,0,16.417599976899954,24.610911523094888,0,0,0.17390673436299597,2,0,0.07563951911895472,2.1926842816461196,241.6594222430478,0.10064188335030862,0,NORMAL
57.29128576283123,0,0,13.048773190536505,1.4932549688749142,0,1,0.9324170287661804,45,0,0.7449428882273366,25.881182631454706,3.950737056985817,0.828687640170017,1,SUSPICIOUS_BEHAVIOR
3.359463717993642,0,0,52.39937495164846,52.75151008099676,0,0,0.1253605260129688,2,0,0.0467554982239218,0.7173489017306354,263.06041093985084,0.014241343508246507,0,NORMAL
4.691702284105189,0,0,8.534962121231771,54.928030233741964,0,0,0.02093208806929623,0,0,0.08780631341864345,1.610282512938516,547.5955831251013,0.11651076740839882,0,NORMAL
6.285772607968784,0,0,197.31525066873607,9.793940204173893,0,0,0.5757923550859502,6,1,0.2461235095987358,5.428041589984235,38.48001408727566,0.22415496757745357,1,SUSPICIOUS
16.51086299984281,1,1,1615.0093741598055,0.23399332265771255,0,1,0.6834373280050232,15,17,0.6353734896923707,9.24880207657919,56.34734288289173,0.6079764104701522,1,REPLAY_ATTACK
32.29490876816179,0,0,21.460596375006165,0.6992669087189044,0,0,0.769016310324069,22,0,0.9535295963722601,15.246963001335514,8.191447091033599,0.6676268244658452,1,SUSPICIOUS_BEHAVIOR
0.22613644455269033,0,0,28.792537218234532,42.548673357547706,0,0,0.11163423677808815,0,0,0.07985403522919723,1.2909385184692073,126.12311025956666,0.13859435875473347,0,NORMAL
4.476034188435997,0,0,20.854291454338924,45.19285458171656,0,0,0.11648701537765918,0,0,0.034130081540469495,0.5553361275737427,230.3165000604173,0.10014698122883968,0,NORMAL
32.790810336460986,1,1,1494.5272328625413,0.7312535335680773,0,0,0.933409376872399,47,17,0.5601180053477108,18.800472449769977,5.556740719706271,0.8735274516217929,1,REPLAY_ATTACK
13.022888163636875,0,0,226.64541335886503,6.280589998233717,0,0,0.34025971318160747,17,0,0.4417291497629021,7.147233198808323,79.9122604382062,0.32259730466295083,0,SUSPICIOUS
0.9094004219957241,0,0,7.703657367247514,37.62504837039445,0,0,0.013211061564432015,3,0,0.10290363359038365,2.645933449402656,354.40075824208066,0.10052796099510707,0,NORMAL
21.33027693232195,1,1,2476.7505159692187,1.3651066468135216,0,1,0.9868829206422762,32,19,0.5239976025181048,15.922611528432583,45.600426709617004,0.5802578349064397,1,REPLAY_ATTACK
2.728083946579675,0,0,37.89361320555123,34.300024689880146,0,0,0.13899402662429516,2,0,0.036264676121952236,0.9869845066098168,257.100767848117,0.09152637490903502,0,NORMAL
42.49135430951672,1,1,782.0322670625676,1.343391395318823,0,1,0.8367004026656617,14,15,0.7357683224828401,17.784261020861464,35.98876027552501,0.5672984864111982,0,REPLAY_ATTACK
0.8130846967244565,0,0,23.92936685381403,15.46321051548107,0,0,0.036352719552238844,1,0,0.0789892413884684,1.1766865149132233,287.9336132267897,0.05625200407609492,0,NORMAL
11.06109599852973,0,1,182.21886012069004,6.515534733230506,0,1,0.599279151715143,15,2,0.23295792711582003,7.023358089277792,37.239888018840084,0.34847348143299817,0,SUSPICIOUS
47.17435159686586,0,0,6.793818112741646,1.2919969521810086,1,1,0.7021390060663018,42,0,0.8441192764562591,21.996592084126657,10.452091872285642,0.657072312592475,1,SUSPICIOUS_BEHAVIOR
52.29994926626643,0,0,25.6065068387495,1.0626471413913106,1,0,0.9383323602764182,29,0,0.8477185376441557,29.27558272832607,12.706703368534864,0.7626962215364459,0,SUSPICIOUS_BEHAVIOR
15.54536284251806,1,1,1817.0985190323663,1.6415450104828728,1,0,0.6924218478182032,20,14,0.6783834025325525,13.268160637049098,5.247128575590609,0.5740051568611961,1,REPLAY_ATTACK
2.6153271238455966,0,0,25.56500303342229,57.88949004941019,0,0,0.10745513473360763,0,0,0.05905228289859192,2.6952879924642534,404.71487785302446,0.09580814513492274,0,NORMAL
29.71990371443319,0,0,19.81159320814032,0.9003552565389794,0,1,0.8371782413775462,34,0,0.7308735227868475,25.457627740834504,10.250295146746245,0.6370975180496518,0,SUSPICIOUS_BEHAVIOR
49.29303482963205,1,1,364.18250022370324,1.3750787218570217,1,0,0.9944707548891386,37,5,0.6711099583216773,18.689434971024298,42.487082605913564,0.5081436152339627,1,REPLAY_ATTACK
30.8613393163401,0,0,4.298879742928032,1.170206007318269,0,0,0.9896532473703799,18,0,0.846820475579118,16.275339525768768,4.427158870174138,0.7856443175563277,1,SUSPICIOUS_BEHAVIOR
45.77152626111115,0,0,14.379758333145464,1.3442188199724006,0,0,0.864976321155899,16,0,0.9902797579960751,22.981905472748423,9.80046896488526,0.6087930826937633,1,SUSPICIOUS_BEHAVIOR
5.918960920771062,0,0,61.356505161884336,3.956059978755402,1,0,0.40736301789383034,12,0,0.35592274593118023,5.661993436134565,68.28197468958153,0.3700002361250494,0,SUSPICIOUS
4.462794992449889,0,0,15.936002555322364,14.173204249469165,0,0,0.1515553120750316,4,0,0.09233289347897687,2.8509925848638606,195.60026307638583,0.1063821393762605,0,NORMAL
44.786566064788346,0,0,13.941658685962484,0.39425914507016124,1,0,0.8835213717527415,29,0,0.9804585382757087,18.962617197495355,2.281780181793315,0.9011950772515397,1,SUSPICIOUS_BEHAVIOR
1.6117692248736148,0,0,38.44957888141237,16.01036145602881,0,0,0.17916314631203895,2,0,0.0033852874803565634,2.281503518245983,156.41838778754283,0.06539552464854785,0,NORMAL
20.135153872336492,0,0,20.002681839221317,1.450412260122314,1,1,0.7770095639393695,28,0,0.7818485154742894,27.697177929666775,7.3924948467356355,0.9398508219777699,0,SUSPICIOUS_BEHAVIOR
4.497872866372842,0,0,28.880649098119417,49.06609278736525,0,0,0.13835552782839647,2,0,0.0613390853635008,0.7275907873636043,574.2069566414793,0.08037974159119332,0,NORMAL
4.8495719890730165,0,0,21.097361234378063,24.96977941858406,0,0,0.1292814750456178,3,0,0.02837080444901101,2.660576505653893,282.1011718676277,0.09826981805375706,0,NORMAL
37.660747860434604,0,0,15.816742548011876,0.8777102932578638,0,0,0.8645915175086731,29,0,0.8637193982171898,29.89087784181208,8.163284763011394,0.9793074599152682,1,SUSPICIOUS_BEHAVIOR
6.5288711564799815,0,0,269.28713636228804,3.492088100032478,0,0,0.5760936771491558,19,2,0.20042546604017464,7.8539549528451476,73.19847589760926,0.4282422624293231,1,SUSPICIOUS
40.54088307649934,0,0,10.918166502121288,0.43337089999884937,1,1,0.7509461037687203,26,0,0.8893410688623395,19.18345883342601,9.176601331187662,0.9105242611914582,1,SUSPICIOUS_BEHAVIOR
4.330319447502042,0,0,1.0939549605816978,35.52162445021161,0,0,0.14152411714810706,1,0,0.14233743272830726,1.7374569867811525,468.18700879767965,0.03816189828926142,0,NORMAL
3.1164906341377896,0,0,5.364660138735571,13.260229563024602,0,0,0.021232070709493445,4,0,0.05373285618646092,1.4852091212750795,455.0961235600913,0.1607769417470507,0,NORMAL
20.069823857889936,1,1,996.6051564850835,0.110726356063557,0,1,0.9259933457914163,23,17,0.6885868309169976,14.678989385997749,57.59303511535625,0.7894147741183861,1,REPLAY_ATTACK
5.258071681912311,0,0,82.39874886475833,2.8206764826481665,0,1,0.4537759764673409,11,1,0.22569925821409187,5.121690698981379,98.02867360605485,0.4505089883800541,0,SUSPICIOUS
13.749770586241176,1,0,279.58365642487115,7.080196529132877,1,0,0.432716505911084,6,0,0.4442632695148604,3.899240742045996,93.58766690728719,0.4626960163023758,0,SUSPICIOUS
2.7602359042599014,0,0,26.916637857272555,21.21467416425225,1,0,0.10345443395086212,0,0,0.08310875751903161,1.2831268512220548,489.6427350019593,0.13575519670408578,0,NORMAL
0.5908241381082813,0,0,9.811432355101367,51.12111868341392,0,0,0.044876595959959104,0,0,0.08888522741472402,1.1024906449897949,469.6660538681242,0.16982644959770213,0,NORMAL
6.493845467712279,0,0,60.99051712190494,4.683812884486958,0,1,0.2686051990592089,17,1,0.2843083778810607,4.073796999812361,43.42215970627841,0.23306987261636983,0,SUSPICIOUS
32.724395745775624,1,1,304.6915177022673,0.782402693123367,1,0,0.7238637233493093,44,8,0.5250705072939214,18.338977322374213,19.822757058438633,0.7730604805334647,1,REPLAY_ATTACK
1.554911608578311,0,0,56.68392133748462,36.93508989763571,0,0,0.03899165429972611,0,0,0.06908738260419998,0.8762387451814639,250.78424833588608,0.14340958774142096,0,NORMAL
15.938482923618485,1,1,3311.6384040727507,0.7791474932309568,0,1,0.6762244961142947,15,9,0.749203034249813,19.499460018416364,29.480317777989956,0.7849718930739789,1,REPLAY_ATTACK
0.40116872830821104,0,0,52.083401406447024,45.66034416413088,0,0,0.12808945479865058,3,0,0.13073277846873715,2.1341411910140513,254.36991825211518,0.0974499120690902,0,NORMAL
3.986476828897768,0,0,47.21420317531771,37.328857101614744,0,0,0.005624301255584752,4,0,0.10076689053822989,1.174934092138655,251.64568807627185,0.08196769562191882,0,NORMAL
1.2386549475057873,0,0,29.891742987188337,12.556769072105036,0,0,0.10209202626928826,3,0,0.11078085592138613,0.6588393060597965,385.0666944834463,0.0028941283005730067,0,NORMAL
0.2904180608409973,0,0,41.53659387107115,32.486992122527,0,0,0.15535968744172615,3,0,0.0019232474265908738,0.7584873415751038,525.9575415963664,0.0503706724691418,0,NORMAL
14.068728318190528,0,0,83.62501176023778,3.56671393515387,0,0,0.22656656179257398,13,2,0.40914194418373495,5.814907522576329,33.20668158511254,0.4617561550538546,1,SUSPICIOUS
35.25343268489137,0,0,27.284313251036718,0.9183084503766398,1,1,0.7803989346386091,39,0,0.8777847434794439,20.161474606364216,5.64949816152915,0.6129784695102898,1,SUSPICIOUS_BEHAVIOR
1.8984620408363346,0,0,8.93328301994668,25.197125612751364,0,0,0.032913211685866986,2,0,0.14311974623566087,2.6130638954018495,359.44849139725164,0.0075112139480379096,0,NORMAL
1.117979192597263,0,0,52.24520702023555,33.77730187434133,0,0,0.1689728170821017,2,0,0.06452638626664697,1.8016383843352788,465.345711030423,0.18444617396774599,0,NORMAL
0.5673676062029454,0,0,20.512329962321164,20.632218818554804,0,0,0.16591316628567374,1,0,0.07060589209739061,1.633154431314649,572.4526608761546,0.05867793511659567,0,NORMAL
0.4514488502720415,0,0,9.645593762898493,33.56435836990823,0,0,0.02959166682188117,1,0,0.02983946696925575,2.956631028733923,175.8938515606615,0.01332559968207494,0,NORMAL
51.424071696920905,0,0,15.611166493229035,1.4717244283458162,0,1,0.8827524638138975,25,0,0.8356229712037362,16.11663058236826,2.141204330630229,0.8866194199658481,1,SUSPICIOUS_BEHAVIOR
2.792021248679025,0,0,37.07083441207283,58.32086929332037,0,0,0.04775035421720482,3,0,0.00658216325531154,2.9525737227876903,201.14771958417876,0.10027929571906487,0,NORMAL
19.023345106111556,1,1,1213.982126779284,1.7848352715648963,1,1,0.7931565823977107,25,10,0.8639737791767149,6.364395781193253,46.28615493594408,0.5738792217645486,0,REPLAY_ATTACK
2.278283763928565,0,0,14.252647852459647,24.28917777629351,0,0,0.03127242832897501,2,0,0.023778035104111417,2.044236465471477,540.3441775482909,0.17482075921324217,0,NORMAL
36.26732981394461,1,1,1860.1629306346044,0.6650864660648864,1,1,0.9217287765736484,46,18,0.742179042386885,5.987420698251432,57.62778489084903,0.8802359103009605,0,REPLAY_ATTACK
36.791270264835944,1,1,1300.6011517355817,1.8337312557058913,1,1,0.85851285816377,25,19,0.6956371611574013,14.051158047890375,11.483553142833372,0.5522436190171048,1,REPLAY_ATTACK
2.713223173537883,0,0,21.037615872550845,26.567350355152538,0,0,0.010035070063994801,1,0,0.01906539206561106,2.9401958311812972,457.03887775119,0.16940240707781673,0,NORMAL
31.417911487994623,0,0,2.188795917388645,1.2516748987499842,0,0,0.7836612546973669,19,0,0.7579600382435174,23.429016383108756,4.4538757018504,0.6652513491971954,1,SUSPICIOUS_BEHAVIOR
3.1877873567760657,0,0,10.022036765524513,42.8390052362147,0,0,0.012389303715797585,1,0,0.05753510865109381,1.6038350259472423,357.04656707594944,0.14378138892095807,0,NORMAL
55.555517586259306,0,0,2.968569050596047,1.2986094016343182,1,1,0.9163762292289219,17,0,0.7413010792783019,23.87878255965635,8.535083099055516,0.8736956906410323,1,SUSPICIOUS_BEHAVIOR
2.881441800834066,0,0,21.19508451012385,57.18507964101104,0,0,0.054343519779635946,2,0,0.050467552772626524,2.1006272873806906,218.57672865119295,0.14966376022449818,0,NORMAL
8.394939150599427,0,0,295.6896210218357,5.790266898462578,0,1,0.3704003242009638,17,2,0.41357112273239155,3.447391914912087,88.48116547613623,0.2760649327795728,0,SUSPICIOUS
5.6584216450865465,0,0,62.00393700330472,5.7102447788873825,0,0,0.40130817924023376,19,0,0.2121316493637984,3.179949144343339,30.789727955572605,0.3082420478737254,0,SUSPICIOUS
10.437624559186556,1,0,190.9350106002619,6.382966485097758,1,1,0.2140642853154555,18,0,0.39843225153523243,6.081458951272305,113.57456966193176,0.4322185120838348,1,SUSPICIOUS
21.822456570934584,1,1,2658.3413814085993,0.5991642335980482,0,1,0.7851211512636335,45,10,0.769319224407873,11.724327375494681,50.05188059585106,0.7851548596210984,1,REPLAY_ATTACK
14.893332868282753,0,0,136.06686927254052,5.0633312586381924,0,0,0.2743606846225068,17,2,0.22168160367657108,7.402912215604832,47.55272086102389,0.35499632021858085,0,SUSPICIOUS
45.03863444597721,1,1,2783.6977616519243,0.2604971734683166,1,1,0.7747271282523017,20,16,0.5778161062630973,18.738118509814235,52.12176983689982,0.5859166392890685,0,REPLAY_ATTACK
43.45071372773072,0,0,27.680849518631018,1.3706059855485728,0,0,0.7509988890244004,21,0,0.8514634486067002,11.672553263598813,9.03993349918238,0.8779532421909154,1,SUSPICIOUS_BEHAVIOR
14.528038482491732,0,0,84.10570028687184,5.419604265939884,1,0,0.5350250938705294,9,1,0.3368720132160007,4.444789095703586,74.69614326568542,0.3652832581521809,0,SUSPICIOUS
38.795596321657584,0,0,6.34746403711474,0.8039811949003897,1,1,0.8928471064826295,16,0,0.9220158990027355,25.04687946017682,11.160775430603778,0.942534929934283,0,SUSPICIOUS_BEHAVIOR
49.253351544063136,1,1,2484.6304653842867,0.7561352006789722,1,1,0.8824495791663293,49,6,0.883785117995705,9.764900111857227,9.883190163177375,0.8005850142511255,1,REPLAY_ATTACK
3.058603731171761,0,0,47.38191042854875,10.078255259573645,0,1,0.030904165998103795,2,0,0.024327505861181608,1.4340141488351477,248.90742749790772,0.09206427801147968,0,NORMAL
44.38081245239697,0,0,25.44283991403364,0.6934010518369803,1,1,0.940123018997531,22,0,0.7369739008538535,23.17774531533864,10.848484300059987,0.6339192064985386,0,SUSPICIOUS_BEHAVIOR
1.8713539787806015,0,0,40.356127093507574,48.0950906302435,0,0,0.026755628998793603,4,0,0.024435398171609106,2.783014904535431,215.70279312510095,0.196832991896643,0,NORMAL
2.4918388636973985,0,0,48.706187285408255,29.891831275107847,0,0,0.1592781445239418,2,0,0.06750363592917039,2.567895371069058,352.1246630900779,0.11437393787434642,0,NORMAL
42.95296276755761,0,0,14.696824263924748,0.270019662019725,0,0,0.9254861652534441,32,0,0.754524274806728,26.22338694484929,13.97674557029997,0.8570770313820874,1,SUSPICIOUS_BEHAVIOR
8.395289191306933,0,0,86.83208909614493,8.34394921114009,0,0,0.21105190232336604,6,0,0.20533554237874505,7.6266486843729915,52.490387538062826,0.4868777594082144,0,SUSPICIOUS
0.7042851018989993,0,0,34.94535949243479,15.925131179907577,0,0,0.16321135142286472,2,0,0.00844999166988597,2.0162805633080474,330.1330905069931,0.15016227627488782,0,NORMAL
48.65324109026781,0,0,6.959549549510651,1.003686754832894,1,0,0.9156086161442616,56,0,0.9859966481399068,24.315753926925886,1.5985495284901023,0.855551362242611,1,SUSPICIOUS_BEHAVIOR
1.873063073132356,0,0,59.25897382416347,39.68303956042692,0,0,0.08998873485377193,2,0,0.04055228857433765,2.48768220295291,201.1698722019127,0.15911636730845657,0,NORMAL
8.715195752435733,0,0,252.29037605847094,4.180249352321654,0,0,0.3440261974202913,12,1,0.2872875291553885,3.5964979030090625,100.00309290995256,0.3772960054904405,1,SUSPICIOUS
1.933676731502687,0,0,6.418838329617504,42.144095502935386,0,0,0.017341313519128043,2,0,0.12524351625781752,1.0493068752759922,385.64529637779265,0.18196472816641207,0,NORMAL
20.536192570079642,0,0,7.585086092243701,0.7295263283580915,1,1,0.7662994472570905,25,0,0.7579330635127042,17.609284463085864,6.648028662955774,0.8733330582778391,1,SUSPICIOUS_BEHAVIOR
9.33080203602131,0,0,187.96815944856965,2.91240238164319,0,0,0.21694477278111282,12,1,0.2119417049666262,5.966297350876887,31.137834126001664,0.4984261064185915,0,SUSPICIOUS
19.357435457424017,1,1,585.5573451189263,1.415210517504507,1,1,0.6251084625996766,45,1,0.5386607758327617,14.72516714013857,36.181040634498274,0.5917317877616342,1,REPLAY_ATTACK
3.64803089169032,0,0,36.80468335264246,15.273684997831529,0,0,0.1537494262725026,1,0,0.13950080666866088,2.504106474578418,590.6259829358742,0.16237233996651682,0,NORMAL
37.81278472895008,0,0,24.076449101837387,1.1002946138980894,0,1,0.724477489116078,40,0,0.9740824071643434,26.1096338662382,10.658781615791536,0.9133689206288422,1,SUSPICIOUS_BEHAVIOR
33.55325722161683,1,1,2720.088932858535,0.6204146950309932,1,0,0.9817543327725087,32,5,0.6485576969654177,19.265560881095354,38.434737412798285,0.6779689077395211,1,REPLAY_ATTACK
47.48808738369978,1,1,2216.296205175655,0.36861312012400493,1,1,0.7932109660762162,24,2,0.6671070179372813,13.671248755471362,51.43795553799167,0.756261266328045,0,REPLAY_ATTACK
2.3433032099706312,0,0,40.59080314663479,41.31171607105319,0,0,0.07818348536823246,4,0,6.0231603800980914e-05,0.554966305098309,423.97607151983783,0.18846689898700741,0,NORMAL
3.611262841965331,0,0,26.256187443323515,18.2874889910078,0,0,0.029219313108264047,1,0,0.01802388881034329,1.0538178797559177,184.29178531200017,0.11076721650044413,0,NORMAL
51.319534290629434,0,0,11.85877493852015,0.5956069204537396,1,1,0.706915835033563,50,0,0.9025164492200398,15.95898520471005,14.351324799335849,0.8090062507264204,0,SUSPICIOUS_BEHAVIOR
1.0572400349827231,0,0,31.25747863632253,49.09119316724678,0,0,0.06534777811372672,1,0,0.0976241925733992,0.7936897471912323,275.1331513556813,0.09519633806984407,0,NORMAL
19.06222777277359,1,1,1388.9861519156207,0.1968070630079606,1,1,0.8033108015772703,15,9,0.5624145796820432,15.547353338483381,16.44762553247357,0.7264253854917586,0,REPLAY_ATTACK
2.9894998940554256,0,0,59.87604663200025,52.49876857403309,0,0,0.08724920527143148,1,0,0.01078600759746684,0.6383309679083653,362.7563032106133,0.16980690265669462,0,NORMAL
28.088603498358932,0,0,22.407109660665697,1.1431122396271052,0,0,0.7293815096148567,28,0,0.7062982212554362,14.88730982585434,7.156200927289486,0.7752837124444847,1,SUSPICIOUS_BEHAVIOR
46.2987122525585,1,1,2603.955756616742,0.5748880607752628,1,1,0.88678468059434,49,13,0.8737601729394107,13.128123461856521,55.528000967575615,0.5716667499354859,0,REPLAY_ATTACK
20.837613976380194,1,1,1745.450081651668,1.9695573970749354,0,1,0.7454672453748692,11,10,0.762046772055736,14.742348711588635,48.57405184979995,0.5046228879933605,0,REPLAY_ATTACK
1.6374867608895731,0,0,37.415141280165585,42.2074610737958,0,0,0.06992287976154443,0,0,0.017441052043932096,2.46416650486114,272.9746834969907,0.19875462055358634,0,NORMAL
14.049295169818151,0,0,126.16461525664806,8.112101005325766,0,0,0.2942569327998748,19,2,0.24834910636884833,5.3462247293526985,104.80250679918443,0.32822932134806426,0,SUSPICIOUS
5.523487668096024,0,0,228.41544978138836,2.54681371880453,0,1,0.48503117729890427,17,0,0.3445046967365576,7.829751025562867,101.1098561040385,0.4367014653682084,1,SUSPICIOUS
1.9892779952287083,0,0,24.17881072590969,12.90459760401749,0,0,0.03330070940990302,0,0,0.07444841569265682,2.8303347884957075,506.0737565266428,0.04895790380588497,0,NORMAL
2.841543016677358,0,0,9.063473506854013,37.03492383224552,0,0,0.09486173297368605,3,0,0.14764829682210617,1.0690813395484808,174.97577679664715,0.17855918791797717,0,NORMAL
4.040601897822085,0,0,32.218465373604815,54.69948550039352,0,0,0.140173139448776,4,0,0.06179198229183955,1.5274015200897582,394.0094522612701,0.08678704992627476,0,NORMAL
11.14642818934886,0,1,73.35327823888865,3.8671636138272536,0,0,0.3424358695018988,17,1,0.41902254998099875,7.556348944917556,46.77001287099666,0.4467090541437292,0,SUSPICIOUS
2.174136693018731,0,0,29.787669141317984,35.23977991522641,0,0,0.18645337678419446,4,0,0.09783960089156553,2.2915798417550786,246.98221738850003,0.026139650749662603,0,NORMAL
43.28740066775828,1,1,2184.365177984202,1.6882806569312707,1,1,0.8778500017528377,22,13,0.6504436516710677,16.006981353661413,58.72490250515081,0.8218031510732907,0,REPLAY_ATTACK
10.912429057506142,0,1,223.48141210548116,3.0436278974188866,0,0,0.2803482942766631,8,0,0.3393881212605634,7.923427769576195,105.88792274613166,0.4952749299473871,0,SUSPICIOUS
3.2258639520472494,0,0,38.040342185976684,21.358977851175744,0,0,0.08916510996540324,1,0,0.02911931556689583,1.0008495527411059,482.3388138761091,0.0707811334423634,0,NORMAL
26.236864988299487,1,1,1389.4213701649464,0.44370880684629566,0,1,0.6057954722380333,18,12,0.7932486100321078,15.491128029603027,48.48624780537198,0.7902489911938784,1,REPLAY_ATTACK
0.7595134675614718,0,0,43.05586593949057,45.69763162532949,0,0,0.1282172207164319,1,0,0.009241197793870387,2.260260901929092,123.89193450538235,0.14910061707055453,0,NORMAL
11.974612672267268,0,0,196.6638439427651,5.515940100558909,0,0,0.37142553512227894,15,1,0.239968024395306,5.330951150777669,58.36685611385675,0.3685393557986414,1,SUSPICIOUS
38.12593635568454,1,1,2710.0074140374754,0.12846152019623328,1,0,0.9190486058738137,11,10,0.6991586810331485,6.781333763996633,9.218456913831583,0.6969806819448259,0,REPLAY_ATTACK
2.1597250932105787,0,0,54.92929785528251,11.091169838774475,0,0,0.111948932266735,4,0,0.03229035686787514,1.6290974887970948,541.6947596194348,0.09879743602869824,0,NORMAL
2.472101523512907,0,0,8.900592057725332,32.92615044409453,0,0,0.08222268339896972,2,0,0.0635037041026179,1.812852129424074,473.6720792782561,0.05235057380740474,0,NORMAL
41.93611568727565,1,1,2168.53373787514,0.3641305002521258,0,1,0.6178652135429727,31,6,0.7974789720114053,17.1291770379031,9.73143846377786,0.7279448398220016,0,REPLAY_ATTACK
0.17971136898371043,0,0,31.062698603082687,23.84071538956529,0,0,0.1419342687009049,3,0,0.13848356204778428,1.6083008019317466,154.0917924716768,0.032283397537514795,0,NORMAL
18.234050138574673,1,1,751.0767185687847,1.1159420826314463,0,1,0.8663402437971979,43,12,0.6713724576930743,6.0284721038914615,51.218128696482495,0.6179620464057773,1,REPLAY_ATTACK
1.7545750627603933,0,0,38.34719626893002,25.69833586886764,0,0,0.13625642210648678,3,0,0.0507831041155577,0.7422933176674871,472.5537793547538,0.15991572882040062,0,NORMAL
40.23675880605471,1,1,2722.3884442896606,1.2562224297353,0,0,0.76970474545143,48,5,0.8732120617067887,12.982794392429934,21.445659631066032,0.7698577480343209,1,REPLAY_ATTACK
55.70624781341922,0,0,3.254950352113153,1.3259791221195918,1,1,0.7273199067962417,30,0,0.7361141393995374,24.782057149317847,1.999987054261101,0.6710803259158131,1,SUSPICIOUS_BEHAVIOR
1.4254758434692354,0,0,49.0469825094715,25.7813671881675,0,0,0.14950412734930096,4,0,0.07457509210765285,2.2622778318283405,511.2865113455468,0.08708722578040712,0,NORMAL
0.8526206184364576,0,0,35.77619270892318,38.266512728580494,0,0,0.10649418157677948,0,0,0.09286821000700443,2.229659770402111,400.4278986392247,0.04899070167319122,0,NORMAL
22.291979377235393,1,1,2522.0755602667746,1.7419578888541878,1,1,0.9080361525619096,45,16,0.6166209167678496,9.133843521092654,12.052348008181855,0.726083987314077,1,REPLAY_ATTACK
0.3324813368338875,0,0,18.196508854055732,49.01880617854902,0,0,0.1591156752515173,2,0,0.09607249397133183,2.2001151409356745,594.6603418260208,0.17842240313821628,0,NORMAL
3.3251833727312774,0,0,13.236717162672676,44.86046909548184,0,0,0.03193326987343015,1,0,0.13225759595930944,1.3189157348053149,596.0030653592055,0.1501047961393498,0,NORMAL
35.74653656222563,0,0,21.379836769402374,0.36937545304199504,0,0,0.9080277406298789,46,0,0.7288330993127173,24.133883280331965,14.561793654411122,0.6159494489191663,1,SUSPICIOUS_BEHAVIOR
22.79776040554525,0,0,22.97556912111028,1.4075357845133332,0,1,0.9179578580829768,29,0,0.9175405668732373,20.271548042549256,4.752461523326495,0.8640120442520092,1,SUSPICIOUS_BEHAVIOR
3.560896106737679,0,0,41.62093354688932,46.33354960351616,0,0,0.07875102831308134,0,0,0.08260358170421919,1.744672951285798,250.82771943139224,0.03540865890567948,0,NORMAL
38.73203790399833,0,0,21.294812247596283,1.306064737279772,0,0,0.7973729006888102,38,0,0.7420001448102227,17.262066412191025,1.1260468989279764,0.7245331486531708,1,SUSPICIOUS_BEHAVIOR
5.798936877913609,0,0,213.97687093562396,6.3940101710231545,0,0,0.20986242228275717,11,0,0.4157589681540964,3.390548443755781,33.622029355732565,0.3574631654016747,0,SUSPICIOUS
33.50357050968182,1,1,1456.6835283193088,0.5574081624196776,0,1,0.7515216461278288,12,2,0.7620417459832757,10.089931252528686,14.958520556550134,0.5654142779732494,1,REPLAY_ATTACK
28.527820191021732,1,1,2840.894802201658,0.6930637041602158,1,1,0.886184106669899,29,15,0.5531304417768861,13.956918656315299,20.854373869047052,0.6583139127895574,1,REPLAY_ATTACK
2.7717702625570033,0,0,10.927074941321957,51.05991412751133,0,0,0.016514431607055437,3,0,0.10069566353464196,2.9272617786246737,369.99148134915947,0.12478911495227768,0,NORMAL
3.5203988404961177,0,0,21.205282758163086,49.72577722453743,0,0,0.06819239472859771,3,0,0.07398712395389787,1.6183310666654696,375.03878048312436,0.16370851598110062,0,NORMAL
21.72892605671116,0,0,22.07841605169667,0.3350304615159848,0,1,0.7430127013204718,25,0,0.8213795998503353,12.108972775025883,8.793347608718056,0.6537870211282221,0,SUSPICIOUS_BEHAVIOR
2.6629471627579293,0,0,57.9493296691932,36.064802382706944,0,0,0.05896344766935338,4,0,0.06224966375561314,0.5010257235979372,162.49071130306965,0.09059962016599277,0,NORMAL
13.546075627333712,0,0,137.35999483211367,6.988062479649777,0,0,0.31305024238059725,16,0,0.27303620359152975,3.6137002733731025,98.79601002503755,0.33358843171256314,0,SUSPICIOUS
19.739044370260448,1,1,546.0926267249363,1.6882500637555988,0,1,0.9088798620837353,15,8,0.8752795661702442,18.920808797116408,55.725477615714944,0.6444148027236163,0,REPLAY_ATTACK
2.3673588539028283,0,0,27.757377404358976,13.550383226662774,0,0,0.18967391055778382,3,0,0.03285887595898249,2.8026737157489534,315.43886326422,0.10385601647905428,0,NORMAL
2.5133951161443076,0,0,39.50711007950553,27.88991326627209,0,0,0.17984978365784052,4,0,0.0010644798742330762,0.6428317983583249,391.11319818547014,0.05026153742843136,0,NORMAL
51.444617912125295,0,0,13.595202356816472,1.1064291725517892,0,1,0.7812496421019878,36,0,0.9634572532227981,14.025986971201796,12.412873936316466,0.9807070473359768,1,SUSPICIOUS_BEHAVIOR
55.31809823389989,0,0,18.248928412256905,0.7968455437389264,0,1,0.7487801225211096,41,0,0.8163466031725835,23.323901967457992,13.203924752562207,0.7452706003264383,0,SUSPICIOUS_BEHAVIOR
3.5952295259212272,0,0,11.068575188018361,46.35283808076951,0,0,0.18155224873003573,4,0,0.03734152871953091,1.8905909850644318,204.30070347264112,0.08673938662139191,0,NORMAL
1.2102763575575022,0,0,45.16299837345847,21.993705637797234,0,0,0.06019326392632434,3,0,0.059957932646164135,1.2873330686473312,369.36089028719095,0.1141379323153696,0,NORMAL
31.5817099117482,0,0,19.805179249408706,1.2689637027108465,0,1,0.7937724181233574,47,0,0.7476782650511208,19.58823029793169,1.3649324970563843,0.8939812632467077,1,SUSPICIOUS_BEHAVIOR
13.311272167177457,0,0,171.80911408712842,6.402364185465037,0,0,0.48133638180757293,8,2,0.2667589347496657,5.274675358987223,105.2868175002821,0.25043076494155403,0,SUSPICIOUS
47.779929871616886,1,1,1475.190159716405,1.5993820729517698,0,1,0.7507703855700432,21,18,0.7350826411396271,12.24290054499269,43.969862352327354,0.5324762863196086,1,REPLAY_ATTACK
32.20633322149159,0,0,5.876165552374122,0.8161211905165149,0,1,0.7564146259440725,52,0,0.9426956202013566,26.565660903364947,11.24458452222,0.8820108382210112,0,SUSPICIOUS_BEHAVIOR
28.634655906379543,0,0,23.777614801007058,0.5548412490737061,0,1,0.7886657495905652,39,0,0.9133369888464782,26.347248067455688,11.951770908431188,0.7656540572558327,1,SUSPICIOUS_BEHAVIOR
33.07024188972123,0,0,13.899867046388191,0.7539451692399779,0,1,0.8276602893163598,19,0,0.8618814205039977,27.24876286755993,9.684729276213194,0.8267951329757401,1,SUSPICIOUS_BEHAVIOR
40.60068912480449,1,1,3080.2198513165695,0.12534228518557397,1,0,0.8745981395259796,40,19,0.8861865023926309,7.928132996032542,35.19947908039267,0.8209057432042837,1,REPLAY_ATTACK
7.6766675976944265,1,0,82.79679479455491,9.392275939442037,1,0,0.4128479440818826,17,1,0.22223575231578743,3.5698099067907614,33.61254493488692,0.35610390106147227,0,SUSPICIOUS
45.95601164461796,1,1,802.5370408186687,0.9576408077845949,1,1,0.7530888641709184,49,11,0.8915262535985367,16.59739624681485,44.314595831847306,0.6441726750722017,1,REPLAY_ATTACK
34.5792244325264,1,1,563.8109436050846,0.6247539508585619,1,0,0.8368078668168529,25,16,0.7795107789447193,11.81736620398182,6.044942006470649,0.7424774498937317,0,REPLAY_ATTACK
31.236290715414935,1,1,2024.8706166339214,0.7155889723122302,0,1,0.9658926939115221,39,19,0.7065094491116365,8.155005534338976,13.537178528955085,0.7570961706690446,0,REPLAY_ATTACK
19.73582909406732,1,1,1135.559310243942,0.2653128578901992,0,1,0.9446219618680924,21,6,0.5876140132736014,11.07393829910641,43.50857943051486,0.6131750931977987,0,REPLAY_ATTACK
0.5887554144507057,0,0,29.89534093580722,57.61108928487973,0,0,0.04779953604231027,4,0,0.06950865132069693,1.7913662759731557,247.3774718977651,0.0903092721946113,0,NORMAL
32.90123735146311,1,1,1809.9058560605238,0.37478919919570697,0,1,0.6361494151889936,27,2,0.7289150775777029,15.038878144843494,16.031820205725076,0.8788949900945331,0,REPLAY_ATTACK
3.175468254338219,0,0,20.756099552817776,43.93349783362824,0,0,0.0028393268943447403,2,0,0.14435479746817925,0.7578669021959026,184.69717676037027,0.05604328139811421,0,NORMAL
30.022851656885912,0,0,3.3591891146097987,0.20583422522624178,1,1,0.9015318179086689,54,0,0.825949191564166,10.552321145245402,11.810093224290668,0.737463431865094,1,SUSPICIOUS_BEHAVIOR
15.086397604509859,1,1,3591.279250593546,0.9610193753726595,1,0,0.9579729514663284,37,9,0.6679301780238808,5.368724206993461,48.427611597684475,0.6144070811321223,1,REPLAY_ATTACK
4.017404651924243,0,0,19.511403853481692,39.109937329705694,0,0,0.10221876429447961,4,0,0.07296075533042673,1.4874756763725812,127.50878174756838,0.06024514961245589,0,NORMAL
10.126880723288114,0,1,282.3737076340411,6.935086266086529,0,0,0.2892050565647512,18,2,0.3777336322371243,4.622759530162499,99.2640136165259,0.3659113531968804,0,SUSPICIOUS
9.063230318455792,0,0,191.7973657896574,3.675358534402247,0,0,0.48634000621072443,17,2,0.23816123580133428,4.483531445849498,32.6134904393797,0.35180160043008124,0,SUSPICIOUS
1.8507935012772219,0,0,50.686993687013256,59.77187580956549,0,0,0.1819860316319437,2,0,0.07306238164853669,0.8466313227832594,368.03330157123094,0.19704146518221877,0,NORMAL
8.200109892470634,0,0,220.95919584050387,3.401398909633448,0,0,0.5358497983446242,16,0,0.48380065800171435,3.3658754938400106,43.986101586511396,0.24677787565214945,0,SUSPICIOUS
0.09195338273733367,0,0,16.18924320769286,49.031585871277855,0,0,0.13694503277620093,0,0,0.1103930340772767,1.5796092307800742,528.9062315857839,0.04579743706006234,0,NORMAL
20.863567090649678,1,1,2548.3504033529994,0.6025830789370137,0,0,0.6054278279616063,30,10,0.6657254031222568,18.365435279168782,50.332746162646714,0.8258340534271238,1,REPLAY_ATTACK
0.12675371707728755,0,0,32.85554256922418,34.67732901700593,0,0,0.18538151242917283,2,0,0.10388592001163727,0.9292749724342204,570.1269884727476,0.01884207272249876,0,NORMAL
40.75912048516898,1,1,1338.6707082129274,1.5668399243802291,0,1,0.8163726322730553,15,10,0.5760196513157426,17.62786044896482,32.67919458096955,0.6750436408885203,0,REPLAY_ATTACK
2.832023201484486,0,0,20.070677324515927,57.35453335542596,0,0,0.18729866626204517,3,0,0.050132300589017194,2.8693320100157633,501.0412378313359,0.04278675656020945,0,NORMAL
1.7804836294892312,0,0,36.03566000163704,33.614090208149086,0,0,0.0368202646721914,0,0,0.1254930315551487,1.5919429233082991,564.3785037573928,0.08479123589265239,0,NORMAL
44.302346860124395,1,1,3568.5081244323796,1.0212077552857302,1,1,0.9213251025536724,21,18,0.7757645238191284,9.187950367348694,13.65786264341535,0.8745512115432506,0,REPLAY_ATTACK
0.5038900068871333,0,0,58.283705642498376,42.614582429596986,0,0,0.0769031627412533,4,0,0.14875292105891033,1.0900198258092801,231.2926146637672,0.1525305117512282,0,NORMAL
1.9612202254986615,0,0,40.052993957488226,21.61921615280239,0,0,0.13933779757463938,1,0,0.01492443392709572,1.4922234827225989,144.0309730047813,0.10064566907722353,0,NORMAL
21.092358428217956,1,1,609.5345053648646,1.8365965344754591,1,0,0.7271323785671646,22,19,0.8462641725672801,5.922375068043643,26.746586281042,0.6077459879548559,0,REPLAY_ATTACK
2.6869780146896143,0,0,38.63425521246784,26.08349948297743,0,0,0.03479274118066773,2,0,0.07329073888169771,2.1855490811184923,195.9555560713261,0.11101652028753023,0,NORMAL
0.532991265668859,0,0,27.49121320427356,45.243550502169086,0,0,0.19207335492442607,4,0,0.0036586489665145104,0.7194322853086015,361.02318764137556,0.1432255280953475,0,NORMAL
13.344737434626284,0,0,141.53149052066024,4.154855345443953,0,1,0.2160078562956024,18,1,0.35368542291506394,4.4234898444377775,90.08465067543028,0.32568225262403827,0,SUSPICIOUS
4.604209413086862,0,0,1.2566976618547687,18.134987190428294,0,0,0.056295460490183885,3,0,0.06570504850464702,0.9027500581410557,211.41935857442206,0.03455793037649264,0,NORMAL
3.600182682730372,0,0,15.280237322763071,32.27708193709454,0,0,0.16460071488938696,0,0,0.08018318171340587,1.6588695981473047,573.0186668198198,0.10595498305135971,0,NORMAL
13.140669059512668,0,1,278.33239485786623,2.9910445223644953,0,0,0.3369731233529507,13,2,0.4240164805052187,6.732833369016965,40.719005184842004,0.2510320646036228,0,SUSPICIOUS
57.53460060761037,0,0,0.6703480129887363,0.7880878231633315,1,1,0.8113800772345212,25,0,0.9857790247164434,12.940600184302921,3.138253522351926,0.8064451400327257,0,SUSPICIOUS_BEHAVIOR
9.297453810756668,0,0,134.73735481077074,2.566517611086116,1,0,0.402584447506832,16,2,0.294406692161398,5.580254111708964,58.74457051503167,0.47444479272949425,0,SUSPICIOUS
24.00072360097289,0,0,24.84375575570703,0.8892047513666648,0,0,0.9437353395161782,34,0,0.7157063350557396,19.925941832805634,10.902829428674787,0.8025850338814691,1,SUSPICIOUS_BEHAVIOR
32.88773802591851,0,0,20.479254043351823,1.3733965206824226,1,0,0.9265353367916251,47,0,0.7734474455386972,27.198774934669704,1.4674065568379357,0.8214366435914842,1,SUSPICIOUS_BEHAVIOR
4.090073829612465,0,0,5.219205594684608,41.73356366269707,0,0,0.10928141484242643,2,0,0.06406686696290011,1.9918074752655428,202.23578133809997,0.04548965081295993,0,NORMAL
1.1909139052336326,0,0,14.800731871297382,30.470603590850917,0,0,0.18335120062374935,4,0,0.08894771216332409,0.5301748382515449,526.3443723935342,0.03860299708113973,0,NORMAL
13.332094569102624,0,0,158.12247881401638,8.780890993725194,0,0,0.24661784399945305,8,1,0.24356986072290315,6.912208176000966,99.67543500206362,0.46672887281487185,1,SUSPICIOUS
3.212096391031578,0,0,52.405394284899636,16.027920820184512,0,0,0.08112905188944751,1,0,0.06163993574441373,0.8166396821179849,426.20663499823945,0.12322216008314422,0,NORMAL
37.142527270646866,1,1,2334.231945921522,0.6352761198406264,1,0,0.7324906065179854,34,18,0.5818881625669475,7.959471118076494,19.010813932115084,0.8505957135780928,1,REPLAY_ATTACK
0.8544379369503291,0,0,38.45832464071992,10.734669432747692,0,0,0.18296698999937563,4,0,0.08989162767353877,1.0789574782224984,167.8685778496166,0.12552397479654118,0,NORMAL
36.00788938011736,1,1,1791.3296483667862,1.5450316708460328,0,0,0.7845971845966371,30,9,0.856387454359062,17.07218691467357,40.742627932495004,0.6067028512961926,0,REPLAY_ATTACK
41.52986270848626,1,1,1559.0155390097686,0.11649040084155565,1,0,0.8722515662550407,16,18,0.8381683356586036,11.758321419616562,10.724359898111702,0.603068125265839,1,REPLAY_ATTACK
3.6409437810180165,0,0,8.008798344956627,37.32151580389237,0,0,0.02861239054468048,4,0,0.08233987867490064,2.7395302534964467,241.37038980602824,0.15733050321526937,0,NORMAL
26.50667556998669,1,1,1030.9438796318548,1.1313679118092648,1,1,0.7273027110532483,38,13,0.8850726794356492,17.26774180405028,13.398365009960663,0.6117892815827644,0,REPLAY_ATTACK
4.812236474710556,0,0,49.48085795550895,50.953175693082805,0,0,0.11513305059948394,1,0,0.020475451812537324,2.06235942601958,495.13110217587223,0.06617741753875886,0,NORMAL
47.206419105466765,1,1,2573.675475624224,0.39202901913454935,1,0,0.6181213696244674,22,3,0.5929193745259702,11.04312477894231,44.082955523796336,0.8610066849682316,1,REPLAY_ATTACK
48.79321246999815,0,0,14.147477882826978,0.7701823546464901,1,0,0.8333005501248909,52,0,0.9934745781666953,14.942975673127325,3.444937329608963,0.9043950626130437,1,SUSPICIOUS_BEHAVIOR
12.549787331491633,0,1,292.27491287796556,9.853817739053273,1,0,0.41505938559507166,13,1,0.34650144319859566,3.3165962348616045,85.87867688011211,0.46835637306498046,1,SUSPICIOUS
46.90895524974596,1,1,3508.58542191441,0.9038119623358699,0,1,0.6893815248737013,47,2,0.7598419237738991,5.748032634599614,29.18478716045833,0.8971858106289883,0,REPLAY_ATTACK
20.31602407060768,1,1,2708.4887927492773,1.6168539050351776,0,1,0.9877081009714092,29,8,0.8432122181549107,15.9517015685255,33.66990225985573,0.6456379434176068,1,REPLAY_ATTACK
58.17514400883572,0,0,3.057957203417102,0.5685310139783628,0,0,0.999148844283837,45,0,0.8368865795656002,29.667351207298903,5.526481452480972,0.7800855723826309,1,SUSPICIOUS_BEHAVIOR
48.787195633670756,1,1,2578.418198296655,1.8845484188223722,1,1,0.9040842088769965,24,13,0.6100161057250068,16.78720203783707,13.160806016081196,0.6562059891114552,1,REPLAY_ATTACK
2.9781937030392216,0,0,3.6809776266400895,35.898026385628945,0,0,0.193665392019851,1,0,0.035881663205132815,2.808248770674824,465.7549999097088,0.10884000042272557,0,NORMAL
6.946192543245652,0,0,211.12143644637294,4.89834398653189,0,0,0.4697764285467474,12,0,0.4971397196184729,6.286965197473316,66.97588597328188,0.2998291146007038,1,SUSPICIOUS
34.7668939716969,1,1,2642.8518472584374,1.6145637961337453,1,1,0.8129538852297791,19,6,0.732568457861047,15.498313678272305,23.83848385878181,0.757029276905097,1,REPLAY_ATTACK
0.10292247147901223,0,0,13.272566509176134,11.680680009164131,0,0,0.03309995493273112,2,0,0.03533489018917519,1.133734383142976,401.36752996240386,0.11920603218996023,0,NORMAL
39.312699774016444,0,0,1.9462091350532174,1.4728289733267024,0,1,0.8605087638306351,59,0,0.7910204684929005,23.32469808011575,11.65839284354943,0.9432311693706386,1,SUSPICIOUS_BEHAVIOR
8.145175722091054,0,0,61.114675940397305,9.12983552825174,0,0,0.5399903068438382,6,2,0.49550292434883386,5.047481391727759,72.58935269262946,0.358040875656781,0,SUSPICIOUS
0.6963603633169363,0,0,58.552425294603225,55.87429215659951,0,0,0.1820392248289393,0,0,0.11032810586903717,0.9263259734844382,519.7339540911814,0.023572021735954032,0,NORMAL
2.3126735806657397,0,0,12.056021319543389,14.464476226278647,0,0,0.08760881518107676,4,0,0.02901708420179062,0.6601088096619713,456.5477430641169,0.12835508088820224,0,NORMAL
23.07397847444937,0,0,28.607206122368922,0.2026430329690716,0,0,0.9217868886239311,22,0,0.888091572641831,27.58826349910876,14.398788150724338,0.6197912764216557,1,SUSPICIOUS_BEHAVIOR
2.553736512887829,0,0,15.585227025619572,31.37448439603076,0,0,0.1704096831609386,0,0,0.07127562990339424,0.8047230302008974,428.9050190339604,0.021721480469298518,0,NORMAL
4.805351587347276,0,0,36.77637494967153,57.54642972512742,0,0,0.0033343101199266203,2,0,0.08877118614949889,1.0343417199547766,216.29585813983329,0.13587869762248522,0,NORMAL
1.3996694847297142,0,0,13.15283924148266,25.468635893139105,0,0,0.1997585871631309,1,0,0.14176836731173303,1.084022580090592,576.2841662764504,0.13636660640657175,0,NORMAL
8.323099107399596,0,1,69.06821323493911,5.758416605581437,0,1,0.42752749270659796,12,1,0.24193149832804836,6.196954429515008,109.80537448304902,0.2732410462420719,1,SUSPICIOUS
0.9091248360355031,0,0,42.33451035094131,36.62103411376086,0,0,0.03929739339124223,4,0,0.07233378455059898,1.3860599799684654,160.2593945049658,0.12727454114191813,0,NORMAL
48.375629810045154,0,0,17.23926211865517,0.8238676965661864,1,0,0.9927368009032345,17,0,0.8608925604262757,24.88399049721233,7.9199943596678875,0.7123256124835651,1,SUSPICIOUS_BEHAVIOR
1.1862454374840004,0,0,13.246176767325624,25.237554769306666,0,0,0.12164227535328934,2,0,0.12251900543615211,2.6045217725720473,538.3419267399007,0.0057040049677296485,0,NORMAL
12.75315753880376,0,0,176.24229654530996,9.936307790228756,0,0,0.22659631806990663,12,1,0.48946489824915596,5.813510026855338,113.4041560776996,0.2395312665791108,0,SUSPICIOUS
21.32750520900006,0,0,0.780886494514047,1.1606173658066803,1,1,0.7541931199674085,42,0,0.7401618907338235,23.156944778427174,1.0391213734853852,0.7190655179032854,1,SUSPICIOUS_BEHAVIOR
20.49664356677694,0,0,25.645024537120083,1.497444633049451,0,0,0.8517778763476511,33,0,0.9115244892506006,23.923470297120417,8.600796144820904,0.9325331934433252,1,SUSPICIOUS_BEHAVIOR
2.00381530437663,0,0,59.080184371470494,31.830709488438305,0,0,0.14361363224017218,0,0,0.11546584610783783,2.867926542108485,338.5528368297256,0.18177748807729358,0,NORMAL
1.8823168343902479,0,0,38.84848284927618,10.955804721488201,0,0,0.16159146562180382,3,0,0.07235343128741294,1.015184449842938,415.7876407713374,0.19112427595627124,0,NORMAL
0.8615993560081492,0,0,4.765162139339196,34.83477114089733,0,0,0.13650234602324005,1,0,0.060677928668735254,1.845960467241083,264.441155119401,0.03913325912506849,0,NORMAL
1.7460478730633044,0,0,52.29220836914258,32.35277719032127,0,0,0.1595996070438448,2,0,0.0280158792346694,2.218207511032819,372.173031273359,0.06658241924628065,0,NORMAL
1.432706260641422,0,0,1.9921865274819939,34.102052905604125,0,0,0.01933891195751343,3,0,0.05350847539633595,1.8307609096204156,366.345588397353,0.16558241242981286,0,NORMAL
3.002584302168267,0,0,5.316025780777034,51.37531599366106,0,0,0.029321660072000634,4,0,0.03930525067603118,1.0762370933788021,236.5031936633199,0.036530323748754444,0,NORMAL
44.01891453001096,0,0,26.90254093839194,0.7781956591681586,1,1,0.884525489946305,39,0,0.8666992219446358,10.28702619170587,11.465927278517524,0.8966999219829102,1,SUSPICIOUS_BEHAVIOR
31.652112348206014,0,0,5.994627610240924,1.4046914099598218,1,1,0.9635864790422717,40,0,0.8250259336877617,22.014272874037495,3.6605294032822506,0.7146183670873851,1,SUSPICIOUS_BEHAVIOR
3.8615919586781966,0,0,37.989082535641344,13.300492207012079,0,0,0.02713229343207555,1,0,0.11406969094141,1.2931380411242501,498.2970911737051,0.014469701979497108,0,NORMAL
3.360677737029393,0,0,9.516306317584423,17.098599488049693,0,0,0.036808954410042706,2,0,0.1430555439737562,0.8224472698179132,336.2575387521965,0.0968532396219451,0,NORMAL
3.7618726471884,0,0,56.032501051674295,29.399337997343473,0,0,0.06414671646231425,2,0,0.14580802119352324,1.8782934766570354,565.1358765415457,0.10912169288543012,0,NORMAL
4.472761134470457,0,0,37.17536024759044,50.8389733252818,0,0,0.03495699757667319,4,0,0.14005183591994028,1.3899209770805914,209.35921715811372,0.035408288211981276,0,NORMAL
2.7692714220066037,0,0,45.73710808659695,49.52548971374425,0,0,0.1386755077037705,0,0,0.09338240943196706,1.323445167585544,162.30075336026772,0.16578597823860242,0,NORMAL
14.37144966815122,1,1,288.9637929886049,6.488880870147206,0,0,0.24979955930717912,9,1,0.37671168218250217,4.412494184236702,85.17468232825308,0.36008072045762834,1,SUSPICIOUS
2.8046898576769315,0,0,53.05238780090447,57.38440129822354,0,0,0.12207521195633841,0,0,0.1313044859851141,0.8963403962498089,449.6485418866414,0.12675580790865013,0,NORMAL
4.952525710003367,0,0,14.163027800787837,28.727644351006067,0,0,0.027890047241032036,2,0,0.019661979255705463,2.1932598982453526,474.6134538809269,0.14348689017565072,0,NORMAL
2.460581465397691,0,0,36.42564216532685,27.890704205677444,0,1,0.1823637139078894,1,0,0.10311552914113009,1.1448487669672516,376.7389227642025,0.17868869307525304,0,NORMAL
26.85639392785267,1,1,1756.6345195923666,0.8678586111160153,0,1,0.9394877315710457,11,19,0.5243241045921909,13.845270321027257,7.837896245149247,0.8027379184519937,0,REPLAY_ATTACK
39.52623824349236,0,0,6.51700423777304,0.7179145844477054,1,1,0.7809151012247616,33,0,0.8195210244781415,11.647348943059514,3.985084886980012,0.8203490315389165,0,SUSPICIOUS_BEHAVIOR
29.8614151275346,1,1,2874.2356150633645,1.2856830877920624,1,1,0.707315140355533,11,11,0.8150700722859123,16.438277141670603,30.618206524898493,0.7073742725855198,1,REPLAY_ATTACK
4.014267242990057,0,0,12.341235731733306,56.3097034215891,0,0,0.16858909649123943,0,0,0.13345311188574974,1.1925636221740608,405.7707468049497,0.16763184028021735,0,NORMAL
37.387573031531886,1,1,2021.7962439879786,0.7316953311544235,1,1,0.9760037304749305,30,12,0.6375903990442284,11.748341075854245,29.204589449558465,0.7001741700066308,0,REPLAY_ATTACK
6.179789994370257,0,0,225.4954586524716,9.087389363334426,0,0,0.5984587323733354,17,1,0.4551358753351371,5.300331194789755,61.721650595931585,0.26446135215474037,0,SUSPICIOUS
8.864155618305812,0,0,125.3871458661196,2.8360605011417928,0,1,0.4442993979817238,5,2,0.43945489687245287,6.914923247880147,77.66067842835035,0.4742626369042436,0,SUSPICIOUS
0.5089123631020187,0,0,59.52948088939876,40.38760611263613,0,0,0.12365700420274398,3,0,0.1226856265248659,1.0503231104938167,343.2169558707229,0.11441996339432502,0,NORMAL
38.81454744457727,1,1,1841.9277988752685,1.6515824956893796,1,1,0.8539027678239278,49,5,0.6632368545218794,12.555887195403821,28.016376782153213,0.6971393123937586,1,REPLAY_ATTACK
2.4862425294619275,0,0,40.68096915354381,45.51213993116558,0,0,0.11634430549469535,3,0,0.13237426576022046,2.82978183149364,237.96014984922616,0.10228728126031746,0,NORMAL
37.52374174000058,1,1,758.0057913288474,0.8267770264973655,1,0,0.630419748076611,11,1,0.7844078785485065,19.109087906361168,56.066187238082506,0.6946197522364792,1,REPLAY_ATTACK
30.303151299919975,0,0,27.600025042489648,0.8528790889124533,0,1,0.9090976994795315,54,0,0.7656718487773949,27.620193384248545,8.249034386727972,0.7453005788485851,0,SUSPICIOUS_BEHAVIOR
3.9480907139727694,0,0,30.434088521303547,11.167604816409295,0,0,0.06189390981772019,3,0,0.01650265816913154,0.8145058408651282,547.3452274144897,0.15808149517659761,0,NORMAL
4.612496905886479,0,0,0.726508514093247,19.50538248918638,0,0,0.032745791575834196,1,0,0.10053809640665388,1.5200502282127029,491.48934183536267,0.041549854602438076,0,NORMAL
4.604362002659066,0,0,40.16921731189141,15.094619403300676,0,0,0.16776786735305407,3,0,0.10351130312831966,1.134106185853439,383.559946832987,0.08964531642164492,0,NORMAL
2.611216300274022,0,0,12.009014654688606,10.383201632461267,0,0,0.026886685473910002,1,0,0.030209865419083107,2.970655287857967,500.1615005424941,0.1235114626419237,0,NORMAL
4.512764533397833,0,0,10.05715297729906,13.58559444238255,0,0,0.19334684550702164,2,0,0.06099547903274556,0.6463415002001254,449.7371718650104,0.033439170909453676,0,NORMAL
4.436063712881633,0,0,59.47011756821859,51.105158030011275,0,0,0.11536158392765117,4,0,0.07376069145284841,1.7265339397454977,124.65617036306027,0.14592132984706851,0,NORMAL
45.17637185078701,1,1,2893.942592122083,0.9117780426529635,0,1,0.7399904123912724,46,12,0.6461564049334132,16.027416835201333,25.717133112265387,0.5690631784596172,0,REPLAY_ATTACK
45.74320968934598,1,1,943.9760904947254,1.543100038378017,1,1,0.6467952942729551,44,8,0.7143827447947253,7.134183630286833,45.130275104806884,0.6531185389932808,1,REPLAY_ATTACK
1.1105390523536514,0,0,29.752544104726248,10.630375998787953,0,0,0.10294843875135598,1,0,0.11494561066783501,1.9631521887746164,548.8966000792498,0.13542549771478038,0,NORMAL
46.24515217468807,0,0,19.42978756920884,0.49505010390892634,1,1,0.9445549696878258,17,0,0.9235424645261435,11.58939006703211,12.112607143508551,0.7727129976661984,1,SUSPICIOUS_BEHAVIOR
40.434094598551916,0,0,11.896911503912428,0.5475739613327506,1,1,0.9975359065863789,56,0,0.872781450223537,12.515939848758917,9.017331048606497,0.8061874276064034,1,SUSPICIOUS_BEHAVIOR
39.545755883950335,0,0,24.775603030168945,0.8809953887822736,0,0,0.9162029077277555,49,0,0.899878907857536,25.898590348734615,5.380716662820914,0.8855234598707116,1,SUSPICIOUS_BEHAVIOR
23.771419506959624,1,1,1216.0175451954847,1.5078162386185037,0,1,0.9236659903897588,29,8,0.5922479077014422,10.872466074278998,33.29892533705657,0.5695198491333682,1,REPLAY_ATTACK
2.8723655658995595,0,0,41.52968050164792,29.90026464772514,0,0,0.026064086634467177,2,0,0.012697313037694346,2.773888571093006,157.5717507503404,0.14967927124194863,0,NORMAL
43.320259320182046,0,0,14.361066025523566,0.3861652846717506,0,1,0.9191596063016086,47,0,0.7521402863615704,21.3097256666834,5.9652785247094275,0.98617759475094,1,SUSPICIOUS_BEHAVIOR
1.4679592213224668,0,0,17.499754722558194,35.61818887728953,0,0,0.0609806248770127,1,0,0.027393769537965167,1.1248974530987388,475.5743362371228,0.05482723343838767,0,NORMAL
44.97601949888652,0,0,2.9006914901322913,1.0146758941863352,0,1,0.7973692852766429,30,0,0.8717659580923296,10.560377025456209,11.237523204113831,0.8875891757225777,1,SUSPICIOUS_BEHAVIOR
4.742266534810783,0,0,35.58266005120705,52.421268954526234,0,0,0.1332814609389838,0,0,0.11223582092713501,1.4713278700151051,473.24898812997384,0.17756362299299974,0,NORMAL
22.072886195907138,1,1,2961.0912915214553,0.4952638345489998,1,0,0.7247800036743264,15,7,0.5050749016931475,18.182121484918007,26.165648619255393,0.5825735978919457,1,REPLAY_ATTACK
51.30942841440768,0,0,12.052356162749355,1.2621636758313717,0,1,0.8155375212757666,52,0,0.878463102830255,17.491592138699705,4.867715307839947,0.8264848977989573,1,SUSPICIOUS_BEHAVIOR
1.5948781514688064,0,0,52.244994076350686,23.769058712770928,0,0,0.15880289005319256,0,0,0.06143413908937639,0.8823579661885654,315.7847648881723,0.09410014381793647,0,NORMAL
0.5803632025345812,0,0,59.78003496340452,44.32949567463034,0,0,0.06064395676885011,0,0,0.018942520887685343,1.2196987583371115,416.3300404742722,0.11068591223274549,0,NORMAL
33.69527064036753,0,0,15.4365927400134,0.6153870259735934,1,1,0.9424638491549509,30,0,0.9014173014474964,17.301697550137405,9.222477342409148,0.6295794759478804,1,SUSPICIOUS_BEHAVIOR
43.86154812607529,1,1,825.2248051046802,0.5573519618582332,0,1,0.6329448527233122,34,8,0.5691779367483493,14.15042470212971,53.26698953662274,0.6250118483713452,0,REPLAY_ATTACK
12.501502812985176,0,0,256.29951025119954,4.620378167507943,0,0,0.41957547140747,14,2,0.4548552998578034,7.213595617697343,87.28900397190517,0.2127412731465234,0,SUSPICIOUS
2.9514747125740386,0,0,18.336252929412893,21.520833105867496,0,0,0.08126644619275357,1,0,0.033488310160404135,1.8135799957741057,223.24090981684458,0.05702663503614174,0,NORMAL
1.1462569761632073,0,0,41.28808236519253,12.194997132150256,0,0,0.12535066970846626,0,0,0.00019266382902021205,2.7125383113681467,189.36730747533613,0.09445619286576022,0,NORMAL
17.441371986211873,1,1,1312.7475012239624,1.4498280356576516,0,1,0.6774954045860195,34,17,0.6357845954731812,18.049800614668797,35.74387901476092,0.5984234986300498,0,REPLAY_ATTACK
2.0980003121389497,0,0,39.52246653005257,41.820068509170355,0,0,0.08791258835457974,2,0,0.07296635807128117,2.203651531292928,492.7712831022675,0.007890390584538288,0,NORMAL
20.01034179971591,1,1,1171.2524110607021,1.9961359696347891,1,1,0.8474486741632222,24,5,0.6641242379851446,7.338356561827091,15.715953742575259,0.7675215391218488,0,REPLAY_ATTACK
4.162213204002109,0,0,56.64356038119679,55.321872667220546,0,0,0.10706955361233135,4,0,0.12892544634373468,2.7648599198156614,396.98560402250126,0.07288197319908066,0,NORMAL
4.4816790926055985,0,0,11.281484076924968,24.123621318500184,0,0,0.06708136269926938,1,0,0.05329344648289781,1.0931359091428432,504.02611581665826,0.1964089245572768,0,NORMAL
0.08293914463928076,0,0,58.87117068164541,13.482057408120287,0,1,0.1130831879505076,2,0,0.12418874318179686,2.3936726268077573,465.8081770683734,0.16603544859991748,0,NORMAL
3.075036133495849,0,0,16.13960426610586,48.69398278650782,0,0,0.04079892072187748,4,0,0.005144685195496751,1.702814229542114,241.63109162849887,0.13624185156430976,0,NORMAL
59.16612959005954,0,0,19.703820138900955,0.9519172795354853,0,1,0.7565178947210721,35,0,0.9024282501149542,13.111307942177408,13.050075880269949,0.7456671451530851,1,SUSPICIOUS_BEHAVIOR
22.414633740602294,0,0,16.96595630772173,0.8771193506619476,1,1,0.8444767165323633,16,0,0.8382101314411472,18.52669810880692,8.603160447480962,0.8322197287468159,1,SUSPICIOUS_BEHAVIOR
0.13266101936909858,0,0,0.3137768125747642,48.277337525793044,0,0,0.10858808889786556,3,0,0.11430490815585766,1.7580480179574052,336.43375348471113,0.10761590857481085,0,NORMAL
2.8503058504468246,0,0,3.8525362245080452,25.847329389555966,0,0,0.08343285579514043,3,0,0.01965219279756984,2.914132936916031,362.1027380634081,0.02962678440327662,0,NORMAL
0.7433136387655648,0,0,56.584550264682456,38.85612930191604,0,0,0.17470685284904294,2,0,0.010834402240871677,0.9923840755218034,257.91855994927175,0.18733758533342992,0,NORMAL
1.81814801189647,0,0,28.835194639598882,19.37059720487911,0,0,0.1366228571446093,1,0,0.08494843202497981,1.4535220247578087,265.657543895811,0.05787048204444925,0,NORMAL
1.2512144908229765,0,0,3.621125039433828,30.551053763277288,0,0,0.11596591520954501,2,0,0.07229923765993006,0.5006073360862818,581.645989605825,0.16422522089703595,0,NORMAL
35.408246021241254,1,1,3036.533222017511,1.3663759891749052,0,0,0.9477131692095555,36,12,0.826841569487132,17.813285988889408,12.566034196189676,0.7110917732970669,1,REPLAY_ATTACK
41.57706058304946,0,0,9.265956030364732,0.8626914615181395,0,0,0.8145517289683379,26,0,0.8717851735943003,28.074650713723848,11.74014343000515,0.7143227704315804,0,SUSPICIOUS_BEHAVIOR
24.546050452467334,0,0,24.26146190656319,1.1807846983565673,0,0,0.7441904037135678,48,0,0.8096719786225786,16.99203464808573,6.093582109887285,0.7052646100583095,1,SUSPICIOUS_BEHAVIOR
3.775686278368095,0,0,50.39167817200322,13.843103763808175,0,0,0.05501977631182489,1,0,0.07202024094575597,1.7928022202833263,256.72928477309455,0.0004281838690950446,0,NORMAL
4.858910413604804,0,0,35.544467079571056,52.9088526578582,0,0,0.1865133417411922,4,0,0.11449423679959224,0.8521715098771533,534.6891875807783,0.05070020322115463,0,NORMAL
4.648488261712865,0,0,13.429056889357385,19.211241961901308,0,0,0.12015842986792383,4,0,0.09230217609428613,0.7844048970113735,333.01611805552113,0.005908393722298655,0,NORMAL
4.998588366430653,0,0,36.6200269986551,51.423464972455854,0,0,0.026683267104641417,3,0,0.04027501142962431,1.715930252062869,588.4866842874212,0.08340974566418019,0,NORMAL
1.3260118384086272,0,0,25.183639015567337,10.620201813865739,0,0,0.07999660365871371,4,0,0.10000632830946851,1.383693687820947,287.15070705953696,0.0010678283939377087,0,NORMAL
3.7056032464502953,0,0,6.0627486606388015,32.89978795017858,0,0,0.02827671084326804,0,0,0.038917375660211445,2.0878924721598375,575.5533089498022,0.0061566204475280275,0,NORMAL
22.653463874163386,1,1,1765.327588033236,1.9528403588839132,1,1,0.9271004988959617,24,3,0.5789714833602284,18.81298929624732,17.591558180231623,0.7640649667212196,0,REPLAY_ATTACK
46.67548810537214,1,1,2303.100003227958,1.2156642308875225,0,0,0.9988540900005003,23,11,0.5321032479943212,14.365639332379637,26.04649351763061,0.7998983461781253,1,REPLAY_ATTACK
3.6894845834788423,0,0,20.21374750626641,57.75302557424945,0,0,0.1157083636407063,1,0,0.06913031029044779,2.0214289829349354,478.14286955454827,0.04646710918480364,0,NORMAL
40.680588955468636,0,0,7.111245267560401,0.8358846804393055,0,0,0.8783657687082844,40,0,0.9459215622778743,17.370401844520778,13.767442361023534,0.8901465792597776,0,SUSPICIOUS_BEHAVIOR
26.782319774805423,0,0,2.5363000614036912,0.7148690319557337,1,0,0.7437223527621932,47,0,0.728493252414952,16.30650710760292,13.776810359270689,0.8402514661728124,0,SUSPICIOUS_BEHAVIOR
1.7443413327149764,0,0,3.4898277303285474,10.067681285773407,1,0,0.1353640087260094,4,0,0.055407397137387765,1.63080869408574,274.72245987885293,0.10683797836172385,0,NORMAL
0.4267483403932193,0,0,7.290082578055084,49.377454292938964,1,0,0.042301349856353615,1,0,0.010986840616108518,1.0694458540445035,239.66176800221345,0.16888526662401737,0,NORMAL
3.16550728636634,0,0,37.25493106604863,38.022031549021996,0,0,0.18588069676983077,4,0,0.09322609667071262,0.7612007918848952,567.3331870340986,0.04342808080753438,0,NORMAL
3.1104335011393673,0,0,51.76782465259371,33.82184931718958,1,0,0.12926198673147626,0,0,0.013383325208585789,1.5585970122494812,263.03030143788936,0.1553720653796563,0,NORMAL
0.6844281503440364,0,0,26.411939877329434,35.692723210338386,0,0,0.06770137588509458,4,0,0.01922821092156926,1.1285753804686587,356.0912982687107,0.11155295181961236,0,NORMAL
4.068975098534743,0,0,20.474869657569382,57.80235718059666,0,0,0.09840034588641655,0,0,0.004682034050812134,1.7713472287442698,288.6508486343648,0.0618963158389734,0,NORMAL
47.957106437808676,0,0,22.382803865826805,0.46314825038919816,0,0,0.9547806251314543,21,0,0.7822062152207223,17.99732926073188,7.803575064493326,0.6775920848424022,1,SUSPICIOUS_BEHAVIOR
59.26437709328057,0,0,8.999744116611334,0.4833171879626771,1,1,0.9875662023848584,32,0,0.854077382910787,21.597911964555685,10.707477232339963,0.8948337432635945,1,SUSPICIOUS_BEHAVIOR
4.452636403699475,0,0,45.316225229808474,28.002523295048917,0,0,0.0548425778248294,2,0,0.06557221575675519,0.7875273420702446,420.5975149262558,0.1904982600868649,0,NORMAL
2.993292420985183,0,0,43.93349318457367,22.477309992475305,0,0,0.06800087721197844,4,0,0.04747031760922479,0.5522737808380874,178.9973676202776,0.10671794602208173,0,NORMAL
53.19672123947835,0,0,26.513323746257598,0.4548567977400514,0,0,0.8576622193377148,55,0,0.9868023773548604,20.29488987911379,13.481263425490077,0.692469948475217,1,SUSPICIOUS_BEHAVIOR
4.342995640947302,0,0,24.414477643372237,11.972976644544966,0,0,0.17166458777577162,2,0,0.003514943305108231,1.9723400564063696,302.92824653367074,0.017726594949916154,0,NORMAL
0.7799726016810132,0,0,39.527002002643044,47.969913120898184,0,0,0.0176268861953383,2,0,0.007810860933190461,0.6412892269918933,312.93692381530536,0.16565471296319767,0,NORMAL
35.62062386115251,1,1,2267.4862764673717,1.8708344875169833,0,1,0.8319623753129398,46,4,0.8296775186666081,11.478806075551253,27.53783793673363,0.6225388372074321,0,REPLAY_ATTACK
3.357865977963998,0,0,33.01359252937571,30.37715155162154,0,0,0.009861797421964935,2,0,0.08166919982237529,1.8710023418547792,216.79450140810826,0.16422210554830322,0,NORMAL
4.460232775885567,0,0,59.0386588775897,24.86189038543086,0,0,0.030348582590610487,0,0,0.06685947313543038,2.485960562732141,338.0499476930041,0.13184890741017438,0,NORMAL
8.686206524982886,0,1,65.31828853068517,4.584348676948819,1,0,0.2950484870241682,16,2,0.349173644056869,3.194668536446856,76.5966591394016,0.3199576085411647,0,SUSPICIOUS
1.1432140275173137,0,0,34.038733177734215,52.296071983886605,0,0,0.173599918379018,1,0,0.10599637826234008,1.6696486565853998,432.5749018057663,0.10419827772987143,0,NORMAL
4.574321951102243,0,0,46.25531067864312,39.140341754174486,0,0,0.10038908102636834,0,0,0.030778071435721047,2.6754917262306055,577.4998140038233,0.15143011606148785,0,NORMAL
0.06500961755368018,0,0,21.323074121144366,31.261409271884695,0,0,0.19045280290667446,2,0,0.007374124373257223,1.156584030915184,286.13147557554964,0.019249298228143277,0,NORMAL
46.77994306202778,0,0,1.7419001667327383,0.15749292324525624,1,1,0.8002002156479782,54,0,0.8740966737742609,24.638841101555226,9.826083406010278,0.7999920704285499,1,SUSPICIOUS_BEHAVIOR
6.495086395206961,0,0,79.50698516181305,8.88684022434759,0,0,0.44399259712578865,6,2,0.2659773644118123,4.083788556609925,82.41335068425137,0.4666207368159876,0,SUSPICIOUS
42.17861799697764,1,1,1147.9300882167972,1.2738048801972899,1,0,0.719701122243572,35,1,0.5096446699715996,6.728387319643952,43.56852502165784,0.8696813183023088,1,REPLAY_ATTACK
46.88574545676782,1,1,1059.5762918561213,1.3335839783797174,1,1,0.7310813395380475,18,12,0.7327711619922885,6.174868341620239,8.610789430547658,0.6142622537556458,1,REPLAY_ATTACK
0.8901798343487571,0,0,26.36429938166713,55.921321607270436,0,0,0.01871188138246711,4,0,0.047938413938999745,2.296509351725489,403.1205093310827,0.19851797518676895,0,NORMAL
27.2431150816409,1,1,3322.33054809111,0.48552101155483784,1,0,0.8586218547657805,37,17,0.8455265177873756,18.940257867316127,54.086686140669016,0.7855658966810024,1,REPLAY_ATTACK
27.65172696808429,0,0,16.049001169962132,0.12047995488709802,1,1,0.8453104454027973,30,0,0.8473932302538093,17.098465419457824,6.42310771757412,0.9434581868649936,1,SUSPICIOUS_BEHAVIOR
3.9914758948338758,0,0,14.522700951751649,47.17969580882799,0,0,0.03323699992194984,1,0,0.06491506225622905,1.034503026656832,278.7806358852747,0.131159255979944,0,NORMAL
4.932576243964898,0,0,30.940765661789868,54.00783689607425,0,0,0.02113006908978614,2,0,0.09761824812703528,1.800451841416899,556.4472208585636,0.07210658357032955,0,NORMAL
46.94066109888436,0,0,8.665533699948943,0.5639503227751227,0,1,0.7638777851447803,16,0,0.9082430244878945,14.704099861954628,9.47704404265809,0.9878647035011063,1,SUSPICIOUS_BEHAVIOR
4.1799006025610295,0,0,27.139097071098007,59.64084194995352,0,1,0.10179180808440952,3,0,0.13611947645196382,1.2249684816103548,546.7826571383321,0.004102183864078235,0,NORMAL
2.127182193082084,0,0,30.153964587806545,39.756583745284075,0,0,0.03135208573032786,4,0,0.12754765622363984,1.8890428867060072,325.2920582560613,0.11802328446889417,0,NORMAL
28.57651277285221,1,1,930.2003059017461,0.9840943692248364,1,1,0.6325576352031576,12,3,0.5710731735223269,9.083087738741204,52.01530972966121,0.8494510885601168,0,REPLAY_ATTACK
0.2877938000832214,0,0,59.197807377530815,24.462238598632727,0,0,0.08894255537166716,0,0,0.0013965436143530518,1.007483897977993,348.4522644229076,0.10251818505345928,0,NORMAL
4.483942049530059,0,0,43.46032902772447,17.143798066970586,0,0,0.0720119803861452,4,0,0.00984011474175443,1.7475904322602034,449.72516005166517,0.034357821895553364,0,NORMAL
47.11771780076506,1,1,1263.6265632525067,0.5805462458513418,1,0,0.9919761018259218,37,5,0.6289347138229044,14.428741948162603,25.056602814600513,0.6402284598551252,1,REPLAY_ATTACK
1.85236051395691,0,0,33.73780895267459,31.690870978826478,0,0,0.16410150084642183,2,0,0.09956015410409076,1.2715816213098767,327.5502528888432,0.020715313220603007,0,NORMAL
48.46051601247274,0,0,1.456003521890069,0.9250737291307668,1,1,0.878936831892185,34,0,0.898602869384214,17.674535189825463,1.626161427403425,0.9665259497924745,0,SUSPICIOUS_BEHAVIOR
10.744284830031445,0,1,81.8011634547394,2.822662528513259,0,1,0.581218634463938,19,2,0.3744154686009533,7.873046054316208,32.84535101441179,0.314890103319294,0,SUSPICIOUS
1.965488623333802,0,0,16.4529121409202,39.917874214887945,0,0,0.1768686855942575,4,0,0.08801518617668867,0.7731986134203999,519.9716664138036,0.17902124514601842,0,NORMAL
35.348886988778176,0,0,18.42194954182195,0.5397266373270092,1,0,0.7309111392925302,28,0,0.9490977041784103,24.828799040885382,11.367294517423005,0.8806625474979375,1,SUSPICIOUS_BEHAVIOR
9.481286994651596,0,0,284.82574788552046,7.449101592579124,0,0,0.45015905195216505,13,0,0.4869583247234027,7.440889551891914,40.27032814681007,0.25722447911174084,0,SUSPICIOUS
53.73566585316283,0,0,11.759433387208805,0.49260180620300753,1,1,0.8502990509836587,59,0,0.7659991458011626,29.2971983753714,14.5283660150728,0.809501737789758,1,SUSPICIOUS_BEHAVIOR
27.472033641801424,0,0,11.13359073656196,0.1705081985907541,0,0,0.7611458481149533,15,0,0.9733550767922289,10.640745335394563,4.7994695727284835,0.8505551183250152,1,SUSPICIOUS_BEHAVIOR
0.7046211248738132,0,0,14.326628746098141,20.06818910679872,0,0,0.09495380120873026,4,0,0.09300020002161126,2.8504495868231032,442.32566749489797,0.05267272379961585,0,NORMAL
2.28034992108518,0,0,56.65598934680604,30.93966595370807,0,0,0.18603304057251002,3,0,0.13973166106597804,1.0011726194158974,284.66112278064486,0.08186898417647853,0,NORMAL
11.956402157189359,0,0,90.94495330075613,2.4237832483688067,0,0,0.3127302716398739,17,2,0.4725966684021079,6.444332422127781,99.60530021658951,0.26109459233698323,0,SUSPICIOUS
1.424202471887338,0,0,16.02169621016528,33.55839494664073,0,0,0.08128330731480374,3,0,0.1129090706738964,2.8755280146635753,251.7814006754134,0.10248571027533127,0,NORMAL
4.248236953387058,0,0,10.868960972080819,47.02380659767596,0,0,0.02910309655747183,2,0,0.10407950134925918,0.9494945337376886,524.8453419403436,0.02841232188861245,0,NORMAL
4.194490432229671,0,0,45.86235973330416,42.03075917744437,0,0,0.19723535945673898,1,0,0.1116628880719989,0.7442681884668962,570.5999463743198,0.17485931204443486,0,NORMAL
18.943906601442738,1,1,792.8927765204235,1.8058207024235444,1,1,0.6840421798020087,30,19,0.739560800276306,5.033685627164829,45.92475948897165,0.5364269307423084,0,REPLAY_ATTACK
1.6259166101337352,0,0,28.044090674992184,34.890625401714516,0,0,0.10098229025002786,3,0,0.13511402436760986,1.7589251860088875,519.2569440888765,0.016854111836153107,0,NORMAL
53.3895181910787,0,0,10.89385328538216,0.7676675957451851,1,1,0.9968761222422009,21,0,0.7760860507401968,25.302027003400266,6.945592218611569,0.8134355757521204,1,SUSPICIOUS_BEHAVIOR
21.399953650559425,0,0,14.86414689196,1.4049821026216291,0,0,0.8818531917345303,24,0,0.8089573739062415,18.716564684404204,2.480805109302265,0.9302162766029418,1,SUSPICIOUS_BEHAVIOR
8.682627898719133,0,0,152.91729457295594,9.440053758665329,0,0,0.35493336834267697,6,1,0.340620058046438,4.399937747270487,37.94503736715685,0.4797283348936446,0,SUSPICIOUS
2.921571559615501,0,0,19.475149794016218,33.13378025326968,0,0,0.13858404584495773,0,0,0.10835602614491978,2.923598439189696,365.7712267722045,0.10447465279336021,0,NORMAL
16.966822785663993,1,1,937.4184407898606,1.3312919096083304,0,0,0.99641926911958,23,19,0.6231175389531661,9.588786646103767,58.47755906923189,0.7968712085783121,0,REPLAY_ATTACK
17.892927162643737,1,1,2825.83464953893,1.0661578424653821,0,1,0.7444421917796289,18,16,0.7534052513814372,6.3815356571276745,58.869086673244496,0.6024033672600895,1,REPLAY_ATTACK
46.222327896693955,0,0,13.094620479231212,1.0572707546889262,1,0,0.9315718730200268,46,0,0.9147458719116262,16.312272520424415,5.206706051610471,0.6175749626220778,1,SUSPICIOUS_BEHAVIOR
38.71257184723887,0,0,21.657719097868,0.6461584988075063,1,1,0.7418915197689736,59,0,0.8552029617577639,23.154478107222655,9.32731642091848,0.71297090653707,1,SUSPICIOUS_BEHAVIOR
2.2912644524575834,0,0,37.37799501380897,24.75203538270781,0,0,0.10875741407834938,0,0,0.03936241225443216,1.5905360428001134,250.06233977818536,0.09963014405022969,0,NORMAL
23.099598265236914,1,1,3219.080160402587,1.9882248007322725,1,1,0.8463049470692073,37,6,0.7123439101308817,10.230835232004283,21.514176914869374,0.6594820506291594,0,REPLAY_ATTACK
21.426976654421296,0,0,29.691686713989192,1.3993850604216214,1,0,0.8582180542263541,58,0,0.7527317530142382,12.232536170270814,5.638176766449423,0.8211007332940504,0,SUSPICIOUS_BEHAVIOR
8.633924794321267,0,1,133.62546032467975,8.056094941978882,1,0,0.4134882645408322,16,1,0.2711394807149969,6.414186330144496,86.45920225708542,0.2984926131073736,1,SUSPICIOUS
10.749534932296413,0,0,209.62363042640663,3.9060993067194403,0,0,0.423219590251795,14,2,0.46375547533372935,7.655142981387813,103.20089961405975,0.22156982559724883,0,SUSPICIOUS
59.708984783745116,0,0,24.1650933377959,0.25462037771761153,0,0,0.9769677635458698,15,0,0.9148923946243673,20.633249457289587,10.500426922667339,0.7729351776750744,1,SUSPICIOUS_BEHAVIOR
53.7243982630561,0,0,4.08683334955347,0.6897216271596943,1,1,0.9384852798474032,39,0,0.9981144424778738,28.310747998608992,6.020737477072717,0.9392916530211395,1,SUSPICIOUS_BEHAVIOR
8.002271115413864,1,0,97.9518349726475,4.637697403313629,0,1,0.287747226026108,8,1,0.24106409590754832,5.07415335944477,110.75669296799651,0.2376136652324563,1,SUSPICIOUS
0.7642956959216601,0,0,51.085497464705746,24.76507387859164,0,0,0.15629241775094185,2,0,0.00575457920335517,1.2048422108543961,451.15008159041315,0.17060271179758513,0,NORMAL
4.707324043882625,0,0,43.98678134491686,38.85999433672754,0,0,0.10303340567731777,3,0,0.07245211692659256,2.540083755755171,250.03642715849816,0.10377790633021629,0,NORMAL
12.130282022890967,1,0,258.3018550396966,2.907419413966732,0,0,0.49069622609172786,14,0,0.4897708975597433,4.452054610711233,35.67676569086701,0.36227594398618956,0,SUSPICIOUS
0.3702232586704518,0,0,40.77883696158419,32.561967209049406,0,0,0.04732195654150147,0,0,0.0698230458659549,2.7195441008395473,273.4329898825443,0.1872292670864226,0,NORMAL
2.571172192068058,0,0,50.67296391210422,59.064854524862334,0,0,0.010565337272944397,3,0,0.13777822956646818,2.6914012269717937,365.5373732327001,0.19910328971806496,0,NORMAL
18.945568624533514,1,1,1264.348621181906,1.1572442069079854,0,0,0.8861182647429857,46,10,0.6801245885292544,15.364128410252873,33.60914012133608,0.5449348928176162,0,REPLAY_ATTACK
2.3434657989748513,0,0,15.406594063230477,23.937993620727653,0,0,0.006875371670345043,4,0,0.12924374251259677,2.0486126845453834,487.5764605035477,0.11599239610702222,0,NORMAL
4.20914388379136,0,0,3.7375078878037615,25.14578644165963,0,0,0.12868578990346616,3,0,0.017890750805961513,0.545080024563075,568.0383938157863,0.1517588285408626,0,NORMAL
4.609371175115584,0,0,21.04270892710261,43.451116866455415,1,0,0.13166148790121238,4,0,0.13635083832535544,0.9953268545589427,512.2090238412552,0.10431990259822432,0,NORMAL
1.3462161547469047,0,0,59.54901012950251,57.5386353865669,0,0,0.00349964279747772,1,0,0.05094909307221641,0.94914822257478,348.43503718713634,0.05333123842650089,0,NORMAL
2.7031756080505325,0,0,3.1182770190883446,35.63338629782082,0,0,0.1523779788754968,4,0,0.13222287293833657,2.355775613834311,226.87163290885698,0.06392362510161424,0,NORMAL
0.6214861174277236,0,0,59.020735515804816,52.353041349194974,0,0,0.018603481852535,4,0,0.053226858514598734,1.8435423464995175,155.87803374543142,0.08255261454975873,0,NORMAL
3.0912738576514798,0,0,10.518176541459578,28.865902698159644,0,0,0.009753263762628084,3,0,0.04293364608599915,0.9977057820698944,514.986272780881,0.03055008633352332,0,NORMAL
4.330880728874676,0,0,50.95173909391916,48.83552784775906,0,0,0.1695095266109473,0,0,0.11933165878899721,1.578770299619106,286.20770437820664,0.15546042962878368,0,NORMAL
3.0335752319142797,0,0,17.792134877259315,58.00678022027236,1,0,0.16319115788304134,1,0,0.03168123878819275,2.69372310432872,473.86928507991684,0.17375144610731744,0,NORMAL
10.567983843731717,0,0,181.89461028750662,6.0789924504512225,0,0,0.48267775213700587,14,0,0.29782115069813697,5.901094818452703,54.94445524597753,0.2310305499946287,0,SUSPICIOUS
4.277302920055036,0,0,11.972547055748707,32.811825447777096,0,0,0.06697565802739701,0,0,0.11620094057726973,2.1121401085743168,581.587436311346,0.18492456356850573,0,NORMAL
2.600340105889054,0,0,1.4640468933922812,45.39175486148844,0,0,0.10573132079785513,1,0,0.11719359711085382,1.2393820865508236,451.1141142378057,0.11479230350032595,0,NORMAL
25.322602071642347,1,1,1742.088699935895,0.30891632734814184,1,1,0.880509193869998,49,2,0.6184774520861368,14.253944076043199,34.482334748120415,0.8066356447443608,0,REPLAY_ATTACK
2.0519146151781484,0,0,23.774521134159524,52.85896284993765,0,0,0.07335966412925368,2,0,0.030084698938210485,1.8437343841830862,538.7821512401636,0.01939042471979755,0,NORMAL
3.1292995785711817,0,0,2.406551484748949,10.50655920138717,0,0,0.13858178220495354,3,0,0.12341403645484979,0.9531256388788798,180.54517742196728,0.08341104724654112,0,NORMAL
11.94541974037274,1,0,268.9945019461483,4.311314526430494,0,1,0.5632528226242524,17,0,0.393529233692796,3.467461807919949,106.61599553677634,0.25506887243597265,0,SUSPICIOUS
3.227361479535839,0,0,58.091605674883304,13.94845810954143,0,0,0.007680175465268913,0,0,0.1398972150813718,1.6274662566208593,338.941060294384,0.15281860004259631,0,NORMAL
1.121346547302799,0,0,47.68857292499576,58.1405178537013,0,0,0.15123844682135612,1,0,0.11214777368474667,2.735228423144614,436.2925410886765,0.052042273587150724,0,NORMAL
6.71522693787187,0,0,129.10505956113963,5.436392988165404,1,0,0.5710553196760588,17,0,0.27407494853263714,5.982050132923231,46.67009977478441,0.3893197334503089,0,SUSPICIOUS
20.693837074148718,0,0,22.575559817110864,0.6467869433978444,0,1,0.986028095020244,27,0,0.9751886789844656,16.454724544326453,5.7192157723350325,0.6180633361421985,1,SUSPICIOUS_BEHAVIOR
42.42034936311892,0,0,28.158009473841823,0.4097779980762333,0,1,0.8057583553791554,37,0,0.9983448647356402,18.0334277761707,9.981979799322493,0.7284556161585602,0,SUSPICIOUS_BEHAVIOR
3.0572711771732393,0,0,40.8136667525012,22.977089158804517,0,0,0.1831628696381488,1,0,0.04216108281676697,2.138457998658633,311.28097382591056,0.0947839521822384,0,NORMAL
12.898681073797428,0,0,149.63141203025327,9.83560610490259,0,1,0.5790606612324356,11,1,0.22116028857119657,4.753592547271255,37.37718998341415,0.2124809700065964,1,SUSPICIOUS
44.7266814115102,1,1,2212.1250149757607,0.74522240865207,1,1,0.9275500681755765,20,10,0.5779383727869843,6.436908258764375,40.76339296566119,0.569382120040855,1,REPLAY_ATTACK
45.74791901339379,1,1,2024.3979433273128,1.1145171763030688,1,0,0.806687501577998,32,15,0.882591128522246,13.452681261744095,11.45384885220291,0.6352799076945614,1,REPLAY_ATTACK
24.577098745750817,1,1,2908.5881940077425,1.5252004449652776,1,0,0.7786670897845662,27,3,0.8966315179118323,9.503886651982665,54.77187507568165,0.7670296493400408,0,REPLAY_ATTACK
48.16940860053842,1,1,2319.3158429686846,1.461487671345352,0,1,0.6778384371294183,17,6,0.8072241138770335,12.99705083068066,41.948884311683415,0.8427257748535415,1,REPLAY_ATTACK
4.210594615678543,0,0,6.085249706952991,27.935776270850674,0,0,0.09167269588526124,2,0,0.0860237645836465,1.6614569110981152,508.64364388227517,0.1744931046517078,0,NORMAL
2.8845194231317954,0,0,12.786282241504999,55.144749759599364,0,0,0.140219517472854,2,0,0.08065381928864572,1.366173217696668,473.14463365349275,0.11254230866844057,0,NORMAL
0.5988106590962561,0,0,5.3474659269609965,12.409300619664812,0,0,0.11926929949935519,2,0,0.08046155746200456,2.1837919670431476,335.3004236968605,0.14578042715814998,0,NORMAL
33.61328030935336,1,1,1382.758251651513,1.7061880975029746,1,1,0.933167311251452,13,19,0.6645986873878109,6.800330205552288,59.82985280876373,0.6095312389679706,1,REPLAY_ATTACK
2.7771585280131372,0,0,16.357440044012026,10.715763883352999,0,0,0.1590023073856941,4,0,0.08004253969638163,2.462679653908782,341.26540426201905,0.17176278293497138,0,NORMAL
48.49605367651061,1,1,3586.0753017448437,0.19589009505506344,0,1,0.8500485935010387,15,1,0.5535770651213406,13.552695529808425,50.381921603316535,0.5573468608853532,1,REPLAY_ATTACK
0.44351266878527806,0,0,21.299778349916238,25.87933976305583,0,0,0.1311019943692225,0,0,0.0895674930023255,1.4498998806493812,364.034868789421,0.030794825948765814,0,NORMAL
20.42268491097772,0,0,3.3222936057355676,0.8356849222930444,1,1,0.7666954627642678,20,0,0.7547997984116135,19.438701055726256,1.4152014383550764,0.6120288909927784,1,SUSPICIOUS_BEHAVIOR
8.745361524510411,0,0,131.0597013925081,6.647311185970227,0,0,0.27349557033697114,12,1,0.3349069020108019,6.816906298917813,54.46994897266722,0.27183943386034004,1,SUSPICIOUS
26.491232972560947,0,0,2.9814833685258035,0.5730619960850883,1,1,0.9331458724688421,32,0,0.810259584378435,20.731540355668685,2.2799510382820443,0.8926878468433062,1,SUSPICIOUS_BEHAVIOR
1.9433864484474102,0,0,52.42062685118032,13.113655294094281,0,0,0.1865735380253266,4,0,0.05892586147221035,0.9842926269407446,320.63962412176875,0.08556469132764999,0,NORMAL
27.867457365074454,0,0,23.22571475142974,0.9746352438690412,0,1,0.8279876120429184,18,0,0.8141989012929896,20.983530784224378,9.72111881246288,0.9649755250756561,0,SUSPICIOUS_BEHAVIOR
3.803925243084487,0,0,36.46420769273155,20.188322956384454,0,0,0.16683282164168828,4,0,0.04800893462753737,1.1442391204729492,156.0449499865507,0.16618449816437011,0,NORMAL
1.2297886419225406,0,0,12.510630861440148,16.83004518255863,0,0,0.14065544554649032,0,0,0.13061957585071696,1.608999253295468,544.3189328981696,0.16118563068307173,0,NORMAL
21.12021277889834,0,0,2.085233895455797,0.8488666978657128,1,1,0.7964751821087395,24,0,0.7913183057655989,16.105330760245334,2.2450934265765534,0.8339975914098037,0,SUSPICIOUS_BEHAVIOR
49.48971225004258,1,1,3209.101263883507,0.29469350601860955,0,0,0.6545296787335773,13,9,0.6931785734293772,14.786698755652017,14.855468125333381,0.7183223056748687,1,REPLAY_ATTACK
4.450026709087831,0,0,37.089344059087146,22.71957904209235,0,0,0.1976248151909271,3,0,0.09809913321303725,2.876515928949682,311.53941698318596,0.14323477539128612,0,NORMAL
33.69999972032549,0,0,16.395051416936493,0.11353277336625528,1,0,0.8121910777831998,49,0,0.8113459138840524,11.036020668316201,4.7169518937395,0.8069007301754574,1,SUSPICIOUS_BEHAVIOR
2.877370889379395,0,0,35.541019715601735,17.106856189672882,0,0,0.09966660565884744,4,0,0.007794914719677037,1.4079728092905626,513.8214192759913,0.025122540704060416,0,NORMAL
36.005818691382366,0,0,12.223069582984314,0.9231639477184879,1,0,0.7901731324162066,16,0,0.8844751727248178,23.79764021670021,9.309948594486594,0.8640753111370303,1,SUSPICIOUS_BEHAVIOR
35.62315464405118,1,1,2275.207139334323,1.8238036531295065,1,0,0.6242390785849974,26,2,0.7556811027520481,19.940706831896982,45.797730121142806,0.8386041081538427,0,REPLAY_ATTACK
4.984371259229737,0,0,11.848229391596238,22.550069163115012,0,0,0.1472070800852131,2,0,0.12184759990711783,1.9596456682700385,227.94565450825525,0.11382831409085366,0,NORMAL
14.602523252014375,0,0,108.75694492559234,9.932782204239881,0,0,0.23650022771289814,12,1,0.2572151759014236,4.053227988177683,100.16709205201312,0.31705879017497074,0,SUSPICIOUS
53.038946783339476,0,0,13.756463144382003,0.16408687520021586,1,1,0.9596122936278473,27,0,0.9095182737822826,28.593305326008963,6.638535818869647,0.9892525553446389,0,SUSPICIOUS_BEHAVIOR
1.4487572645688402,0,0,48.949987499437064,17.035576402437922,0,0,0.19401489133334138,0,0,0.05690483973062799,2.201457732296918,366.7587338972511,0.02450382850741877,0,NORMAL
0.17194260557609198,0,0,19.125150175924194,36.16954556871832,0,0,0.03840467382726891,4,0,0.08985165663203513,0.7961542627362046,330.734037110615,0.11821907610712282,0,NORMAL
2.1355389431312815,0,0,33.05144223654836,43.395999940181355,0,0,0.12207260156363141,1,0,0.014028018539686425,2.4231263981039666,229.16242978729406,0.020608338686196537,0,NORMAL
3.0321452982979498,0,0,29.318591424279944,46.99520603834652,0,0,0.19532352746300186,3,0,0.03757244201246452,2.59852009402318,257.597079017771,0.17721479341910504,0,NORMAL
4.697494707820946,0,0,56.34406191077377,18.28872700816379,0,0,0.037155390939741566,2,0,0.1364380042580666,0.840927762573646,395.6608990601153,0.06641477816476409,0,NORMAL
1.7908135901642024,0,0,29.012738803195482,34.38139048336055,0,0,0.015055743330334726,4,0,0.006330070287194766,0.6231841339569286,286.91416106847146,0.1378459472725904,0,NORMAL
0.3727532183988541,0,0,21.27732945844659,18.235317671614794,0,0,0.18410717702051094,2,0,0.12838877843869467,1.838804790214909,563.8325305944868,0.11981986502055049,0,NORMAL
22.30733138334175,0,0,20.652280093671227,0.4258915582124706,1,0,0.954883355953324,30,0,0.9000757058724909,28.388426319894002,12.880073903541206,0.8091817820740472,1,SUSPICIOUS_BEHAVIOR
21.2792534315737,1,1,1417.1973371904558,0.33774550948937876,0,1,0.6583152140882252,49,10,0.5931618228862064,19.394938420736704,51.33350931245055,0.7300306457969988,0,REPLAY_ATTACK
4.386696766904905,0,0,55.92168633060105,25.19732006203619,0,0,0.18707889793355975,0,0,0.004660219536668447,2.596554490495142,402.09334537502986,0.16316417020505905,0,NORMAL
3.515094794475889,0,0,29.70879162083846,46.574824517018115,0,0,0.015943014637457,1,0,0.007044663361150094,0.9098006551173622,566.0452680949882,0.13226762276724255,0,NORMAL
0.4275426542723404,0,0,47.027507069123835,11.87855451994537,0,0,0.10661105801894225,0,0,0.004658531405273341,1.7610525992880326,202.85237419309178,0.11784234469052408,0,NORMAL
4.660591412418062,0,0,42.97940328376094,13.654078101350748,0,0,0.027149170619980213,1,0,0.08703427982987126,2.6530805681509646,202.0535489124412,0.13226079245737335,0,NORMAL
0.599326836668414,0,0,4.862772954458876,37.987784181919125,0,0,0.019915942708005785,4,0,0.07469228888733957,1.398347476289468,306.8478704683432,0.17490105900761543,0,NORMAL
4.315517129377968,0,0,47.18070086493312,11.35837106127799,0,0,0.014979168400396748,2,0,0.031030781313343168,1.025118343230174,467.93800971834264,0.1782565329655501,0,NORMAL
48.04233272423054,1,1,935.419802670508,1.2014858355337101,1,1,0.911832466709843,18,7,0.7225817514383359,15.826325048389867,37.09692743291016,0.7819828490299967,1,REPLAY_ATTACK
39.60875028847285,1,1,3393.553745658562,1.0010178996114119,1,1,0.6298207539480928,18,8,0.7316786453630797,5.886666651271808,43.56520609930459,0.8914009533190912,1,REPLAY_ATTACK
3.0308731722544002,0,0,6.41261538568463,48.30579663977931,0,0,0.12991120135139236,1,0,0.07061774955190608,0.5820637470481003,534.6735918211743,0.18548456729655247,0,NORMAL
43.723101379393725,1,1,1839.9066010451838,1.3671522910851592,0,1,0.8635272392832214,23,11,0.8288456958772785,10.158915448281167,29.29473701693112,0.6317398056311394,0,REPLAY_ATTACK
0.3756889086790438,0,0,28.97813232512131,50.85640710077926,0,0,0.008917618546828798,0,0,0.08721373423036306,2.1704516548947628,129.6056273418119,0.068887657685702,0,NORMAL
4.17651247794619,0,0,49.07802144714373,58.95524690075773,0,0,0.19693089551816792,3,0,0.09025299129306975,2.092618883759069,406.30779722109713,0.19521593724429354,0,NORMAL
4.818099885446264,0,0,55.25087086894121,39.94892540886053,0,0,0.09137761434745338,2,0,0.07356736451039249,2.503428838659092,396.26376375892954,0.10498681684869351,0,NORMAL
43.714080195688865,0,0,11.701148329629152,0.4876187237512193,0,1,0.9584343764213044,18,0,0.7692969619599856,21.35522244595454,1.4337333458900663,0.708335665935182,0,SUSPICIOUS_BEHAVIOR
4.930005319114354,0,0,41.55755713356987,22.96674486585472,0,0,0.0695644694866092,3,0,0.03979276336290786,0.5266753175154069,239.29715708500459,0.00809756486566089,0,NORMAL
53.08746856981287,0,0,2.595278068192426,0.6714703145443851,1,1,0.8195065965897727,31,0,0.7525233835541524,19.391540968513922,5.553154207440632,0.8776621492502232,1,SUSPICIOUS_BEHAVIOR
2.824205666313082,0,0,50.519913173403694,11.800940914571319,0,0,0.003994586515605625,1,0,0.05362699926408554,1.8854243040275003,266.6132287432712,0.11778872970146975,0,NORMAL
59.75990933654685,0,0,13.815274797245362,0.2534370184691778,0,1,0.7236840894509866,31,0,0.7344069348013949,25.950291192109535,11.634300358331643,0.630808994629467,1,SUSPICIOUS_BEHAVIOR
2.137705091792748,0,0,11.18629572865527,41.729120877515186,0,0,0.05248167529786039,3,0,0.09650545876046408,2.507832722340615,482.60989080747896,0.11167689551404439,0,NORMAL
27.898531567126007,1,1,868.0520125220497,0.13174157463197522,0,0,0.6610647479053965,14,1,0.750351933199458,13.806907616008155,27.602460895586212,0.7221641984477176,0,REPLAY_ATTACK
3.6822211781236143,0,0,46.47921187087091,58.865395399575185,1,0,0.017679393429351677,4,0,0.0268261602761699,2.7775392499480502,238.20995236952314,0.15037524887383819,0,NORMAL
4.082997197357885,0,0,11.677350709245903,37.22411664001315,0,0,0.05322027370746172,0,0,0.1483825025130879,2.147888861500336,345.14896330615375,0.15345566021072965,0,NORMAL
26.234414703483083,0,0,7.470598863203124,0.6039461348364176,0,1,0.8517432050559145,40,0,0.7791202560835098,13.998082914496786,9.096346021762926,0.9356274301670732,0,SUSPICIOUS_BEHAVIOR
1.5717799053816335,0,0,53.02715309780554,17.8977411417674,0,0,0.11418141075042897,2,0,0.127723377246982,1.4869382919292071,385.7895510712134,0.033702928691836845,0,NORMAL
0.42053403057498717,0,0,8.379075285378775,58.05677427037965,0,0,0.1192285299099794,1,0,0.12291417805055475,2.275433166475402,280.67295675805394,0.10921976160065816,0,NORMAL
3.534286719238086,0,0,59.26334338416189,53.97909274757646,0,0,0.19449227800558044,0,0,0.11508500912388345,0.6351190683743164,400.85839724501983,0.08457529369335577,0,NORMAL
4.632938125807472,0,0,38.51829002659596,40.17465480216893,0,0,0.19649651612024957,2,0,0.08417253186527615,2.6313468521399175,300.45042019358084,0.1724168171680463,0,NORMAL
48.57271882441492,0,0,17.267313770952608,1.297874392646228,0,0,0.915951538405147,31,0,0.7710745356900127,23.676460549070065,7.0717428381153,0.6157437562795035,1,SUSPICIOUS_BEHAVIOR
58.18469486016216,0,0,8.653750512543851,1.3084622877152787,1,1,0.7676181682950489,27,0,0.932456739229212,14.448923355197302,11.481983358350641,0.871315899430873,1,SUSPICIOUS_BEHAVIOR
11.085046129707866,0,0,250.13336333854286,8.174478210159965,0,1,0.5751267860930247,6,1,0.4286513316451034,7.84450858557019,86.76794982366908,0.39724821777687536,0,SUSPICIOUS
3.818028970798804,0,0,23.49154189066976,31.131459850680457,0,0,0.0570808136926845,4,0,0.13545759796537732,2.664318092766984,186.3722532853481,0.13875158406981505,0,NORMAL
33.709616543553835,0,0,20.61367561079417,1.4074138557918476,0,1,0.9881439254682932,48,0,0.9746851276221697,21.796838237764366,13.442594059546362,0.7548057063864498,1,SUSPICIOUS_BEHAVIOR
45.85310400597704,1,1,2302.732649765785,1.7819121657315096,0,1,0.877930282182366,28,10,0.5271538847462796,9.471186106447924,34.0003731469085,0.6317055505944853,0,REPLAY_ATTACK
38.29763086505663,1,1,720.4920322600354,0.6081133379574934,1,1,0.8373725628202218,13,6,0.6496254069540288,9.644663145607474,24.382181401052083,0.8776734144742726,0,REPLAY_ATTACK
44.340484362099424,1,1,1360.6665333660258,0.8544296316910274,1,0,0.6323677648702717,37,8,0.6889568695702951,18.47331545690722,52.83807400044255,0.7990563662330927,1,REPLAY_ATTACK
1.2424456990723287,0,0,5.884954847054676,41.54608951145817,0,0,0.18815017184689223,3,0,0.12309623405317181,1.620402183422505,358.16444452853534,0.18570441500848595,0,NORMAL
4.095511588370998,0,0,43.7704937191438,53.13202355745895,0,0,0.16453149369608547,0,0,0.00010752880598696724,1.5088715520342209,395.11163903099794,0.0681753079167873,0,NORMAL
3.753073758204292,0,0,58.18926270471268,45.27929313219123,0,0,0.11423983679258275,4,0,0.1219099356457019,1.4444920597735287,521.8651886201753,0.04538015344876165,0,NORMAL
3.6122605763075266,0,0,22.111580623425667,39.66107850536922,0,0,0.001470608910885396,4,0,0.059221092431738405,1.1706900511338918,271.8203273882997,0.02815409155424267,0,NORMAL
21.573186089259416,1,1,1259.4229539134546,0.645505541703613,0,0,0.8975031048564039,24,19,0.7541957213093079,18.008395381990574,53.779120121575595,0.8448289075000461,1,REPLAY_ATTACK
3.5124204199355464,0,0,28.79633008302741,45.13168865427582,0,0,0.09388136839785162,0,0,0.011164262765777349,2.2146906877161614,368.2321738962611,0.06074419071823774,0,NORMAL
38.28009237507763,0,0,16.58128710500094,1.2961921444586655,1,1,0.9886792234105516,17,0,0.8317313342220902,18.65559744517805,9.774772464609303,0.6322060039197241,0,SUSPICIOUS_BEHAVIOR
24.14174287811136,0,0,12.217392517862116,1.1504374137316076,0,1,0.9312318064631822,21,0,0.7106868597262296,18.339772065670097,14.391690962647592,0.8187224518057941,0,SUSPICIOUS_BEHAVIOR
0.9328502944301792,0,0,52.64765175782282,40.7649012534901,0,0,0.09640346795538651,0,0,0.08488329076526384,0.6989703684301061,517.4607771716411,0.12281814759514034,0,NORMAL
29.486833320260683,1,1,3446.2264226315574,1.8735394765438222,1,1,0.6154761018000953,24,18,0.7751173045658234,19.828189032690062,35.32494733464979,0.5875137484109442,0,REPLAY_ATTACK
2.6225569478512734,0,0,48.35552400705727,19.960763744702653,0,0,0.06283241276739442,2,0,0.06701092879670892,2.890552934109069,170.8588374451429,0.07108733614490628,0,NORMAL
4.265047277336801,0,0,36.99901887124428,15.746649852978342,0,0,0.09502167298636709,1,0,0.01796201827507978,1.4940874643318827,576.2851036469397,0.09542595347913665,0,NORMAL
42.919659686649865,1,1,975.6413939454195,1.3410488439528356,0,0,0.7557806652097401,20,1,0.7255097691467253,6.358245342256281,25.446861667255607,0.6527589950570124,0,REPLAY_ATTACK
47.459128650518615,1,1,1360.1321816690656,0.42842400489569366,1,0,0.9182389136230948,25,18,0.5932930736475784,7.465375635536551,29.822817527412766,0.7345866695626754,0,REPLAY_ATTACK
3.854835899772805,0,0,13.840188703065522,24.356897904228777,0,0,0.00903027288245839,0,0,0.03445744255248476,1.9425510042263958,295.24016317651234,0.0046221336935584395,0,NORMAL
23.9043999291883,0,0,21.079183920200524,1.2088268911161892,1,0,0.9586152570928383,28,0,0.8179116357984626,23.37215184533661,1.0281577008361005,0.8672244507314874,1,SUSPICIOUS_BEHAVIOR
4.7444276862666666,0,0,7.234013146636729,58.60026648157685,0,1,0.12011663939742721,0,0,0.1452033258068608,2.6727476718118215,143.59609133828525,0.16220307498641387,0,NORMAL
29.33324015410662,1,1,608.872760217959,1.6171116854640126,0,1,0.7593880979435421,28,7,0.5212973148255944,9.817083754188445,21.800709889040032,0.8958552269463176,0,REPLAY_ATTACK
46.357574432815994,1,1,3131.784064557514,1.0148596770375011,0,0,0.7180029044975428,27,3,0.8048140595640096,17.443324362433014,17.493776440146046,0.8163640294281915,1,REPLAY_ATTACK
1.881297927654579,0,0,56.6768531684414,12.882379109951245,0,0,0.10896021705521969,0,0,0.048099413210464834,1.5320984943972662,489.9909703988742,0.18704356203417502,0,NORMAL
4.153097038938646,0,0,3.466833659781998,42.32293708189653,0,0,0.037660504983421286,4,0,0.08405230115254851,0.8919073689982366,570.7721751889155,0.17471192045452255,0,NORMAL
50.313851717298846,0,0,7.201152562924493,1.1605377917859823,1,1,0.8004483554666052,30,0,0.8582716579658378,24.886099313503905,7.22912777211117,0.7649928797077106,1,SUSPICIOUS_BEHAVIOR
22.11047708664966,1,1,1068.5641748374685,0.5347419950774237,1,1,0.7093191466915905,18,1,0.7847741678775582,8.432498063293462,53.67047694324159,0.6750957594470544,1,REPLAY_ATTACK
1.8727005942368125,0,0,11.107975730317179,23.0852841867953,0,0,0.07872710405548843,0,0,0.11092119808261701,2.2986499191749297,319.12685114906196,0.1477610100157373,0,NORMAL
31.386215739743683,0,0,24.632357323405504,0.505228872026117,1,0,0.8469070126482644,50,0,0.8047357810432756,15.999517635365944,4.552482085528487,0.9226186431562732,1,SUSPICIOUS_BEHAVIOR
9.14520829390181,0,0,72.41891512058427,4.376644399023987,0,1,0.586250289135037,8,1,0.3413710061874943,6.846156017707188,95.67181252148747,0.3353645939835189,1,SUSPICIOUS
13.590463297066561,0,0,117.72842076382729,9.964869692115409,0,0,0.5836028347057738,6,1,0.2077883055061763,5.726178591627872,68.0116685430661,0.48242335442555034,0,SUSPICIOUS
39.52877436796954,0,0,7.937731043061874,1.4643455751273244,1,1,0.7294626667146591,23,0,0.7357213002203558,14.133220144614311,14.537840840102927,0.7579130289669234,0,SUSPICIOUS_BEHAVIOR
1.654490124263246,0,0,25.0548465470957,33.196568840616635,0,0,0.16749450392375492,1,0,0.022409908268065847,1.2915060870685322,269.267050263856,0.036808206964289346,0,NORMAL
53.92111610629125,0,0,0.2842539378508957,0.447025801253531,1,1,0.8081195215358543,52,0,0.7813969142938275,23.413915877079784,11.335649530486574,0.6283750607233277,1,SUSPICIOUS_BEHAVIOR
0.5601945108402617,0,0,4.855156983075131,28.389299387807647,0,0,0.11595856876659101,2,0,0.06591980615376632,2.8194786984382887,414.80818751257885,0.15389707746311743,0,NORMAL
26.96258369184291,1,1,2612.020338006444,1.7451568921302232,1,1,0.9904725598913019,26,18,0.648139148514169,5.478805126618153,12.802662238899307,0.8365478140996261,1,REPLAY_ATTACK
11.25858397070117,0,0,236.82005301917457,7.2029244839635655,0,0,0.44633755776849426,10,0,0.3269043338725288,4.1540889259389076,32.142543893250874,0.38918254149518283,1,SUSPICIOUS
0.5531586847760361,0,0,27.5668061043592,13.811960898678224,0,0,0.12663573497915445,2,0,0.08711952447802135,2.1940279552489854,464.60977133883335,0.1952965552401742,0,NORMAL
31.356695986577225,0,0,21.250768081159837,1.450752375661147,1,1,0.8057454182794185,54,0,0.8429858914454345,20.24877348976033,5.257044243638918,0.8730287681227056,1,SUSPICIOUS_BEHAVIOR
34.48595133920947,0,0,5.933028828525552,1.4505597790255784,0,0,0.8569576760826079,54,0,0.9439759472035061,11.185455735359543,14.33183543480162,0.8795935842700138,1,SUSPICIOUS_BEHAVIOR
24.077817072711923,1,1,2679.982375759121,0.2992553199213077,1,1,0.9610771911689837,25,14,0.784865991921453,10.338600231284541,15.880909447203532,0.6486822445194359,1,REPLAY_ATTACK
33.485175827837736,1,1,1775.6349651081948,0.7648322456179385,0,0,0.7576624720535783,15,17,0.6065014741337462,7.49187856931668,11.331158120761888,0.6965190199478823,0,REPLAY_ATTACK
1.6002480051530588,0,0,39.828271657308306,43.856031986750466,0,1,0.0696103910954641,0,0,0.06844752308264435,0.9350261200403105,556.2805171782979,0.19519662387849002,0,NORMAL
27.929301392172835,1,1,1894.921386992449,1.1932390203037515,0,1,0.6420827715972065,13,1,0.7901335727452834,10.11319070460857,39.7840798092485,0.8984792198342779,0,REPLAY_ATTACK
33.033423793799955,0,0,8.557909858245985,1.3315911753656746,0,1,0.8683146206100111,53,0,0.8100149501988816,19.472386420816306,13.834745037336386,0.8916666811242338,1,SUSPICIOUS_BEHAVIOR
53.35237235491447,0,0,23.376153442166505,0.24561441681939702,1,0,0.8977340564864642,52,0,0.9022874516701711,28.088098078088965,10.261577506754731,0.6883652811186399,1,SUSPICIOUS_BEHAVIOR
4.537832369630465,0,0,59.694469358786115,49.66306752191272,0,0,0.06310663613262711,0,0,0.062410600561302924,2.7016264436614446,471.4994723643341,0.06562943610301374,0,NORMAL
3.8474646659596843,0,0,36.37517626505865,34.64322922237233,0,0,0.029322911431968458,3,0,0.12916702800921384,0.9645801389133564,430.59367980425947,0.12243324414462914,0,NORMAL
44.144076808849505,0,0,12.558155570157453,0.760810474964261,1,0,0.7508197376897822,43,0,0.7510444144615719,14.093856591659627,12.456736698882585,0.8938483441244626,0,SUSPICIOUS_BEHAVIOR
1.7317299718298063,0,0,2.517073405898176,46.443072113497344,0,0,0.1274604313076048,4,0,0.048837169877851715,0.5869979996708753,170.74778900694474,0.043976597941469825,0,NORMAL
5.402781627353878,1,0,140.17853218028336,2.2653932620461905,0,1,0.5777328942993166,5,0,0.3420590488539435,4.517393490069095,101.02295561636208,0.37209997926470295,0,SUSPICIOUS
4.143687545759647,0,0,46.09640483187109,50.32018086164197,0,0,0.1004743639944191,0,0,0.08671081530186188,1.394602896603833,431.5586889690645,0.18215958220977357,0,NORMAL
25.628313233022972,0,0,22.224529737963458,1.3242221434886234,1,1,0.9242933837790319,35,0,0.9172617468087847,16.38264486634121,1.6599503157775506,0.8577516185671574,0,SUSPICIOUS_BEHAVIOR
1.0495279654779288,0,0,51.68219978180616,19.579647286741288,0,0,0.17031628000344748,1,0,0.07154878730672624,0.8893790571638245,428.0043408775181,0.08922286142503755,0,NORMAL
25.455415717347073,0,0,16.55370190738487,0.952000414028423,1,1,0.9754229686805924,25,0,0.8076634864112586,13.668548312249127,1.9292675431817194,0.8594254807742661,0,SUSPICIOUS_BEHAVIOR
10.092889906799261,0,0,121.85761471476447,6.885142007373158,0,0,0.42465301331375194,12,2,0.27246284381479335,6.646177547341804,99.24412318168554,0.4557531908867616,1,SUSPICIOUS
1.8385790152971677,0,0,56.616955210055934,22.09469141294195,0,0,0.07095945793127774,3,0,0.02283423208753002,2.515241869901869,324.2668212944244,0.13444682996012103,0,NORMAL
0.18443473677266398,0,0,52.71779918130948,51.08184488552358,0,0,0.17596754958829358,1,0,0.07106599387716343,0.658156679551687,515.5653554324997,0.13454272230008724,0,NORMAL
11.122090632572158,0,0,172.85975655839428,6.931834868329956,1,0,0.3534036097970956,15,2,0.2725013677917803,6.766940574599179,107.00649133817103,0.23792786814650843,1,SUSPICIOUS
3.4150338670817844,0,0,29.536671386882087,31.496553869507405,0,0,0.15635596518574527,1,0,0.0752162210546866,0.7369211775864849,122.76991742062464,0.14551866866094867,0,NORMAL
32.456630155246344,0,0,23.205575707263094,1.0415940731324722,0,1,0.8537751900802699,58,0,0.7584412239379063,26.3005420850171,11.57543308227735,0.9464376525461499,0,SUSPICIOUS_BEHAVIOR
7.225210441774465,0,0,135.41796491988117,3.0352240047885433,0,0,0.5925313164553772,15,2,0.233006372897443,7.5813541867176575,88.82086374129918,0.4558773074535349,1,SUSPICIOUS
23.524129107267328,1,1,1676.106173011969,1.2983420309729161,1,1,0.9821743383174646,47,8,0.8005954229483825,17.438796426854267,55.675679424047985,0.778475271709113,1,REPLAY_ATTACK
23.72612322820337,1,1,749.5368047476843,0.6532385190107067,1,1,0.8489286183866724,37,11,0.689807413405656,8.95162760817806,18.52610074123326,0.8670252861163082,1,REPLAY_ATTACK
14.961452421241919,0,0,94.03891888504197,5.902507854460792,1,1,0.23728557035707942,15,2,0.44946049173406255,3.302761281206303,69.7893371587001,0.46642411467764155,0,SUSPICIOUS
14.115968865602742,0,0,136.98345936520803,2.6213793061827086,1,1,0.3736946786445583,7,0,0.2104226437766981,6.284466173273423,79.193483714752,0.47921773836361914,0,SUSPICIOUS
46.52395919006641,1,1,1883.7254343819884,1.6761888003574203,1,1,0.8350836119807457,35,18,0.551044761996778,7.899609181759154,7.037538425854289,0.7484774310447548,1,REPLAY_ATTACK
41.24941609606114,1,1,1788.4782189963098,0.6984471810463811,0,1,0.652229332314656,30,19,0.6449716682313249,18.49548510546242,36.34235908553192,0.8871813370936529,1,REPLAY_ATTACK
3.540362888980227,0,0,29.36549781858843,34.378559683669216,0,0,0.0860693064744401,2,0,0.019632170783036394,1.7898646963135585,460.470861505672,0.13935910279286826,0,NORMAL
0.4175035834933438,0,0,40.99488169737875,27.122398941735668,0,0,0.025128698482462797,3,0,0.08285070201832542,2.6496362258378046,277.06616791749786,0.0023530188733995373,0,NORMAL
1.2732032738188193,0,0,37.175277293869776,10.877618168331445,0,0,0.13131254047993046,1,0,0.0914201645049933,1.2982922000534352,419.4106515124094,0.12938934166746108,0,NORMAL
2.784006312291751,0,0,25.81835369396776,38.58861760241611,0,0,0.09611198816725362,2,0,0.0780345733654635,1.1427962599967363,529.2797534888259,0.0075494633934866774,0,NORMAL
0.09855268877182077,0,0,38.177481238754886,20.35379046054276,1,0,0.07174850210857774,4,0,0.04593588678426006,1.057375021394384,303.8886881234805,0.1597374741860725,0,NORMAL
4.03417369633632,0,0,27.227372483018357,44.42025092460684,0,0,0.17268631555787692,1,0,0.0812640479911523,1.291710890042315,164.7779446665449,0.18585613033716183,0,NORMAL
26.851305451686052,0,0,0.00929195745017819,1.255580212603335,1,0,0.8528205608592911,58,0,0.9224355304118075,11.66952209394216,2.243304711642587,0.8585043778528945,1,SUSPICIOUS_BEHAVIOR
1.2971171671564625,0,0,19.615896980284745,25.20993598181404,0,0,0.04409409619987397,4,0,0.01085645897911837,2.722798389318607,350.74274711249086,0.19450289643194854,0,NORMAL
2.126067522346167,0,0,47.651839876625054,28.54705040788826,1,0,0.04909089250778609,3,0,0.07911846955825982,0.9402232198596348,186.42171002012083,0.07283056382092111,0,NORMAL
17.629495457533647,1,1,792.3139124094337,1.953101952594394,1,1,0.8907763775754625,37,1,0.8228054542663535,16.36033656057579,49.38375716480367,0.613432012155628,1,REPLAY_ATTACK
56.32615772910012,0,0,16.907350283296466,0.16252404042811325,0,1,0.9252369024845524,23,0,0.7262907453348204,10.802212941914462,13.911495817505255,0.6677866340778118,1,SUSPICIOUS_BEHAVIOR
0.5876312338855244,0,0,23.63186433924951,59.69241944498491,0,0,0.1600275165504152,1,0,0.028723442236217915,2.142797097653183,262.29154789411064,0.09421657014090264,0,NORMAL
32.337921672203265,1,1,3346.735850534028,0.9699292951024382,0,1,0.9935943954577576,48,7,0.6898446114700225,10.37082368348597,31.297038473247387,0.5682331821195201,0,REPLAY_ATTACK
42.176284256677015,1,1,3562.687342157531,0.534749404398043,1,0,0.7123547746438652,44,9,0.5984806573793843,16.932656899181588,26.46099228331334,0.5989372826235535,0,REPLAY_ATTACK
12.401493936975907,0,0,258.1460814018226,7.315003286812498,0,0,0.5802201487775025,14,0,0.29543975940004724,7.07398086329988,41.90553372086449,0.43376094102953233,0,SUSPICIOUS
0.831416843780397,0,0,38.17064188249396,23.70357946710955,0,0,0.15394628365937604,1,0,0.09891348702748744,0.9109817108210354,544.5945537879661,0.15905740895944454,0,NORMAL
2.680481831720602,0,0,28.750912657783857,48.22638973273588,0,0,0.010233101289095181,1,0,0.044635607466122315,1.3443699918371181,471.25252561808276,0.04713742286614189,0,NORMAL
1.884722147124538,0,0,24.84778515173562,13.780252030837538,0,0,0.09111335639802176,1,0,0.007002722984891063,1.7840834598216275,171.53333685632052,0.08189414837775544,0,NORMAL
0.6101911742238941,0,0,32.36947754252023,52.53080289205689,0,0,0.15244241166283543,3,0,0.062442739281653205,2.580406134322796,567.8943461609534,0.16959433866251808,0,NORMAL
4.3089281050675865,0,0,7.903726407273714,24.12480329864261,0,0,0.16262840089634512,4,0,0.07764447425969508,0.6501829208874561,311.11175689099514,0.0027963425942729493,0,NORMAL
4.07287360115691,0,0,37.43375017749831,33.69049141989733,1,0,0.07081291247101883,0,0,0.05264634358891371,2.7189076795404783,491.749161252472,0.018063712059814607,0,NORMAL
0.6457970757574749,0,0,31.50980302002361,48.44613910538205,0,0,0.09345219920150052,3,0,0.040166147190617625,2.3824654825979628,599.2421922834116,0.08692153077345069,0,NORMAL
13.76918931870847,0,0,174.69055335673383,6.650713735458389,1,0,0.5636163765256943,9,1,0.4371776385951238,6.777269046626289,36.808021259161464,0.2411309564222986,0,SUSPICIOUS
27.456216562724443,0,0,10.931048823002406,0.47090324071136835,0,0,0.8898130929898578,22,0,0.8051267715448277,11.18884176581833,5.1365848004251875,0.7400400552844759,1,SUSPICIOUS_BEHAVIOR
2.9061911071130613,0,0,8.109977349289366,25.59319289584416,0,0,0.0810943352660837,0,0,0.01946744485839169,2.930574273040894,565.9300251440645,0.06360194096285963,0,NORMAL
43.264499951722655,1,1,3118.0223686905006,1.330017431563034,1,1,0.902076903850298,33,13,0.5636483771487822,13.461687731978596,17.57449922569351,0.5036098219068732,1,REPLAY_ATTACK
41.09859147083224,1,1,3313.0143056721736,1.031193955797017,0,0,0.7301154457061686,35,4,0.7183265686209249,18.864904960517467,47.76884751471963,0.6987370565485966,0,REPLAY_ATTACK
50.82914461226264,0,0,7.905343519467147,0.6688584622654155,1,1,0.9964741467070737,57,0,0.8224755412495406,14.551240606397318,4.579011401825476,0.7124606013658583,0,SUSPICIOUS_BEHAVIOR
12.715464573123775,0,0,273.4331337187724,5.899523790078307,1,0,0.3629339682013043,13,2,0.49314359984012174,5.5034831389765495,48.400173035909674,0.3541899537567937,0,SUSPICIOUS
13.899310558900979,1,1,214.65507894764778,8.808735057857156,0,1,0.22264598925388937,6,0,0.3370683664947284,5.764734467889462,38.887767181351954,0.41470213305660186,0,SUSPICIOUS
0.472214803779642,0,0,51.26310560217475,44.62464133346126,0,0,0.08636141902155546,3,0,0.03157927326609195,0.6008130993023768,390.3007650681825,0.12532873666235167,0,NORMAL
0.8034068662977784,0,0,55.83571287863498,42.58198802386383,0,0,0.16689165057121935,0,0,0.07691248496908944,0.9277561960335047,219.35342544005738,0.026442304564059937,0,NORMAL
29.941972430047183,0,0,3.428840434271505,1.412902682642306,0,0,0.7445872391409715,31,0,0.7023425200541145,14.38158671335059,4.9065934198236425,0.9637042833243967,1,SUSPICIOUS_BEHAVIOR
41.58444612273915,1,1,3404.828551662431,1.918071896533544,1,1,0.936257177909285,18,8,0.6283143189373539,12.879936984023095,49.51626657714666,0.7672575698329851,1,REPLAY_ATTACK
2.9288779063673163,0,0,25.303255612407327,13.322192217788745,0,0,0.19549131263676853,2,0,0.10489693817329555,1.7023540202107588,296.90998513330265,0.07833330857576178,0,NORMAL
1.4856085781158752,0,0,21.734126499137304,38.103639720128555,0,0,0.01748336157421677,0,0,0.04866573429525993,1.5285273294011636,322.26093178265035,0.04045463634840607,0,NORMAL
1.7284799675195972,0,0,38.232088608496824,49.65714369983697,0,0,0.021490110525781626,1,0,0.01112642933914683,2.1768680011794332,499.6819555513955,0.027905356111933857,0,NORMAL
4.386002704065541,0,0,53.196252914428,49.25947715742042,0,0,0.13653423049255187,2,0,0.009182498721535802,2.185480291537502,286.05576857433743,0.12249790141941669,0,NORMAL
46.823202033077415,0,0,1.7084384609534464,0.4679522366973442,0,0,0.7250407885545871,46,0,0.7501701350098225,22.647366638292254,2.254498845493896,0.9460763252599779,0,SUSPICIOUS_BEHAVIOR
9.713681101729975,1,0,165.11945949493298,4.86173411953942,0,0,0.46936832009874824,12,1,0.21565549758990887,7.815573296924399,95.15958457302642,0.30380072389168294,0,SUSPICIOUS
3.3183558268132405,0,0,1.4515058334813147,29.025885493494727,1,0,0.15826214286253337,4,0,0.05115718092459353,2.9342303371254967,378.0110880974633,0.0601915431117345,0,NORMAL
21.37382418200731,1,1,1893.1340630071493,0.4978520689154834,0,0,0.9772696204634292,21,3,0.8204965465434689,10.001966426887343,37.63364172776423,0.6783329564024934,1,REPLAY_ATTACK
27.39840695218256,1,1,1888.7731545930778,1.0396784866224706,0,1,0.6954496974985587,37,15,0.6555886565233013,13.386618808817751,6.858348548898562,0.8581823112939805,1,REPLAY_ATTACK
49.25087168695441,1,1,3299.1002672455656,1.9979889840800606,0,1,0.8268099650890443,10,16,0.5814786948437185,16.532929330385542,30.030846544707078,0.5804444271420275,1,REPLAY_ATTACK
18.009243890626458,1,1,1486.6455939357659,0.16435805442105195,1,1,0.8304666696507468,34,9,0.8732645919752864,6.501174705672206,18.46065477388963,0.6944294961463611,0,REPLAY_ATTACK
44.91316947844718,0,0,14.81924964915798,1.1899200127935803,0,1,0.911195776559399,46,0,0.8123652890209893,19.3636195952969,4.084023044041839,0.714535777021916,0,SUSPICIOUS_BEHAVIOR
48.21138810624023,1,1,780.8273332143726,0.3756434575617478,0,0,0.6686450191795902,34,3,0.5647829993757632,18.32740308296532,15.24158093594508,0.5082346533348967,1,REPLAY_ATTACK
45.57873757968415,0,0,5.7202784026437445,0.8003703104684465,0,0,0.904914969408869,23,0,0.7308170121060555,11.32913051914268,13.137208943186167,0.9045797683229652,0,SUSPICIOUS_BEHAVIOR
32.76381359491952,0,0,0.48176468040341147,0.3769965095487302,1,1,0.8914696739080608,46,0,0.8656970105966497,26.858091172275856,3.122522737794379,0.8946231929323798,1,SUSPICIOUS_BEHAVIOR
49.478335021890864,1,1,2814.0878689863252,0.28910658923300925,0,1,0.8585688216462235,17,14,0.585601139128006,8.261690186211608,16.66709099499155,0.6865669239488629,1,REPLAY_ATTACK
28.564649736517424,0,0,3.3364972500664614,1.1418605501242305,0,1,0.700256109231221,25,0,0.8919089135099683,28.99952547098372,3.2909195248238263,0.7090896946505694,0,SUSPICIOUS_BEHAVIOR
33.954483870810925,0,0,26.286698793949228,1.1440518619779878,1,0,0.9394375144019288,32,0,0.9729128996167533,27.76643853297137,4.71262135679649,0.7703127504256719,1,SUSPICIOUS_BEHAVIOR
38.40504505742088,1,1,1070.527818422177,0.11820392868795467,1,1,0.9971632768208454,27,19,0.8283716767280536,12.150114932730869,7.193684981748261,0.613002360509778,0,REPLAY_ATTACK
6.670417813381526,0,0,182.64114325070085,6.268068689076108,1,0,0.5659513522469481,6,0,0.27627572078436313,4.617336673652483,86.54515131586922,0.24028908931855603,1,SUSPICIOUS
40.91095445158439,1,1,1639.311947605569,1.844849155203974,0,1,0.9973665429103238,19,1,0.5274905119506514,18.066218838021868,24.7615660695826,0.8750603940766695,1,REPLAY_ATTACK
16.201607255513416,1,1,446.7068276080595,1.2987625283470758,1,1,0.9792210171683488,36,16,0.5783890644933041,17.4298693886154,33.300445072136306,0.6559224122763231,0,REPLAY_ATTACK
14.243163550074291,0,0,117.50635968676927,8.844821016432224,1,0,0.3528139321645084,11,1,0.44255398197812323,7.475163758025848,34.68471585305764,0.39319938608914207,0,SUSPICIOUS
0.8927233102716681,0,0,27.693448465187394,57.03922602515539,0,0,0.09717712123792265,4,0,0.13216577225348486,2.1457094585653933,330.5545830481798,0.013669674289638944,0,NORMAL
0.5793452976256486,0,0,56.99767103701352,48.60062381549952,0,0,0.08582989839166438,2,0,0.1397597137130737,2.5566198179847235,451.05673673369694,0.13467829580596705,0,NORMAL
9.579245798608978,0,0,212.3794164748954,5.878224480723576,0,1,0.5357483454151561,5,1,0.25578896721743954,6.841824963463003,116.54210739350243,0.25536051522099323,1,SUSPICIOUS
4.349481810310642,0,0,4.930300048585641,38.25426562263782,0,0,0.014013739144237891,4,0,0.12915500999583604,2.9900319584556208,332.2349462941496,0.07152810991778227,0,NORMAL
46.022991644373846,0,0,17.599290373369033,0.20695064351342798,0,1,0.9238344571609709,31,0,0.9772814570475739,28.946898058637558,11.807049571358226,0.8454203641343039,1,SUSPICIOUS_BEHAVIOR
4.483827123132126,0,0,52.67845922670417,29.75654538057516,0,0,0.05722700849166287,0,0,0.0019148139776846039,2.125231127849829,542.5208511752098,0.01000376418043727,0,NORMAL
35.26461205995416,1,1,677.2749604839673,1.8702034047665215,0,1,0.7522644404512804,25,9,0.8171667587083313,12.395729694305853,19.88564072699114,0.7903485544459794,0,REPLAY_ATTACK
0.979914312095726,0,0,24.11585481655453,30.588277079225424,0,0,0.055350826390261725,0,0,0.011656862758758824,2.0681460015899455,415.4997104079008,0.16120330092061383,0,NORMAL
1.6880758570181398,0,0,13.210992116988681,36.36998110613382,0,0,0.0032056312910246246,2,0,0.046505103601867506,1.6883976692021714,270.4173150865718,0.14984343301817965,0,NORMAL
5.581337910268286,0,0,276.7202604363591,2.2261176083998215,0,0,0.2708283687663759,17,2,0.3498213684140734,5.434703566196241,46.319327049388185,0.2815215549453445,0,SUSPICIOUS
2.628450911513429,0,0,36.20925999578729,37.224847955193255,0,0,0.19760279241308432,2,0,0.011804786506126418,1.976884303382662,426.1546460445169,0.039034923008001245,0,NORMAL
36.223704452170736,1,1,2373.6706723177663,1.9853073630486484,1,1,0.997651752579909,16,16,0.7751918310582231,5.879610512396735,19.678991038225952,0.6729063499191672,0,REPLAY_ATTACK
1.9908434679547167,0,0,46.478026838267276,21.10379353466603,0,0,0.14637454745730016,4,0,0.11260035214224823,2.2168893007047723,305.025808655873,0.10493768241869549,0,NORMAL
35.14825430261509,0,0,8.73236644126939,0.11062798264347978,0,0,0.8214991116630843,30,0,0.716545337241684,11.219434391190637,11.678595491362099,0.7947897006406726,1,SUSPICIOUS_BEHAVIOR
53.68155134422085,0,0,27.504698760702606,0.9055180907560035,1,0,0.80775179516779,48,0,0.7176629809046237,29.005023870671156,1.4673298466846063,0.95568059938436,0,SUSPICIOUS_BEHAVIOR
12.027828771659749,0,0,257.5267941109835,2.602177928028831,0,0,0.4619325433576014,13,1,0.37063073075686315,3.6036917635449326,90.5708190866747,0.4295129569911469,0,SUSPICIOUS
3.4236558627693965,0,0,22.811737127151424,20.02372577642014,0,0,0.062047056748940954,1,0,0.14502983254400903,1.6918846887708203,247.1358037505143,0.19528264447681123,0,NORMAL
24.88128391215028,1,1,1321.1092029576598,0.794157267338821,1,1,0.6257296778116198,46,17,0.5896888559557671,14.597479457077041,54.96772988737583,0.8686250417177401,0,REPLAY_ATTACK
0.2265200488602226,0,0,22.26232577907616,28.09599954189325,0,0,0.051526399752705836,0,0,0.1335331005831834,2.8575517741143406,358.11622968025495,0.010624124839800221,0,NORMAL
1.4101728628565324,0,0,46.40838754119604,28.558621171881377,0,0,0.08910356289863225,1,0,0.07573992061341002,1.3375214248942395,568.2522219771549,0.003714143753019772,0,NORMAL
7.289423361394452,0,0,230.43480902316082,6.019188222748285,0,0,0.38084088230572566,19,1,0.2509140249184732,3.0672202199170813,117.26148466529024,0.45056517818263064,0,SUSPICIOUS
50.467254239212735,0,0,7.311513965025787,1.0507788323612226,0,0,0.7702506058589927,31,0,0.9714939501359092,17.2887248954148,12.155369661523558,0.8033007878611693,1,SUSPICIOUS_BEHAVIOR
3.3404256828532306,0,0,33.30509695813718,17.579753740004968,0,0,0.09278725269097819,1,0,0.14950249169020194,2.8197515746550676,494.7517104137615,0.03687364760393876,0,NORMAL
3.6875062405487418,0,0,47.92285149927447,31.43510104932168,0,0,0.07230803755259133,1,0,0.1001026744575594,1.2229828799146742,257.3668179829955,0.07280549384291327,0,NORMAL
25.821740975830757,1,1,2220.916576532388,1.3098741245683378,0,0,0.7738526566460836,22,15,0.5159820594294172,18.436141522981345,44.19508732873693,0.5896487609042065,1,REPLAY_ATTACK
4.964823980596502,0,0,40.05560313381508,53.498457982384245,0,0,0.08183651749169772,2,0,0.008036483941111188,2.9400503938112355,572.5981014680431,0.07494620450715198,0,NORMAL
21.540824921769435,1,1,2738.0700800317504,1.610449906834329,1,0,0.8270931119924076,24,8,0.6029059144484187,18.409650114589432,30.86698486528298,0.5037423871629707,0,REPLAY_ATTACK
25.885705152555932,1,1,3143.4008570692185,0.7762869032595278,0,1,0.619984785868736,41,14,0.6092297173474188,17.721031725047077,55.33436978867129,0.8151531020141782,0,REPLAY_ATTACK
50.11794398652442,0,0,20.39027602471919,1.0037475872322081,0,1,0.9759704099310764,54,0,0.9951490429033762,20.519141985360815,6.198000590068362,0.8901143078539788,1,SUSPICIOUS_BEHAVIOR
2.9342055901043955,0,0,15.786754194650571,28.49066279935883,0,0,0.04117639763566423,0,0,0.03378106503243024,2.8920366764771943,438.31095811191483,0.004047246527990089,0,NORMAL
2.560465291496405,0,0,37.908811621000105,18.74407185879797,0,0,0.004201831397272149,2,0,0.1156864611049767,2.329263181807879,429.00989188859745,0.19012235494857807,0,NORMAL
43.106319842640275,0,0,2.8822792691506836,1.233826981053997,1,1,0.8212707267518438,39,0,0.8278108488218685,23.003584444365345,3.0809257792689264,0.8983578955532607,1,SUSPICIOUS_BEHAVIOR
13.587512591908919,1,0,88.80065990805313,4.355712790729282,0,1,0.4347019186765552,8,2,0.4355995073416352,4.271700437888021,88.84106857530506,0.40315702819303567,1,SUSPICIOUS
3.4211651325607844,0,0,3.921380447936542,21.265846497561753,0,0,0.14552622753993774,2,0,0.13641654960549465,2.5518396020393257,129.14083645166008,0.023079971656165644,0,NORMAL
2.059204570736343,0,0,27.58802542615921,28.586964745316514,0,0,0.1891430216882049,2,0,0.008457278077984737,2.6154846653859334,309.8347565681137,0.141187323542324,0,NORMAL
0.5979712296915085,0,0,56.56390644810754,48.78059254626638,0,0,0.007292210165123692,2,0,0.12100617116175921,2.265145286595077,274.5986761518076,0.1435521089632462,0,NORMAL
1.6039003248586792,0,0,49.92805067746451,41.70710691478684,0,0,0.04181947291792285,3,0,0.009102460342602347,0.9040942344614795,251.99001214734727,0.19139835377408831,0,NORMAL
11.75746760347177,0,0,204.79389081334634,6.072017468293906,1,0,0.4102524112001479,14,2,0.4276291252105633,6.993522869213194,116.58678402335008,0.3946165640464717,0,SUSPICIOUS
0.7807629868309518,0,0,32.5342323295109,33.81678666505494,0,0,0.05166008582551845,0,0,0.07948134382773091,2.5203926225605318,131.5082147407352,0.19086919032466018,0,NORMAL
48.28944612935822,1,1,2651.7827398352206,0.8352805949891388,1,0,0.6153165544788082,44,19,0.5929002585609477,11.48066229541898,43.534224559569594,0.8431583029100633,0,REPLAY_ATTACK
32.46698782010482,1,1,2498.1175186011405,0.3035294916669765,1,0,0.6617841442213862,21,1,0.7005612664654284,5.722795617123309,6.933829961076318,0.5572828622079748,1,REPLAY_ATTACK
45.070840181419015,1,1,2479.8349471839992,1.8239674158820511,1,1,0.7381796535892596,38,13,0.6753868322259275,5.19442650736737,37.88204018367481,0.7460962859831523,1,REPLAY_ATTACK
8.124058976796318,1,1,154.81831809316623,7.275192639242971,0,0,0.21728547981999935,16,1,0.30844350022828265,3.3988171272553553,56.80650101574925,0.3495707650890666,0,SUSPICIOUS
10.236723999989852,0,0,63.55923898360989,7.025460836082841,1,0,0.3152870331823468,12,1,0.2942944636174077,7.826943518317148,109.01474075996455,0.43329277090330676,1,SUSPICIOUS
25.4095931193889,0,0,2.318151788015311,0.5889708681866944,1,1,0.7769441579104317,34,0,0.9854589509254901,29.33245220319527,6.046814103465639,0.6096903449651198,0,SUSPICIOUS_BEHAVIOR
39.50110281619999,0,0,26.93115679417741,1.4194409739466147,1,1,0.9045095410248504,35,0,0.7319488951013353,25.935014346604685,4.402804168465911,0.656027202198637,1,SUSPICIOUS_BEHAVIOR
20.33944048333772,0,0,21.733812697542355,0.24666156335389725,0,1,0.9706351925926833,44,0,0.9913197496321895,24.613272434521132,11.30604360335551,0.9690709278793453,1,SUSPICIOUS_BEHAVIOR
3.0670759796789495,0,0,48.77914432296561,13.122879680953572,0,0,0.02665685161643463,1,0,0.005893791772603868,2.667352607076281,506.4084927526213,0.09557541542454613,0,NORMAL
4.931053722398015,0,0,51.800018974309516,30.379210428690847,0,0,0.1263444836653168,0,0,0.13705912410096888,1.002841356475943,186.7007545194798,0.14484098256167402,0,NORMAL
24.38949703843939,1,1,429.68284965505165,0.9644233622957967,1,1,0.8654310493634851,13,6,0.6225147974105341,16.875213152856983,21.354895515387344,0.5757621919228421,0,REPLAY_ATTACK
22.358916925299074,1,1,2939.05925094203,1.083022348561556,1,1,0.9190826293949507,48,3,0.8292290066033392,19.021589761968574,30.322645701405524,0.8989365342113191,1,REPLAY_ATTACK
56.812010822909926,0,0,0.1094010835402881,0.4408238876402426,0,1,0.8175244262815635,28,0,0.7654639231424213,19.90903382882813,1.4393156322359417,0.8381431119255895,1,SUSPICIOUS_BEHAVIOR
2.370869145436626,0,0,4.331904538750551,16.05125002425965,0,0,0.1819190782221889,1,0,0.14003897155518774,2.877353379664586,472.28177773809625,0.12498449395769128,0,NORMAL
26.989880861401772,1,1,3208.612913324143,0.5541335287423672,1,1,0.7360096541183919,41,1,0.7934837237990529,9.506761850760423,17.28667165292638,0.5825886798144668,0,REPLAY_ATTACK
13.704108285583004,0,1,140.87154908323916,4.489539554835012,0,0,0.5626969490290215,18,2,0.2830705069222813,4.922044654575925,71.08605810496113,0.3627230386034926,0,SUSPICIOUS
2.9620728443102124,0,0,19.146028394595337,22.82650312221239,0,0,0.1452169702967701,4,0,0.13561704907192576,0.8957156401477452,572.911304235349,0.023770515695247442,0,NORMAL
35.2743050088733,0,0,0.8555548173387773,0.12422017183735774,0,0,0.726957375400014,45,0,0.7406531807484517,23.181243916506233,1.4038776040603034,0.7614752709826655,0,SUSPICIOUS_BEHAVIOR
9.844728090331927,0,0,295.0609232826239,5.882026036745815,0,0,0.42073128968943396,15,1,0.49865606847931365,3.935893044942451,114.20896164685901,0.3574122623546797,0,SUSPICIOUS
59.049250268038975,0,0,11.797393943761133,1.3719336427007174,0,0,0.9358505264348114,47,0,0.7419563507553453,17.439099154753993,6.185070177807228,0.6217073482929747,1,SUSPICIOUS_BEHAVIOR
0.09055091910420254,0,0,2.500374036143056,31.849794283281042,0,0,0.10057510401311698,1,0,0.10020291787688398,1.5459075960719826,129.20299715995117,0.038740058557140404,0,NORMAL
0.05497914329240239,0,0,31.036143386496562,15.125798203323722,0,0,0.0683140774063136,0,0,0.10321764888095254,0.9912066310072966,171.11124637665907,0.12123870748482808,0,NORMAL
46.45041131427141,1,1,627.0182861960244,1.569510457781578,1,1,0.9015829976048402,19,9,0.8999097910422116,11.430141737181136,46.592866820230945,0.5745228696461387,1,REPLAY_ATTACK
2.954464715941209,0,0,17.222287990494767,26.25520077158495,0,0,0.15381222663194485,2,0,0.06540704611778686,0.8843732802572952,386.0748470801546,0.03724898765995495,0,NORMAL
31.99640804730698,1,1,503.88833595494134,0.6693644410794274,0,1,0.9253675665722724,31,11,0.5621479656483873,11.156241431397934,42.36641252446867,0.623063205089213,1,REPLAY_ATTACK
8.147856237169579,0,0,160.18945706249798,8.101489363636869,0,0,0.5097042273729805,9,2,0.204097350927824,6.852446792506481,115.68525764674895,0.4525025627814466,0,SUSPICIOUS
23.043574853983053,0,0,12.974501276179796,0.5596371829594492,0,1,0.717901496704749,20,0,0.745792459277851,10.208544546669492,7.240162395773357,0.9011997901734485,1,SUSPICIOUS_BEHAVIOR
12.176455863427426,0,0,279.31555160069104,8.587624430074566,0,0,0.25610688538366755,15,2,0.2776995363584299,4.757640207984402,96.0696282793014,0.4797889897218079,0,SUSPICIOUS
36.023574292792446,0,0,28.06026844190716,1.1033273853871757,0,0,0.8190225913788218,15,0,0.845728336164745,17.986616658543745,7.04494430191443,0.8537147658484191,0,SUSPICIOUS_BEHAVIOR
3.12074453924567,0,0,59.78006025763484,46.467239704399816,0,0,0.14208436300248237,1,0,0.06388397325550227,2.70837425255526,201.45851479451755,0.0022309174623661,0,NORMAL
3.1006629890076836,0,0,22.395107497760407,20.161154554304364,0,0,0.15035963271738662,4,0,0.0731201753195961,2.1110579240745415,504.68006923614104,0.07181415580863025,0,NORMAL
4.572059729624799,0,0,44.13978685435139,33.085807190655956,0,0,0.12325814967082893,4,0,0.029466197283417876,1.7296898986520595,396.2497041437395,0.14197908667629072,0,NORMAL
11.562398932483585,0,0,298.36098950359985,8.377916600182402,0,0,0.3474709695396579,10,2,0.4318413478585222,4.366919590568893,68.84539656351143,0.41644312482020507,0,SUSPICIOUS
11.508788374957772,0,1,231.37303935730975,6.457752359440351,1,0,0.26795315006432996,14,1,0.32326997149754194,6.4826951119394645,36.26326626566781,0.3172107652064328,1,SUSPICIOUS
0.6443986095532461,0,0,24.259126086257528,44.13086106117012,0,0,0.09380498794357671,3,0,0.08048672850429305,2.2891566301807784,468.9503382459914,0.10907257042672834,0,NORMAL
0.5844902035418204,0,0,32.1186078871555,29.408285306349775,0,0,0.04872295839643886,4,0,0.028294836963611222,0.6677343315746969,171.32153490231426,0.02096452818815311,0,NORMAL
1.8154114819931755,0,0,18.33145863948141,52.51740005599477,0,0,0.17172002139649967,0,0,0.05524432014835643,2.5088544420660694,353.76769944779494,0.18229080069096787,0,NORMAL
0.9762149389902225,0,0,39.1000095225531,43.39023416132033,0,0,0.10092745759548699,1,0,0.11759577757583842,2.949335836934649,189.73728467797758,0.18439112602655006,0,NORMAL
3.3259861034810005,0,0,31.622487834699097,12.89222247235803,0,0,0.13116415346547858,4,0,0.060698061247282525,1.6769059809690074,136.21879245515936,0.11253082393426184,0,NORMAL
25.758246485149577,1,1,2695.592806199304,1.6577042682788943,0,0,0.8312368483172901,24,3,0.6031098772731529,8.862710027009054,19.618588355475858,0.5735034724564634,1,REPLAY_ATTACK
45.02872011996518,1,1,3363.3405384474454,0.15912827683617195,1,0,0.9840701754873333,13,12,0.524743272690047,11.593372838237311,16.713840502203986,0.58458871054649,1,REPLAY_ATTACK
9.853723712045504,0,1,254.18477203753105,6.377899423034268,1,0,0.2777305415495097,19,1,0.22540094428258683,3.746309484944031,37.18479599065861,0.3478246688388013,0,SUSPICIOUS
39.11760169524477,1,1,2813.117691302138,1.1366243616409368,1,1,0.9423603052602063,35,11,0.6478663909976737,13.863753860381427,25.146891536426295,0.8720194654566115,1,REPLAY_ATTACK
40.03479813528662,0,0,27.12491051868225,0.4302612133776037,1,0,0.7296613465160953,55,0,0.7712973434581414,18.090328176469257,6.539400889915615,0.894505107111056,0,SUSPICIOUS_BEHAVIOR
48.98219259844079,1,1,2475.696910106707,1.9452263611548117,0,0,0.6720946431813879,46,10,0.7979697069131999,5.435519940134188,34.3834597459641,0.8181228132044458,0,REPLAY_ATTACK
0.8583964292415175,0,0,40.58807623358173,45.46604142363048,0,0,0.07787795593337471,0,0,0.09056327157564194,1.998408879345664,124.48557767339722,0.03308018090027181,0,NORMAL
14.240778052942694,0,0,297.404199447863,5.542964048847124,0,0,0.4088294284549332,13,2,0.4304743332938949,4.736986808751695,98.44518039755158,0.23256894341084283,0,SUSPICIOUS
11.221669241736077,0,0,86.48521357389012,5.3206250320623925,0,0,0.5704856421594275,5,0,0.467838006926198,7.157847491824308,30.155233989885662,0.44790776305250124,0,SUSPICIOUS
1.1439908274581123,0,0,41.761237083227535,23.84522436889045,0,0,0.15331918894241034,0,0,0.043780076555459964,0.5058686846686329,160.22599636562916,0.09029918782388885,0,NORMAL
44.42917918199301,1,1,716.8227578527815,1.5978897256467948,0,1,0.7240101323836365,19,11,0.6671921630305,7.8400541776846655,48.649215791476756,0.5136858344830708,0,REPLAY_ATTACK
4.520793472468742,0,0,37.43155948059438,50.17413716484423,0,0,0.16727571548207987,2,0,0.01814409933577385,1.9518428494933797,156.2661570061294,0.1995027491323792,0,NORMAL
11.683607021173941,0,0,209.8619825242542,9.903861155362087,0,0,0.417694703044167,18,0,0.3020675724567176,5.094968426551155,42.42752909418081,0.46378179235487277,0,SUSPICIOUS
11.926134434251008,0,0,177.74632519481747,4.223376086154873,1,0,0.30916869101309474,11,1,0.4483611138518522,5.045038683681366,118.88361970619529,0.3226959511201503,1,SUSPICIOUS
20.022167383410157,0,0,18.49068970797075,0.47485233175535835,0,1,0.8477268068195783,41,0,0.9895457657299116,18.724175284452464,2.69881819716507,0.8847649023615889,1,SUSPICIOUS_BEHAVIOR
56.94410671911671,0,0,7.557247961022645,1.1665383356262093,1,1,0.934714927967065,36,0,0.7174792940623157,29.993896627423897,5.6666442636140015,0.8067075628576227,1,SUSPICIOUS_BEHAVIOR
3.6113346592782958,0,0,5.950685975232954,26.60955165578023,0,0,0.1437398531945592,1,0,0.062164471870055485,2.907176235004524,230.85199900739732,0.1935719848162832,0,NORMAL
4.500093209240525,0,0,8.847151602377037,35.44452777955279,0,0,0.0014183625548741974,1,0,0.06380347444049754,0.9339303603785993,488.86454191878425,0.1302672211600411,0,NORMAL
7.80590215974369,0,1,155.8318214461886,7.996212870463278,0,0,0.36830408311058427,6,2,0.4665777483869876,3.695983067084428,116.28689672175936,0.4271499876237559,0,SUSPICIOUS
21.969776056331565,0,0,8.777893308718284,0.9423380304690313,1,1,0.7677858132559762,31,0,0.9383030031956314,25.297239743748747,11.821096817811089,0.6882764131356222,1,SUSPICIOUS_BEHAVIOR
57.67285075858907,0,0,19.378025544028148,0.29716679871421725,0,0,0.8050605775938905,19,0,0.97621393707063,15.29985582441082,11.22522190541899,0.8770531264396182,1,SUSPICIOUS_BEHAVIOR
32.283203955154995,1,1,1139.7930885251544,0.729001989185494,1,0,0.8076428734806542,48,3,0.5852433696710515,9.429221549204215,46.73663579363009,0.5405579535332053,1,REPLAY_ATTACK
3.999580426865947,0,0,9.60429809727438,13.450379630640814,0,0,0.09603670305237758,2,0,0.010853588661198992,1.5700483810991095,584.2623392679689,0.14508242463859408,0,NORMAL
38.93492237623228,1,1,865.5024054751043,1.948613992743348,1,0,0.8859194430932382,43,19,0.6541755668724983,16.248929287888117,30.266811852553534,0.5575435227853197,0,REPLAY_ATTACK
33.555261210076964,1,1,2914.3793519060873,0.3261504980918356,0,0,0.8691201112737916,46,17,0.5929172964564171,8.736449778208275,35.405673781264994,0.5238489745912411,0,REPLAY_ATTACK
19.11630221216039,1,1,929.6419787799557,0.7378023388118397,1,0,0.8101087885657863,31,5,0.5420265924993675,13.472236729879567,33.759996906773395,0.770493982476282,1,REPLAY_ATTACK
0.3353823869421374,0,0,17.15440735434961,42.83155368539381,0,1,0.03250221305949126,1,0,0.10744880152140421,1.842923304010072,573.5747619943222,0.0864234351231789,0,NORMAL
20.48549833260802,0,0,13.704489786189596,1.46616464569579,0,1,0.9343129363230904,49,0,0.8874511581088095,16.738573452941583,8.270593631715341,0.9017419170194194,1,SUSPICIOUS_BEHAVIOR
26.769903897715782,0,0,26.21721716355501,1.3374265567802346,1,1,0.8282307008653891,57,0,0.8887171523565477,18.93620508494802,12.843554025164975,0.6030643467561756,1,SUSPICIOUS_BEHAVIOR
1.7941524206175123,0,0,7.842622604411968,57.13621595470561,0,0,0.1354248526965128,3,0,0.028780977660675226,1.9646303060829209,209.63183716673808,0.020910891630204854,0,NORMAL
4.825134553332563,0,0,41.702113731513194,58.70972219081786,0,1,0.060747009245019884,1,0,0.10929227351891653,1.5660151412299321,442.437523429192,0.08645425755763372,0,NORMAL
0.5559874115307567,0,0,1.8232235818102116,39.0233800496848,0,0,0.14080629051833138,2,0,0.038443856305382634,0.7139988820569207,337.80180492016973,0.13630520597733006,0,NORMAL
4.386865359639777,0,0,0.6972323944860381,40.3544789359377,0,0,0.19436906026509693,3,0,0.05475713500389023,1.5889728950317725,545.5630061610943,0.18726855067964557,0,NORMAL
3.6450358402049368,0,0,25.66638802415174,53.52892125230034,0,0,0.1036020862752196,0,0,0.030883096614989905,1.643076049048861,332.5987670601425,0.11315031284491649,0,NORMAL
33.0279729951172,1,1,564.6341327681844,0.23384538254078513,1,1,0.701673226417758,35,9,0.549633034246259,19.73262882396365,31.77004264933147,0.5982559238644356,0,REPLAY_ATTACK
4.063997836287513,0,0,52.088535262650325,32.0220675156212,1,0,0.014533117516231342,1,0,0.12800936003054125,2.803644340541326,140.3205564087856,0.139805482808419,0,NORMAL
4.653786628017824,0,0,49.73300195295657,27.29387303689287,1,0,0.07440871356244148,0,0,0.020327531034113104,1.518513179028372,332.60981843252927,0.034419970529972435,0,NORMAL
3.45468869051233,0,0,46.790723709068615,23.96380442272052,0,0,0.17704777574151306,4,0,0.14022330606657019,2.2207324960681376,425.973781784593,0.06240026122169007,0,NORMAL
14.378272069923831,1,0,118.57522825030206,8.467682315817186,0,0,0.5537885254302111,16,0,0.2443864216321912,4.884966176833174,87.84454392710022,0.34052286350730765,0,SUSPICIOUS
37.68283761854963,1,1,2559.3064951482525,1.5357557191458397,0,1,0.8742932406209999,35,8,0.6146211314404244,11.577037029423922,18.29391949842104,0.881385790268995,1,REPLAY_ATTACK
47.456795759905674,0,0,26.039818000083315,0.6034914404506034,1,0,0.753607885685894,29,0,0.7601555770192926,14.004478808146132,7.8786986684392275,0.7599634519841763,1,SUSPICIOUS_BEHAVIOR
43.037657208732284,1,1,2504.010397054494,0.7493117662713134,0,1,0.9644531243161827,46,15,0.8830234514022921,5.997625931998727,22.00071036905803,0.5142805715428653,0,REPLAY_ATTACK
39.990448043689376,1,1,1178.9961268572608,0.906019751710208,1,1,0.6142530752958919,25,3,0.7290842115220428,19.467707501441573,34.281746736072506,0.8187356258738749,1,REPLAY_ATTACK
2.3698082013143615,0,0,34.70321502038455,48.76730752015678,0,0,0.09557347098262717,3,0,0.10359229685799544,2.828837622888155,261.1216265255775,0.05574274302822979,0,NORMAL
1.3567451588694794,0,0,59.04500815195771,35.62513243851659,0,0,0.18452902792071443,0,0,0.02694768269330128,1.3645714257739847,391.46759194866576,0.03949725633040646,0,NORMAL
12.66622665174486,1,0,118.15915474889735,4.756014841139693,0,0,0.42220746668103826,6,0,0.32248003217792776,3.0770747922420383,99.30274218313649,0.20750753046915998,0,SUSPICIOUS
3.2199977161950786,0,0,30.35116157710974,54.62791137432372,0,0,0.12560609291390742,4,0,0.011034503132364848,1.834313534178611,363.54916504558105,0.03763999633597246,0,NORMAL
16.043375299883916,1,1,3325.5408998543744,1.5997496012444297,1,1,0.7834233929162608,16,10,0.508232490513435,11.816036884080521,28.715097921127768,0.5439149558833097,0,REPLAY_ATTACK
1.6269984907963386,0,0,4.942862736950562,51.46973324294235,0,0,0.0889147002138857,0,0,0.1439388221413851,2.5033801456756213,352.7962965971998,0.1818608292812099,0,NORMAL
3.509834386288517,0,0,8.549732574090793,41.70520156881656,0,0,0.18798487457714178,1,0,0.09721531908916071,2.2076739379753105,278.08969163997824,0.0064127034189083165,0,NORMAL
47.94907694815517,0,0,28.294891573813178,0.42189522896378484,0,1,0.8786349794407889,30,0,0.8793352928852751,28.4305371279508,13.365756860980387,0.8246653347771917,0,SUSPICIOUS_BEHAVIOR
47.22219390577927,0,0,24.142111943008217,1.2344243922668592,1,1,0.8002044012272962,31,0,0.8292251025897288,15.279156672469732,5.340364230509314,0.7891767454166859,0,SUSPICIOUS_BEHAVIOR
1.5230688458668533,0,0,20.392497826083968,15.704789244396668,0,1,0.12343884542339334,4,0,0.018173319189147812,0.6681015851300915,236.12530949723356,0.05880794200799982,0,NORMAL
28.969875801989456,1,1,1580.964001408541,0.7175262618427516,0,1,0.8679983494117114,38,18,0.8318977750613369,15.951418031961989,6.9873996898448105,0.5183889548801918,0,REPLAY_ATTACK
3.0288740967844356,0,0,55.16351839286504,20.787033958822704,0,0,0.16257019430735156,1,0,0.0921253275478339,1.2373278395096607,365.84157884826584,0.15969919272078262,0,NORMAL
35.9504490812044,1,1,3190.8145644336773,0.31852300792182053,0,0,0.9870560262159733,36,6,0.6305237927293452,17.449904687936538,19.95472244208216,0.8586004751895812,1,REPLAY_ATTACK
35.49744244234459,1,1,3116.2289831968983,0.4446371753594328,1,1,0.8320257815937557,29,15,0.7638520098006266,9.093071761028174,28.989898317991337,0.5240603534961501,1,REPLAY_ATTACK
0.25712906742125174,0,0,25.779408764336104,10.570899172703681,0,0,0.029981850649427932,1,0,0.0019515320138809077,2.1471385105671055,570.1857485255441,0.14135305637232623,0,NORMAL
41.007031597368965,0,0,15.187552034919806,0.3879860129671977,0,0,0.7601931048871586,35,0,0.7072201115072816,18.88230739033949,13.349301702485915,0.924621172271128,0,SUSPICIOUS_BEHAVIOR
18.76289945699979,1,1,752.0158532045134,1.4495440435564069,0,1,0.71585840415229,44,11,0.6489427991606106,15.415928950134479,51.94824233073525,0.6528571184142778,1,REPLAY_ATTACK
2.195674542851092,0,0,22.065561052637378,58.138417512660304,0,0,0.007801284152563626,1,0,0.025024455742539423,1.4951371016973443,280.38547770056323,0.1810746376524855,0,NORMAL
4.486078789766633,0,0,34.930227610576395,55.359751535291494,0,0,0.14016168360034806,2,0,0.13673653308945788,1.6383218745215054,589.30215015624,0.18934158300677764,0,NORMAL
0.7005658788322627,0,0,24.757310450917423,25.146545282021464,0,0,0.11716167884304887,1,0,0.02095808504684311,2.311055850673288,583.7654519205776,0.0789258139812064,0,NORMAL
0.056768223837095344,0,0,41.37160506189367,32.202187460110146,0,0,0.07333577594059629,4,0,0.10049302362888271,2.396009182585508,449.947158089143,0.13381600337245667,0,NORMAL
24.70706050581196,0,0,28.267835209756832,1.020459916398615,0,0,0.992589861594964,51,0,0.9825184209851423,21.198233724894926,8.586551015692422,0.6241382021607523,1,SUSPICIOUS_BEHAVIOR
4.911893084543032,0,0,18.280748345882447,24.370479823278984,0,0,0.006684714487100752,0,0,0.020736834845108566,1.119831124514518,259.7871929175725,0.13893434591939152,0,NORMAL
0.7583743986637559,0,0,27.26264007359765,17.365152213948516,0,0,0.15242592409006495,1,0,0.13798064011958142,2.7975956925716776,417.9996637316126,0.17005974731435836,0,NORMAL
45.712336884173396,1,1,3042.1066083223127,1.800323688896015,0,1,0.694345085188408,36,10,0.5286608391934344,9.068259998149639,52.347517919287775,0.5002995236859484,1,REPLAY_ATTACK
38.944857593056994,1,1,1559.8721470825196,0.39990728195185943,1,0,0.6807980179670905,41,18,0.8063519263135119,9.151213465602888,34.695633118303746,0.6121710140233113,0,REPLAY_ATTACK
1.0081366002387226,0,0,48.83821617036113,22.330181748901232,0,0,0.03336971564111553,4,0,0.12606641258190301,1.853338456753168,320.82400210237034,0.11937137215689819,0,NORMAL
38.93465228460907,1,1,3359.5260941272627,1.2452490391271254,1,1,0.9668097009511349,24,16,0.6806720649146315,11.144422493598261,50.90018949531486,0.591067320219772,0,REPLAY_ATTACK
37.974634865006024,0,0,23.941397485104613,0.9033586030174,1,0,0.8767284027449743,33,0,0.8718979834759667,13.751955035427487,1.9240900638190548,0.9849074726707746,1,SUSPICIOUS_BEHAVIOR
4.7530357346877805,0,0,16.184976691019376,34.27948498296989,0,0,0.14729463492381456,0,0,0.14065569230690514,1.2377721504607133,526.3460747833933,0.108376034655244,0,NORMAL
11.08758325129553,1,0,298.7551270329053,4.414233785090212,1,0,0.20403616200875263,6,1,0.2749043193017975,5.886996335665454,104.54906717776583,0.2185913020938231,0,SUSPICIOUS
58.550705997692354,0,0,9.619941786685498,0.19774282207978672,1,0,0.7664827564717452,59,0,0.7954093552259386,16.72680245758273,13.696746045614205,0.6408460355796147,1,SUSPICIOUS_BEHAVIOR
55.627143824218834,0,0,3.5371893546085262,1.3194200023512488,1,1,0.7696535650550815,27,0,0.7785551594225242,25.069911229611172,10.898724173997296,0.9285167139277312,1,SUSPICIOUS_BEHAVIOR
4.599278082063803,0,0,31.8181279949495,52.4021044800742,0,0,0.07224321179516235,3,0,0.09048332034869455,1.0537338721491,453.77004035129744,0.1484915128427113,0,NORMAL
19.406407379674544,1,1,3233.610518124312,1.5170394637446942,1,1,0.7662488839694205,41,8,0.6302645301970388,10.259541222176118,35.14477774333572,0.5453814745082839,1,REPLAY_ATTACK
0.30538979927431875,0,0,59.64836167327005,28.011695940021394,0,0,0.1754240935324576,1,0,0.05855646690704308,1.0701545422500498,399.8392702647915,0.120205175497738,0,NORMAL
3.1670187825521174,0,0,35.576396090502186,42.714627616248094,0,0,0.05704116053608282,2,0,0.1401616191856822,2.119592596520566,372.99405048645997,0.05556657991293086,0,NORMAL
1.6433227268495798,0,0,7.326594840601608,11.94980062874558,0,0,0.06312664307343045,4,0,0.04534150507446728,2.7444895159800646,247.86126788641144,0.05207947174901433,0,NORMAL
44.97492711005256,1,1,480.1150249454393,0.40814519566534546,1,0,0.9179742547163174,18,17,0.8253818286313805,14.527081052523016,20.42571090149245,0.5489703644733037,1,REPLAY_ATTACK
38.66371493742478,0,0,10.24644350769529,1.039417464782818,0,1,0.9338089795143154,53,0,0.806971912793218,15.703914966102994,1.3268742509649432,0.6397304554446509,1,SUSPICIOUS_BEHAVIOR
2.3802520109954983,0,0,1.5718025119238876,34.81293764411808,0,0,0.16510696830408314,3,0,0.00386136146208243,0.8159253548675128,343.12790577794505,0.0011607537685882185,0,NORMAL
0.603179355503004,0,0,4.165430564765602,10.006734650224265,0,0,0.00795942546713051,3,0,0.06362775836189642,1.6212130700065845,195.54168713705644,0.15874348515704248,0,NORMAL
46.612367720166375,1,1,811.0927925208904,1.36157503754733,0,1,0.6564743938318873,43,14,0.804166697518611,15.383391926193593,15.817752145829768,0.6297651071856653,0,REPLAY_ATTACK
2.3610746258097466,0,0,13.900302083006604,29.021000375378115,0,0,0.023842088568114674,2,0,0.13443543737191996,2.6219189632032855,187.22150982442994,0.020048274053518278,0,NORMAL
2.510975051656213,0,0,53.21549401255617,38.20370144167589,0,0,0.06400322261747836,1,0,0.11286138498180139,1.4286583483361788,369.33541746779406,0.07647291958334218,0,NORMAL
22.886505421507138,1,1,2689.724532380896,1.2878074415993868,1,1,0.7429115720416176,34,12,0.8134550213468215,5.189016516706562,58.40063888471359,0.6275997102359435,0,REPLAY_ATTACK
49.47337015239427,1,1,1247.9059760880452,0.20775583360291033,0,1,0.7273105261373943,22,5,0.5475444663636575,6.067766363827605,38.13445115351021,0.55783075591855,0,REPLAY_ATTACK
1.6745280732854306,0,0,14.472087455972488,27.259610424710527,0,0,0.15613986083432574,0,0,0.12159057723902415,2.5705318947164857,401.6738136353106,0.19425949206131843,0,NORMAL
4.8719740383308325,0,0,22.78714681075379,59.03696717917147,0,0,0.1138609968824404,3,0,0.006087856820204262,0.6008254026287825,479.05667488396256,0.05171684431055477,0,NORMAL
8.816210441766039,0,0,187.71779639636054,3.7113829639977416,1,0,0.24464127978075673,9,2,0.42124684533797585,5.839130456997919,60.628566386837235,0.30718127659881356,0,SUSPICIOUS
43.81493466195574,0,0,10.298014712172122,0.8165588649275762,0,1,0.8587523359545548,36,0,0.7572095589362304,17.55598652404088,6.604823255029254,0.9675022707473397,1,SUSPICIOUS_BEHAVIOR
52.34344677716392,0,0,24.33048330787968,0.979112490619244,0,0,0.9351020779058812,30,0,0.9149079357132924,22.690379088124935,11.817362288098378,0.6923835880588638,0,SUSPICIOUS_BEHAVIOR
4.8495492608099715,0,0,59.26008047979882,13.132660172767725,0,0,0.14132082579884356,3,0,0.1398755929646074,2.851343252757369,291.4761447216654,0.09207723513500812,0,NORMAL
4.2920637592150594,0,0,25.853251419708357,17.72298736116619,0,0,0.018489903407413324,1,0,0.07775994399495977,2.8423731347717385,407.66091182902977,0.06108633853660646,0,NORMAL
2.89140070498087,0,0,19.587678494639512,17.001204877665884,0,0,0.09207107462696539,2,0,0.01364031748695617,2.6566879073643146,327.82706392305903,0.044255318213236805,0,NORMAL
15.906545761764047,1,1,2736.6618639891662,1.9501073308215555,1,0,0.9096574478966255,40,12,0.8438181555137115,13.405004371046637,31.84523359215683,0.7530143674617177,0,REPLAY_ATTACK
10.852203293909552,1,1,117.47729149683117,3.1927654293714713,0,0,0.526003110793503,13,1,0.4994909467201875,5.957249657215124,38.78996863135106,0.33564171653673425,1,SUSPICIOUS
11.9865698008124,0,0,274.97260193952036,3.2929284858423795,0,0,0.2218090235513119,18,1,0.2578262965661119,4.117493771773221,38.48813863164728,0.3427381375204207,0,SUSPICIOUS
27.679020234369514,0,0,24.034667919034717,0.1410111870075189,0,1,0.8144473879726681,17,0,0.9764622829590321,11.136839013631652,4.966719949854345,0.7854417289163547,1,SUSPICIOUS_BEHAVIOR
23.29617738336178,0,0,1.9200024825716067,0.6434534014639507,1,1,0.7573549117291949,27,0,0.9869762660438632,23.474698549813027,3.6328000120174333,0.6103703577197163,1,SUSPICIOUS_BEHAVIOR
48.12409887577351,1,1,1647.7910279253213,0.49772375083433085,1,1,0.987658872383298,44,5,0.8015824633187254,12.444145137057067,24.629507374383792,0.7558752505517714,0,REPLAY_ATTACK
19.11960717963013,1,1,3327.4413126183217,1.2482044563390382,1,1,0.643946191127748,27,3,0.8571753670482241,13.813718308422283,28.080640589732383,0.6368240577554694,1,REPLAY_ATTACK
22.326044822656044,0,0,10.583053975708673,1.485890087784916,1,0,0.72409693170686,49,0,0.8593457697905659,16.854680547275144,4.587396809587468,0.6801468378972595,1,SUSPICIOUS_BEHAVIOR
1.6183961820212183,0,0,10.490317635624752,36.54688392060469,0,0,0.04657582923036301,3,0,0.010886219706706618,2.9857199644026475,357.7524705282762,0.10572596750732387,0,NORMAL
27.682830365500422,1,1,367.2445853647644,0.2801819662564967,0,0,0.8344195233649708,44,7,0.588837132445025,17.766992567044987,47.41249491602595,0.8858366439070406,0,REPLAY_ATTACK
57.490481791113616,0,0,23.528841143661793,1.4023560479790784,1,0,0.8830775365570693,44,0,0.8888393230529773,21.848789001578695,7.839498679606491,0.6487401001033691,0,SUSPICIOUS_BEHAVIOR
44.312708519042786,1,1,1191.6417163400806,0.21239658152083066,0,0,0.889992098399534,11,6,0.6289282713684702,10.73799604159342,48.14533922586628,0.7974272471162801,0,REPLAY_ATTACK
0.9352187427876169,0,0,45.88858805417973,30.214487362743455,0,1,0.12918557860460786,3,0,0.011750732664301,2.9449835593455864,342.8507372756832,0.033309117718760266,0,NORMAL
3.749802351995889,0,0,48.95681633811704,22.019945644675346,0,0,0.19194914429239385,1,0,0.10040781355048038,1.0088388062045122,213.87391060873108,0.10776387344993382,0,NORMAL
53.29051543880595,0,0,3.2887495899000685,0.2788961364033805,1,0,0.8167182128855958,31,0,0.9080352523292623,24.046193133023962,11.569556970924502,0.9767931542293047,1,SUSPICIOUS_BEHAVIOR
3.641081743059298,0,0,1.7548369820735488,47.44131684816532,0,0,0.045157910430125826,4,0,0.01896963681053567,0.5774265085562753,437.53167559016396,0.11309127321482165,0,NORMAL
1.0249214770791049,0,0,43.98427776178049,53.79415417585285,0,0,0.04916371740451493,3,0,0.11261853467696815,2.5709453640041158,223.20228876961372,0.08861518658668976,0,NORMAL
26.8207227418544,1,1,673.2205227176509,1.2744554574815479,1,0,0.8944823907420902,17,14,0.6766065298750993,19.31386618618796,51.091617679817915,0.8886735002280803,1,REPLAY_ATTACK
3.480148983374865,0,0,29.49567280448621,31.521370516049508,0,0,0.10994345103266222,1,0,0.11677738200924952,0.9243962455178396,308.5128548276292,0.04599228308020684,0,NORMAL
0.20364401159485068,0,0,39.01954118081621,29.191944152248976,0,0,0.18894147633449634,4,0,0.019886111622672353,2.258820850453826,215.21881912689662,0.09386059927200141,0,NORMAL
34.05799156132248,1,1,1102.4335697249546,1.4337121769243142,1,1,0.8295419331608924,32,4,0.8635815503383144,13.141169650344331,45.902137991769145,0.5790967203204607,0,REPLAY_ATTACK
13.553144643629384,0,0,99.5171251814471,2.7642896610898973,1,0,0.32400873848644096,12,2,0.3417380986561843,6.092984807505507,99.00280414501343,0.21493015897657267,1,SUSPICIOUS
0.13183487248626002,0,0,0.4537724986885272,56.31913033650434,0,0,0.1551754508939386,1,0,0.07981302359070169,2.240553590303181,544.643992777608,0.05064907260805016,0,NORMAL
49.76941033748955,0,0,23.34376983859565,1.1579997870415186,1,0,0.8892061564936949,57,0,0.9556986029456327,19.286653052360684,14.924810031881748,0.6340112865421398,1,SUSPICIOUS_BEHAVIOR
5.5521762675040565,0,0,267.518187333574,6.615377108797148,1,1,0.2853846064555875,10,0,0.4905988739440213,6.361126902735875,36.956414383541926,0.2786491731226398,0,SUSPICIOUS
1.7104087435795372,0,0,22.55329710874616,35.03017855773538,0,0,0.0535994533768756,1,0,0.0012532056258207857,2.6526573411992986,302.4720681396816,0.18119038383892888,0,NORMAL
23.22839903447633,1,1,3487.7241051204637,0.8867056233537458,0,1,0.8118127535776822,17,5,0.6332501842090447,14.007660836362222,27.546125825223395,0.7989772947066769,1,REPLAY_ATTACK
4.933197892505877,0,0,5.634042947365103,37.0852406205002,0,0,0.043517587986328904,1,0,0.12941561661888384,1.9771798074356464,336.12729287838636,0.15746516749147907,0,NORMAL
49.21024826340793,1,1,1299.7933116462436,0.8640329239443255,0,1,0.9985594127597891,41,8,0.6925628853129189,18.522661357012602,41.92805325922224,0.866341239976701,0,REPLAY_ATTACK
1.5586103389777413,0,0,50.661424964376955,10.39207953859584,0,1,0.18723531283330105,0,0,0.008273488590267818,2.7497738583866793,547.6777798292471,0.08681421636319608,0,NORMAL
11.546214957970552,0,0,71.83007976571307,8.209115229532177,0,1,0.20074909756766746,12,1,0.23697668598526453,3.55250675613845,69.40195781472963,0.21680873997467412,0,SUSPICIOUS
8.56983692140113,0,0,62.64674022453608,3.8607570957108033,1,0,0.2694557250501648,5,0,0.2259762074538051,7.82072897932779,119.0330614753553,0.2437667739449862,0,SUSPICIOUS
35.02942733196221,1,1,1633.056449976997,0.871722555318746,0,1,0.780805098677591,33,9,0.8686971001406134,19.761816155379016,8.45743113448425,0.636709146819133,0,REPLAY_ATTACK
13.72948730409002,0,0,70.11610007110421,5.7080918428684075,0,0,0.30190351807993815,16,0,0.3719668872668731,3.047928200721973,36.273697182206504,0.4947646284618798,0,SUSPICIOUS
1.9044542831551077,0,0,56.06616160833086,16.721756470406092,0,0,0.11547068024393355,4,0,0.11072261322625344,2.7577437676232743,219.85179011195947,0.04654604837401071,0,NORMAL
1.4607232426760908,0,0,55.46377172259182,56.84112310165459,0,0,0.19062402287882757,1,0,0.10141395512468651,1.9017362034392002,307.89804998134616,0.15422720963416445,0,NORMAL
0.13255655270810907,0,0,54.04211184067551,55.12266536429209,0,0,0.033832378768484044,0,0,0.09438287895124381,1.5515755921970484,489.201537371322,0.09486511411005821,0,NORMAL
11.180375246769572,0,0,85.71760726246163,5.342849492177051,1,0,0.27485801258489045,8,0,0.2384405120751572,4.74712556346894,59.03033129699415,0.4673151850791604,0,SUSPICIOUS
40.91949232766839,0,0,2.4737423395186164,1.3706833346685898,0,1,0.7709966138439142,59,0,0.8450731873444177,28.520854924942142,13.759366526592023,0.8076792714049492,0,SUSPICIOUS_BEHAVIOR
41.17931529517576,0,0,3.953600059023308,0.9844306475527751,1,1,0.7483222534208406,34,0,0.9838698701333581,22.564808518845254,10.327658237259191,0.7666138024482458,1,SUSPICIOUS_BEHAVIOR
41.449784438651434,1,1,650.1460238608452,0.75105906101316,1,1,0.8127380333436717,32,10,0.5946824359502786,19.085870273557227,42.61279488109466,0.8599210871646576,0,REPLAY_ATTACK
2.4580793755841617,0,0,15.46097331067282,47.558902390420904,0,0,0.1621367140675184,4,0,0.11307205694675534,1.2593096290795645,290.4632467323438,0.15678505582837754,0,NORMAL
3.8075531585873614,0,0,30.935761714755014,51.33536798707437,1,0,0.017715667927328815,1,0,0.13032016437267305,2.4817585144518786,168.25457217208123,0.06653459730606477,0,NORMAL
4.455715568490356,0,0,24.24841929906198,46.107161772795294,0,0,0.14031305312058848,0,0,0.0909020747904122,0.5661172564941687,158.29877934432017,0.08608438161759338,0,NORMAL
3.732457025590121,0,0,40.829958124482786,24.0760599207465,0,0,0.14847398741795637,0,0,0.11889937151274255,1.5262620533708913,266.67670047735635,0.001644626277778305,0,NORMAL
1.3403182041143813,0,0,52.599045709692035,10.073691104315571,0,0,0.18531707664367625,0,0,0.1383461663225377,2.2287638645339864,250.49314882843956,0.0390845173276698,0,NORMAL
12.283155104937347,0,1,99.0307911157721,3.6970031897755193,0,0,0.3647838719583195,15,0,0.27524123975026893,7.783002838836538,30.769929310635316,0.4488200660596807,1,SUSPICIOUS
47.01632786110325,1,1,3153.8445175715233,1.8949475250790433,1,0,0.7904378579012833,43,2,0.5322101411095295,12.593044958991623,45.54977796391967,0.6304944896567766,1,REPLAY_ATTACK
12.00306353883807,0,0,226.89771566143338,8.693685764667693,0,0,0.445228923953086,13,0,0.3613513469447923,5.010752380974644,113.90410549543505,0.3171547093053182,1,SUSPICIOUS
0.23482983387527523,0,0,25.27488319764432,53.08454518936726,0,0,0.07374503109416919,2,0,0.10699825942519084,2.746597320752758,574.7890725098998,0.04537410326629883,0,NORMAL
2.8063859878474813,0,0,30.761310660990514,36.166481559737065,0,0,0.023594496725612313,4,0,0.06326613629041888,2.7123168671124165,572.8115033807431,0.0083191912512939,0,NORMAL
12.05619804180144,0,0,109.47507846723937,3.6854431786205026,0,1,0.5398175038216488,14,2,0.2089342361962763,4.546280552366428,32.73800829539558,0.498008256516423,1,SUSPICIOUS
9.497254105921062,0,0,90.58098800625578,3.5148498214453205,0,0,0.22497974226671272,18,0,0.39830811747031014,7.901610363639129,110.52426942800516,0.3463872919372246,0,SUSPICIOUS
6.278538179086955,0,0,91.819723243483,7.9418469101065545,0,1,0.34658265853599185,10,0,0.4916146894327143,6.536353629722276,112.43928012258696,0.32212758684740594,1,SUSPICIOUS
48.188529965592856,1,1,663.9473257980944,1.4824844311185037,0,1,0.9200551769535766,44,12,0.7869378073585835,5.796055781588674,50.17731962794545,0.7744949959843248,0,REPLAY_ATTACK
29.020124100838505,0,0,23.28146876608141,0.14912265570282,1,0,0.866309212248523,29,0,0.9976718991113824,18.913857772518764,4.429403095908295,0.7848087135840964,1,SUSPICIOUS_BEHAVIOR
1.4431527662012789,0,0,1.548714416969219,43.87711337294766,1,0,0.089594331276438,3,0,0.018763336475460527,1.2015889496912895,387.28531830459,0.14782493342730926,0,NORMAL
5.767273719282059,0,0,183.7312785780341,2.6129585114371894,0,0,0.45549570251569516,13,0,0.2269956669048862,6.826759969598269,45.46511012252246,0.3597053379551417,0,SUSPICIOUS
4.586567877311214,0,0,57.396877265007475,17.863660408985766,0,0,0.10064408297172689,2,0,0.14795248844162429,1.7019654204493182,182.8043334474335,0.013359415452434398,0,NORMAL
57.55533260282268,0,0,25.277651383010024,1.074926189818792,0,1,0.8611930777010831,38,0,0.8844696031081313,26.237332401801353,7.2488953013567645,0.9084587936434445,1,SUSPICIOUS_BEHAVIOR
40.57085981770204,0,0,9.69266241883657,0.5238830292993694,1,0,0.968945581792749,42,0,0.8919996710790244,19.202065983525248,9.04346760776709,0.6514206391441797,1,SUSPICIOUS_BEHAVIOR
2.447263801387815,0,0,40.80844630561803,51.29891063540409,0,0,0.15208001345749655,3,0,0.14339700882391085,0.5964789048453346,529.5230297504268,0.04680563506137492,0,NORMAL
9.117820274857745,1,0,87.54870687854698,8.780518370227957,0,1,0.4756628926898033,12,0,0.3826714583090114,7.667509383512175,72.6079017570101,0.34048657030186036,0,SUSPICIOUS
38.426424447075085,1,1,1817.2820580802477,0.5499540375903225,1,1,0.9742220476796736,28,3,0.7409593272778225,9.887518438846481,12.639546545847384,0.7302985137285293,1,REPLAY_ATTACK
21.287504381096447,1,1,2645.634755642371,1.5769836740300949,1,1,0.9110118259908926,37,9,0.5760906785665653,14.35460404656482,42.529065936659016,0.6057457138743303,1,REPLAY_ATTACK
4.7364166980590765,0,0,31.104481316712246,59.74096469829755,1,0,0.042286251599782235,3,0,0.1485333801922611,1.8571034358351866,300.2393385699457,0.14003765185881062,0,NORMAL
2.2956787811913064,0,0,13.916825766958524,16.14603392326938,0,0,0.007989594657218869,2,0,0.014210837216901622,2.9388183225522546,557.9928260305769,0.026091127310278784,0,NORMAL
38.54926943725283,0,0,20.339940457277535,0.684946328548755,0,1,0.9283634545496422,59,0,0.7725443257111457,12.185322227097949,6.085597122874253,0.9305453371408761,0,SUSPICIOUS_BEHAVIOR
0.6720733846948712,0,0,30.368511770414646,10.84738324447905,0,0,0.05046454885274905,3,0,0.13956729008175467,1.2198352352330475,196.94833896747303,0.054700573165941416,0,NORMAL
8.978785874773685,0,1,118.72468514958541,2.812596353883051,0,0,0.583520381703539,17,0,0.48130463064784107,6.162004475675983,104.25350195610255,0.21101239484138853,0,SUSPICIOUS
13.749894950244215,0,0,79.2078167438248,6.716043073403403,0,0,0.40364547699555164,6,0,0.35728579501242536,7.303642796940423,96.62743116803836,0.41712391562233564,0,SUSPICIOUS
22.074991218518484,1,1,3183.867912754782,0.40344664807011754,0,1,0.8487358345976077,38,5,0.7362125998412724,17.2432123179652,53.711263899888216,0.6443814533244687,0,REPLAY_ATTACK
5.491268938918523,0,0,270.6620021262559,2.3151213031174933,1,0,0.3582679656385264,16,0,0.3191457499828761,4.781241265437918,38.951543770697086,0.27533368604570185,1,SUSPICIOUS
1.4048159479611515,0,0,41.72803240139173,53.17737612572726,0,0,0.13246358270791647,1,0,0.07391720187974335,0.973402189479657,391.23541991045056,0.13543814473453109,0,NORMAL
30.069778571301214,0,0,10.033385606349741,1.3733539978787441,0,0,0.8427949164581641,34,0,0.9381985932607848,29.393194930054065,9.387418978674347,0.6843267671814739,0,SUSPICIOUS_BEHAVIOR
3.1015477567673235,0,0,54.00138740388067,35.031213403520894,0,1,0.12782156939894126,4,0,0.05598110536576903,2.4090261990353965,362.47872878079113,0.07604823328267805,0,NORMAL
14.291163526913257,0,1,255.37638897280337,2.119282113238463,1,1,0.42420887395803597,10,1,0.34241833558114504,6.952076251596051,72.82171334951408,0.43038126548540334,1,SUSPICIOUS
15.550200360620744,1,1,2819.8312017004246,0.14233661333503417,0,1,0.871726946262678,28,10,0.6229627702386129,15.70071666744707,50.20463414837079,0.6424166842812098,1,REPLAY_ATTACK
7.147536658250827,0,0,129.71558534614647,9.385151101734863,1,1,0.20140434036426025,16,1,0.4531005126258323,4.29253126073906,92.0406104069344,0.33876019561349013,0,SUSPICIOUS
0.7626952145713067,0,0,44.25050156754042,55.39493968898097,0,0,0.020030999501353387,1,0,0.09371930980780878,1.1246686631448233,356.884407677088,0.17423740927006356,0,NORMAL
4.663642416770067,0,0,57.331421757296084,32.41595276847111,1,0,0.1735404195838478,4,0,0.06641038915596874,2.6444138709311056,431.29639633600436,0.1411191579552984,0,NORMAL
2.6605674263265784,0,0,47.726997647383754,18.347654437359935,0,0,0.03764643995380912,3,0,0.01911121075431435,1.5348151451314722,463.3136896716639,0.06888560924343766,0,NORMAL
37.13193642565179,1,1,2503.26624450846,1.391432888705246,1,0,0.8948874865747761,15,9,0.8204878765393369,10.673077005372562,51.1628635997781,0.7930063879730855,0,REPLAY_ATTACK
22.75730808496356,0,0,16.822295880462512,1.3642182548353294,1,1,0.7079016105245656,50,0,0.8517413869053002,29.63108875446075,3.9898821184102657,0.9851621692198124,1,SUSPICIOUS_BEHAVIOR
7.016999626310254,0,0,120.65824049962873,3.3963670680279723,0,0,0.2223862229048028,13,1,0.4342153987119567,3.3331104368373072,108.86669764423364,0.3572217339520113,1,SUSPICIOUS
44.67275815045606,1,1,1198.1115498176835,0.6373032900091323,1,1,0.7153767808952987,24,14,0.6500430813273264,17.543825140571037,11.185653977875049,0.7533049644473977,0,REPLAY_ATTACK
9.035703924496014,0,1,187.6732162791596,2.109279067482336,0,0,0.30982907827183864,18,2,0.2366161301243948,6.862632115812971,69.42286048210227,0.40934140954832254,0,SUSPICIOUS
0.766757015580401,0,0,9.0101400490225,45.586140287302435,0,0,0.05303414823667112,3,0,0.03141100709249004,1.8241113175878336,358.9231505313103,0.10954798189382738,0,NORMAL
4.018360384495573,0,0,5.489210243865292,32.016170918417444,0,0,0.0911299098879755,0,0,0.031541426685279206,0.9461266852459369,415.3031503665187,0.12098816263955102,0,NORMAL
46.758065670425,0,0,9.03261541395641,0.6076637322196468,0,1,0.9281162146541511,22,0,0.7313859551647987,25.01661250188736,7.567762710509132,0.8212949811541979,0,SUSPICIOUS_BEHAVIOR
2.313398928348032,0,0,49.65227373401246,28.284037413068567,0,0,0.1781947769381408,1,0,0.11692975227358994,2.5076138116896995,189.9017944922167,0.1906145537244274,0,NORMAL
24.124802364781267,1,1,420.2503041412005,1.730550379538728,0,1,0.7120739205096869,26,18,0.5778509164196065,16.20551960684012,25.198521103729107,0.7944965547702112,1,REPLAY_ATTACK
7.8454061027205615,0,0,198.9447742576808,6.529487874539002,0,0,0.20245145892547234,10,0,0.3931826916007731,4.193644059555725,98.28064962181028,0.32498955503582344,1,SUSPICIOUS
25.983906245902336,0,0,23.95839047770353,0.8831629622575371,0,0,0.9260865641753078,42,0,0.9935240182968812,25.18110819421195,8.724877136371191,0.6765242472127153,1,SUSPICIOUS_BEHAVIOR
1.1230241146999098,0,0,58.79821976153104,34.04450733015045,0,0,0.19924489860892775,0,0,0.048993285862201315,2.500910471138363,569.449227755993,0.0887889920653438,0,NORMAL
2.6967112095782535,0,0,7.77089527696825,54.12081842036694,0,0,0.056383671119450335,4,0,0.005933625984391971,1.1516659564052543,405.27923228476595,0.0183700674458402,0,NORMAL
1.4188795289936222,0,0,33.22813444274258,51.10899434082116,0,0,0.13523914927130784,3,0,0.13707217839374164,1.1759580882766407,473.1084768054553,0.1948062449944128,0,NORMAL
22.45291842680292,1,1,434.00413769289753,0.5023278760885127,1,1,0.9131768163514768,39,6,0.6704176413857048,6.691888496401706,45.83813432267175,0.5078170335880233,0,REPLAY_ATTACK
39.24165420761187,1,1,1089.1719742549067,1.0800239931644104,0,0,0.7093268892056402,48,4,0.6297088619722452,10.053041252687972,30.479358635511897,0.5256031410117246,1,REPLAY_ATTACK
29.46810035562568,1,1,3268.499120683488,1.8514185351253325,0,0,0.7638226565582606,17,8,0.5443135646382115,6.14328452582871,28.768550030974936,0.5047964976113021,1,REPLAY_ATTACK
2.237061834117273,0,0,14.078524911327213,43.31927067891032,0,0,0.011400477510386798,2,0,0.011271442976637985,1.0170927765415212,170.15154974776064,0.15191236678278167,0,NORMAL
0.3468065043758273,0,0,14.252599495432658,46.4586743774724,0,0,0.03409250231632841,0,0,0.07140850532265926,1.2203803394435075,215.93902783173294,0.012966843757238245,0,NORMAL
1.7974557560987758,0,0,36.001232887158224,21.871673418740315,0,0,0.1715715567034978,1,0,0.0755537641856167,2.5831782050896197,297.5994652607892,0.19658898432404426,0,NORMAL
0.6379015139778188,0,0,56.217469381863765,30.82522159519395,0,0,0.025971402683576207,4,0,0.05509165519210638,2.7537146277518727,129.44794338307858,0.10505009296609764,0,NORMAL
1.3615366325968448,0,0,48.299339980846185,18.36606520005302,0,0,0.14652253984807975,1,0,0.024589758142980412,1.5468974762066374,135.82893296764485,0.155432239241119,0,NORMAL
1.667495858455721,0,0,36.900778082331996,41.718184443584356,0,0,0.14171670915356505,3,0,0.13517664348260333,1.208652873160198,142.83993242213396,0.04166538937200795,0,NORMAL
0.7762012296535625,0,0,2.5904241478207,35.83491926131339,0,0,0.14644384126244445,0,0,0.13242547360171186,1.7441238862630455,306.21704095434814,0.04091872285835516,0,NORMAL
1.5585553804470549,0,0,13.977568485218026,13.38341809500008,0,0,0.09795717359764816,0,0,0.13626151609028542,2.4756497598542344,133.91843728125505,0.011147105300280425,0,NORMAL
21.099407793174837,0,0,8.530317294593798,0.6192927951526909,0,1,0.8689794161561861,49,0,0.708455215703535,10.392068417904403,11.261575348103168,0.625666487244434,1,SUSPICIOUS_BEHAVIOR
34.99614525251445,1,1,2242.220988083246,0.6270362541085468,1,0,0.8467913123469034,22,4,0.8346087935297783,7.942891235398513,9.649082660392857,0.8201248963020014,1,REPLAY_ATTACK
3.473482354272134,0,0,9.534490060161215,50.00017408818407,0,0,0.10840305969594521,1,0,0.02467880585892186,1.7669251017944703,429.7658991602918,0.06974056216859569,0,NORMAL
3.579861144236988,0,0,35.420861427526376,34.87699260730511,0,0,0.17340232138212008,1,0,0.09223545218504041,0.9404860154106188,270.25217025675903,0.04947027436354856,0,NORMAL
1.9864364528018363,0,0,57.3200811902357,32.98324352013306,0,0,0.14387763111496407,0,0,0.10582449779019358,0.6538575853370922,226.13916618672718,0.16474485722739748,0,NORMAL
10.664666059796343,0,0,269.01402971227344,5.88396712932698,0,0,0.20893871537074293,14,1,0.3065399645947372,7.860782547673749,56.83286740333263,0.41501408288057806,1,SUSPICIOUS
7.088888927148432,0,1,245.200345514579,4.193390860091733,1,0,0.3682150760275506,13,2,0.4383056987743026,3.5140428086792697,52.07069624085109,0.2269097891024764,1,SUSPICIOUS
0.7800932022121826,0,0,48.393668871686984,23.59748630643155,0,0,0.17392993696243428,4,0,0.11609926309410135,1.0577250461133896,217.47388460162983,0.022621151300343968,0,NORMAL
33.49022367949082,1,1,1551.4042685338954,0.8557805128959306,1,0,0.6734837541797567,25,10,0.7859527773957089,7.7767375334733835,17.557856460626184,0.7846784444313899,1,REPLAY_ATTACK
10.959268121167337,0,0,203.76303290750695,9.833986229615881,1,1,0.5560421893770816,15,0,0.26803086600522996,6.9937457447600035,57.96331712024168,0.29359146272972625,0,SUSPICIOUS
24.89876340349319,1,1,833.9695662747573,0.6787624478476352,0,1,0.9028532766873488,38,11,0.6206567385800148,15.517929730864447,9.370269924480736,0.5705744661680916,0,REPLAY_ATTACK
31.53399890937775,1,1,2815.8998893254475,1.6896141330732362,1,0,0.7097400655421479,36,17,0.6036440070983334,5.4140476635952215,52.11988568949491,0.6657602590945318,1,REPLAY_ATTACK
2.591648261818684,0,0,27.313208944908073,32.16900071895938,0,0,0.01092206064269381,2,0,0.027438438894312706,1.9266614474519725,183.2689792787804,0.17881092104077734,0,NORMAL
32.98115516997651,1,1,2807.8912045958905,1.8983681282417444,1,1,0.7144801588259936,33,1,0.8662375012070718,17.66730116483918,30.6275358793155,0.7998014076726971,1,REPLAY_ATTACK
3.139501947454539,0,0,31.977467193080116,22.341193460095113,0,0,0.16425188407456912,1,0,0.012886558230423072,2.4017620151097376,373.25973928257974,0.08365281618051515,0,NORMAL
1.8532107353344545,0,0,26.625013158274268,51.68249809687928,1,0,0.19066143351647452,4,0,0.12186204864358507,2.4945059305215196,267.67444193104154,0.0039802967480155665,0,NORMAL
12.76391368652726,0,0,150.05787179925954,5.5916434998259,0,1,0.5145238210841119,18,1,0.3287143981916347,6.348615039155753,72.54362087726602,0.30213520866308174,0,SUSPICIOUS
11.002025470925807,0,0,234.74507816825815,3.688306641668923,0,0,0.568354463132078,11,2,0.35382094108556755,3.7536620364823516,102.55886896551898,0.29871884507027285,0,SUSPICIOUS
1.8119694955831656,0,0,20.296050359669906,12.245564949780793,0,0,0.08218851047002199,4,0,0.039403996482000776,1.1625872953513687,183.43765321201136,0.18902350146850921,0,NORMAL
1.289514135224699,0,0,58.536612051594894,51.77401128710972,0,0,0.09887416220915163,1,0,0.144212636676986,1.784689586945584,209.43205272889608,0.1874224987842944,0,NORMAL
27.900331152289745,1,1,1984.4097472198237,0.17958345786469398,1,0,0.7154608193251863,48,8,0.5806324344960141,10.706485587331029,56.33004252517553,0.7069368854542417,1,REPLAY_ATTACK
3.6304566686133075,0,0,42.54363116705498,56.587685971640816,0,0,0.08656798421143447,0,0,0.10805000537489895,1.749046029996905,572.7832306779133,0.052576140397865206,0,NORMAL
54.32054630273307,0,0,15.82308254787684,0.5611422507812349,1,1,0.8230269049783459,43,0,0.7484120114544488,13.886419467678143,6.538406647981875,0.7307131383876874,1,SUSPICIOUS_BEHAVIOR
25.92953470474863,1,1,2444.338768699851,0.12818050066370373,1,1,0.6788807995404134,33,13,0.7023873253915041,19.63939372785392,29.31584802861486,0.6369406006541314,1,REPLAY_ATTACK
4.813242073389626,0,0,49.03786619774962,45.11293830158321,0,0,0.19241169978827033,2,0,0.08578462836884305,1.8245847224051757,533.8334199806984,0.15085646660704322,0,NORMAL
1.3932323211830573,0,0,52.03765205758814,51.41246262186092,0,0,0.026257594400964847,2,0,0.05397373509548497,1.8245226426751353,274.8881793973537,0.06989482390652511,0,NORMAL
13.749333243506488,0,0,195.23291371508444,6.769104493572279,0,0,0.21690759769437384,9,1,0.24540237760745992,7.5586885413867675,65.56341976478731,0.45239250544991055,0,SUSPICIOUS
14.530161760404427,1,0,262.1399004478162,4.6268165904857455,0,0,0.28240696171655044,6,1,0.3216563465610608,5.964771364637016,105.9496469099069,0.25567238082351434,0,SUSPICIOUS
4.311818543733726,0,0,13.00438800544654,21.301449890799987,0,0,0.12946842687461824,3,0,0.06464745942708876,1.7873187721516801,125.69824640129247,0.1577163530216942,0,NORMAL
27.279338102305893,1,1,2372.458759796877,0.8234023137727384,1,1,0.8152530691051557,18,5,0.8203833262402873,11.151256235834111,53.92032274895682,0.6783166604112025,0,REPLAY_ATTACK
29.516966489799337,0,0,19.863820465627466,0.6764703703169282,0,0,0.7470113043387844,40,0,0.9364105137406291,29.59616798476366,1.0598528303629382,0.7102370466575879,1,SUSPICIOUS_BEHAVIOR
4.847923138822793,0,0,52.48210036105196,32.91503207643282,0,0,0.039511181135695655,4,0,0.09419381030143617,1.5263069608785695,222.8504684689246,0.015705437188314565,0,NORMAL
18.610343126829836,1,1,3428.299566296842,0.5357394866196382,0,1,0.9898743433953567,14,19,0.723137930015645,17.461779412579595,16.088733933640857,0.5765015645781374,0,REPLAY_ATTACK
0.6988618831314475,0,0,30.56532768898738,13.28474294771829,0,0,0.03943659639361326,3,0,0.033687357398085156,1.8926189654805854,294.3036433245419,0.1906222170563861,0,NORMAL
0.8819349325311165,0,0,44.884390765771926,24.444246945458282,0,0,0.08641345701332355,2,0,0.0035826286978714148,2.0106487899673127,130.380956381661,0.053108836960648276,0,NORMAL
48.426689837713404,0,0,12.473667047317594,0.7104689088706473,0,1,0.9099486073247263,40,0,0.7802366148323111,12.913861776600733,5.2897175290690095,0.6654206845291786,1,SUSPICIOUS_BEHAVIOR
10.949160209188715,0,0,217.61344954961535,5.630826045480418,0,0,0.5467494331196716,7,1,0.3359408994435499,3.046028336953215,101.8138230760184,0.2422086271582239,0,SUSPICIOUS
7.46617422690674,0,0,139.65750837539923,2.313948608324371,0,0,0.27242515964638575,14,0,0.2635944562397784,3.4983057636562434,43.71662280340932,0.23595219846236118,0,SUSPICIOUS
0.06077237344908171,0,0,34.02097565920007,21.387486805160478,0,0,0.1374468686921366,4,0,0.045218427961600194,1.7743387750098427,259.33616511108494,0.12474844909990823,0,NORMAL
4.68414869662379,0,0,49.901822620546405,18.151766846579548,0,0,0.04018226793710449,3,0,0.12049568602770502,1.0765966005356598,597.6765168960582,0.14978352809570392,0,NORMAL
3.72719737092165,0,0,21.608184448291144,12.61775100937362,0,0,0.07049620938867023,0,0,0.03856441340926676,1.3249372382256912,284.02170208401037,0.10479863349293345,0,NORMAL
3.7727143704234116,0,0,42.40663301312675,41.84511587273716,0,0,0.17341203647578948,0,0,0.0275369441032719,1.1377180560534954,156.5206688474435,0.04103656667903215,0,NORMAL
2.0912151814530944,0,0,43.08738457358967,54.17323814930303,0,0,0.18554914661508148,0,0,0.09823606847217885,2.3668582694953995,297.54654031109993,0.044698862851168,0,NORMAL
24.865090550023012,1,1,1366.9201141859055,1.17231907568865,0,1,0.8810403867159051,46,6,0.6641389706066669,12.830104880217483,13.999237107068016,0.8120910256266298,1,REPLAY_ATTACK
2.7461333235306022,0,0,14.826194040608787,55.380550127827746,0,0,0.05651005350372778,2,0,0.010569101650043744,0.8173401441854409,319.57730979320786,0.09860702430804097,0,NORMAL
1.4561457009902097,0,0,2.0367587151479305,43.189484308779456,0,0,0.17158698279946577,3,0,0.12166568494579771,2.6418248662647437,264.88063722858965,0.1583280144366126,0,NORMAL
4.646879945637929,0,0,7.951480364510905,26.867277338454635,0,0,0.028848004223620705,4,0,0.016403385466421828,2.5257582478083314,360.648476944198,0.04929558191534725,0,NORMAL
4.041986740582305,0,0,41.777326552688386,27.475318604340938,0,1,0.07594748096432975,1,0,0.025042526855170378,1.5987694511188795,529.7423656934194,0.19831884713283335,0,NORMAL
0.9071771754489866,0,0,45.65944560168563,10.000581737768307,0,0,0.02587612339334018,4,0,0.08060687856657826,0.6694909895702814,289.167711138644,0.13243717714236672,0,NORMAL
46.77016581376823,1,1,1210.0369125080356,1.460107864268642,1,1,0.6112573124183658,19,18,0.5960249107949664,19.91528686853804,20.477762380128997,0.7676684376460066,1,REPLAY_ATTACK
1.7347660094811386,0,0,58.109326655663025,14.769963865660532,0,0,0.014139321636873238,4,0,0.14753959496081612,1.5231239344634933,439.10772411851735,0.07366207641734634,0,NORMAL
4.1916435235556895,0,0,29.152305551179538,50.22186038397525,0,0,0.10574146397681053,3,0,0.03228657307514305,2.3609205107599767,453.9252783433627,0.14241268428183415,0,NORMAL
0.0541882574014918,0,0,48.34020917700319,20.894627712749504,1,0,0.08868782056720881,0,0,0.0763670077781283,1.894525314338586,313.1378589798597,0.11407746507350616,0,NORMAL
4.342339879489564,0,0,41.73708878980841,26.264756701151555,0,0,0.021896473213798798,0,0,0.014418877759822722,1.5095275131187482,514.0953346062869,0.07449378778242166,0,NORMAL
1.2367405087159882,0,0,40.86707123789897,17.14251436504193,0,0,0.17542551237970036,0,0,0.0733984121212682,1.6693955773939488,485.63649910536765,0.14095916722643734,0,NORMAL
4.4694629152547884,0,0,6.58417192065021,45.386067513376375,0,0,0.08755301099762569,4,0,0.07504577345317721,1.7132017927754957,301.9972147103729,0.009315988417308319,0,NORMAL
44.67514514166657,1,1,700.7693809750501,0.12089696203387362,1,1,0.8549713905501077,34,6,0.5734498917536746,19.997332480421854,58.2428267701476,0.5604474703576521,0,REPLAY_ATTACK
22.88187848788364,1,1,2369.017098727612,1.2499128396551789,1,1,0.8232556395168077,33,4,0.5238893155887777,14.596309757333973,11.133790557557917,0.6674276622355121,1,REPLAY_ATTACK
10.25102398142244,0,0,62.4561255381018,8.907545068082667,0,0,0.4497342106204822,6,1,0.3223806113162889,3.9247266860586603,78.54909199391425,0.3043219346887777,0,SUSPICIOUS
14.486561577065649,0,0,241.5196287552382,2.1007409013399583,1,1,0.4539806063043927,16,0,0.21675146626294234,5.571632394549294,89.36371443529335,0.29906456754800825,1,SUSPICIOUS
4.641592812938627,0,0,37.573219297884926,36.072284452179474,0,0,0.11641402622484472,3,0,0.07908827249260157,0.9391807449214613,382.62126843307226,0.09204132363132307,0,NORMAL
23.165786731128378,0,0,22.539218869565293,0.32283454827174024,1,0,0.9497460323858935,19,0,0.7270342362248503,24.388090268635572,3.1694152612666895,0.690048774826857,0,SUSPICIOUS_BEHAVIOR
12.751460777285946,0,0,280.6873509390798,2.9084363507479507,0,0,0.2395465353824059,19,0,0.34714352216242017,3.3874364506787478,99.12292088286742,0.4201591951981946,0,SUSPICIOUS
0.9079885840071283,0,0,39.56123533234696,52.68924608523335,0,0,0.003382559984321465,2,0,0.028802437645192323,2.618387634773417,364.90219990949856,0.15535365427001457,0,NORMAL
49.97161442197001,0,0,26.350068176627612,1.4070631269225142,0,1,0.7012591482491696,27,0,0.8405548683110953,24.457083593507082,10.95158154808821,0.7087738244838567,1,SUSPICIOUS_BEHAVIOR
4.4513189194545815,0,0,26.92161735735184,28.766495395980094,0,0,0.183019690898006,0,0,0.1467398195294211,2.6035993998906117,553.0778990861911,0.19565389719979764,0,NORMAL
4.928252270553004,0,0,37.116682692911056,15.031873926176667,0,0,0.1352796737820012,2,0,0.07970099298549137,2.6972028647821302,247.00661370289438,0.11761724917093955,0,NORMAL
42.607900847110045,0,0,8.199370759611588,1.4235013882391456,1,0,0.7067684952271982,28,0,0.9431747301431623,14.294374550857842,2.628763125417487,0.7443997012120618,1,SUSPICIOUS_BEHAVIOR
3.015760547331941,0,0,24.594293381777295,27.26709761224439,0,0,0.18943058720127096,1,0,0.056703742415160296,0.8179529730422173,485.22790702139525,0.07070977084086742,0,NORMAL
34.356519639921224,0,0,13.32477216937501,0.16428807852776828,0,0,0.8269518518580264,47,0,0.9431859598838077,10.092963378505612,12.436693941324187,0.7978535452079671,1,SUSPICIOUS_BEHAVIOR
4.490271447203568,0,0,50.79086032141668,55.91195433377185,0,0,0.17275792459300066,2,0,0.09634172452606725,2.701054757184012,512.284449114011,0.11296366279203943,0,NORMAL
57.27154172204696,0,0,15.257337656061452,0.7430849198582778,1,1,0.8710744374842199,30,0,0.7903137597093671,13.919136422712462,5.908325411865883,0.7938166924089076,1,SUSPICIOUS_BEHAVIOR
1.844568197848862,0,0,41.400293449239946,58.20392082450541,0,0,0.1687457585420515,2,0,0.0690153939836532,1.9692580708536913,210.6576896461701,0.01658543050194521,0,NORMAL
36.082689005258516,1,1,2284.9174476880435,0.9185163004411723,0,0,0.7802898436418151,22,14,0.6633859866621622,17.014471471517275,49.297904784521556,0.5324914512885234,1,REPLAY_ATTACK
2.783814465069649,0,0,51.720868936357355,10.966381545880052,0,0,0.15179536637080615,0,0,0.05959369394188585,0.8375953417013686,140.83064571770922,0.0018011328528950489,0,NORMAL
43.02673253000454,1,1,518.874517415623,0.4265023920259652,1,1,0.796670917163384,20,17,0.7501878737621286,16.004909585195975,37.8349842205366,0.6964188849712347,1,REPLAY_ATTACK
1.7412773351165018,0,0,27.106060724233746,56.461402681592695,0,0,0.19488786212769507,0,0,0.011804651279309858,1.4703327025056232,238.4104462771187,0.09870007281452334,0,NORMAL
2.9495884342731653,0,0,25.42429521892577,24.764524702397164,0,0,0.004928880927264534,3,0,0.09499033760062334,1.592584313624427,212.05125998096207,0.18089478545625753,0,NORMAL
17.355811093085844,1,1,2017.045183240416,0.8112471691652484,0,0,0.741610237339096,25,3,0.8439768948967543,13.964348728354688,10.520174257959198,0.7580098566438961,0,REPLAY_ATTACK
35.571872480695895,1,1,1624.14326543073,1.8634655841316548,0,0,0.8399306277425242,23,3,0.768253637933944,10.309907757143995,42.58931150012683,0.6804154117925262,0,REPLAY_ATTACK
2.6237821581611893,0,0,34.07671383315777,54.99166728436362,0,0,0.06441350703914595,3,0,0.14486556658264307,2.31894830533736,154.7272242413075,0.03968202023871255,0,NORMAL
4.303652916281717,0,0,24.507192784241923,18.29774476478925,0,0,0.049948835845871044,4,0,0.01931316560520832,1.3430050879223818,440.44882251995284,0.0006243302712819255,0,NORMAL
25.882796182013735,0,0,5.583964631042985,0.44477201357310003,0,1,0.9486084826732005,32,0,0.7667661129183012,18.78086520938906,1.8460294801369281,0.6498446705854667,1,SUSPICIOUS_BEHAVIOR
8.920295348035912,0,0,201.42522269690082,8.120892083518799,0,0,0.5396546544644488,19,1,0.28371808315398095,5.686788746134386,43.101098278725104,0.4417716941056706,0,SUSPICIOUS
28.972520603524387,1,1,2294.277820579764,1.4114625171742181,1,1,0.6063497687175391,29,10,0.6301883564424156,16.672692300736664,33.47421942669796,0.7722746135635612,0,REPLAY_ATTACK
2.7081710733043347,0,0,28.858373393167426,59.24292013812379,0,0,0.13468394578228654,4,0,0.12152101361181918,1.6354186754194096,495.80840291513624,0.12210263281843202,0,NORMAL
1.6712194540848042,0,0,11.166085070776639,31.883066407410173,0,1,0.12903001666018069,3,0,0.05129017403620899,1.7395486816213477,162.81914823214265,0.043998225379386136,0,NORMAL
4.255683357584284,0,0,7.038491337743668,43.46001314690392,0,0,0.1394332508580701,4,0,0.13494187340584726,1.7016200707810223,225.65271840919849,0.1053537814538984,0,NORMAL
0.46551383902949606,0,0,4.041036088126302,23.01434287830015,0,0,0.06643450441234651,3,0,0.10005552856880308,1.0237980607813304,199.37780424632925,0.1795017670216708,0,NORMAL
11.801585467588787,0,0,75.12807659994277,7.187980780377633,0,0,0.45788673512589717,18,1,0.4224982666154266,6.259868569614803,37.569908937871716,0.22670483742016886,0,SUSPICIOUS
1.3607256861498134,0,0,36.61350896865848,37.635353785927265,0,0,0.09191259550110438,4,0,0.035037065133353876,0.8163632779909431,319.073185214397,0.15272940650464398,0,NORMAL
2.4057005092740873,0,0,32.97177215370102,48.64607409380575,0,1,0.05844979134787758,0,0,0.14195679800375563,2.333319771792156,342.56438677112544,0.08634656476856983,0,NORMAL
18.69073019827252,1,1,3512.811880609802,1.8131353360714653,0,1,0.896853114249855,27,1,0.7136479924101369,7.341801322650427,36.98375015907105,0.5493771813554165,0,REPLAY_ATTACK
1.0316685920289625,0,0,4.056753815532894,12.342595426380157,0,0,0.1739391769703268,3,0,0.03812209201917216,1.375680926673319,481.8900885318835,0.04746354084077822,0,NORMAL
1.7053317552512925,0,0,57.77952023153968,25.265533834836564,0,0,0.07759455087957728,1,0,0.06441718456180538,2.4598812952446023,300.50005973239513,0.06495978307607211,0,NORMAL
2.65677315784074,0,0,56.17273477462139,38.60243216846504,1,0,0.0021026449083306974,0,0,0.03671176194553909,1.7370711415535505,509.3906680326518,0.1023804242539248,0,NORMAL
2.9182805592543604,0,0,37.16942076057687,38.86395146165656,0,0,0.11586268055769218,3,0,0.04120575492107154,2.2716917999137674,526.3365566992345,0.025589988183952972,0,NORMAL
43.11172243984651,1,1,1117.947228632502,1.2773358553198002,1,0,0.9231846923055043,22,5,0.5737892841066097,9.088575041276219,53.960391009304224,0.5327621356951016,1,REPLAY_ATTACK
41.563593540496626,1,1,2990.668642696207,0.4615226752440099,1,1,0.8949494534158344,20,13,0.708914192121328,11.701259040361542,5.5617012287063785,0.7431047932073627,1,REPLAY_ATTACK
41.49836292909119,1,1,1140.105150105956,1.2499469183195104,0,1,0.8951599487805757,16,1,0.5275648719711525,17.982641579092203,8.590801016765067,0.6176076284774974,1,REPLAY_ATTACK
19.084707242086367,1,1,1271.825959511682,1.2050166926253103,0,1,0.7588931358910638,39,9,0.5768141096139472,6.188992665247605,12.365467378303345,0.7125663137729639,1,REPLAY_ATTACK
33.68340999904207,1,1,2898.6065915966433,0.22589415781573222,1,1,0.7881785255494524,49,11,0.8297667331657221,5.068065701164785,47.36765137179731,0.7647217402729669,1,REPLAY_ATTACK
4.052766653909164,0,0,53.88183293699922,33.842173415890855,0,0,0.15355292354286754,2,0,0.1054299666075152,1.603074172729292,325.7880680407111,0.0057262387671305655,0,NORMAL
33.33828082126589,0,0,27.23176029388028,0.18336179320349474,1,1,0.7883292333848363,37,0,0.7618065999044823,17.07213004155599,10.2066372905684,0.6897978753609684,0,SUSPICIOUS_BEHAVIOR
8.04110007342837,0,0,133.4414652501464,9.002632661103263,1,1,0.4834481601740524,18,0,0.2430732390345786,3.350983057038568,48.44244292643998,0.21799378165745495,1,SUSPICIOUS
0.3689828236769943,0,0,48.47075651647552,16.532617191173145,1,0,0.06587585386041515,0,0,0.0210748514693276,2.683888940567722,466.32565432484336,0.185105864329379,0,NORMAL
3.8080980766435877,0,0,52.85224555193571,27.39707057910833,0,0,0.15129021759778238,4,0,0.09631653525382816,1.6711530927177163,125.58955176148618,0.10999579727677285,0,NORMAL
6.6683823442083465,1,0,233.24475852794697,9.760612951280008,1,0,0.5047878978388614,17,1,0.3187823287441922,5.813850354007658,33.64506178337275,0.36311042589347525,0,SUSPICIOUS
6.378988217303339,0,0,293.9694080234983,8.340013454891729,0,0,0.3205699647194234,18,0,0.2551842253542152,5.030062680941096,108.87863473581915,0.2651466000473195,0,SUSPICIOUS
1.5212112147976886,0,0,10.834520707640012,27.367166312942135,0,0,0.008299465101981275,2,0,0.14628668029259378,1.5296307078612423,181.04757774360525,0.13570341389688287,0,NORMAL
45.01987348466817,0,0,18.65649484364799,0.760713099979042,0,1,0.88046862064657,58,0,0.9254564794273761,24.665214518065994,13.122405270216268,0.7778323612060261,0,SUSPICIOUS_BEHAVIOR
6.002318781762861,0,0,265.909789295402,2.1916910809941585,0,0,0.267363179604012,5,1,0.4543772486835233,3.9173212698442423,117.83040041063089,0.24534858745646798,0,SUSPICIOUS
21.49651417472387,1,1,2049.967406433423,0.3741332363086234,1,1,0.724585733072565,48,16,0.5831632736719092,15.617746230929622,6.586652659478587,0.632092240134334,0,REPLAY_ATTACK
0.5677879609981451,0,0,48.359552986509485,13.882466733580253,0,0,0.022479405435202594,2,0,0.07444426882509596,2.631097214104683,540.6820529301565,0.02137667501740628,0,NORMAL
29.132806951877708,0,0,12.272281036982866,0.8590378746240007,1,1,0.7186210410125533,30,0,0.8971137271609053,11.989442998390029,5.673782820970791,0.7538335171440873,0,SUSPICIOUS_BEHAVIOR
3.229586206658006,0,0,23.818891024457006,20.599702734932904,0,0,0.1925465167722278,0,0,0.05601668867181532,2.989010504508765,510.3274306965414,0.0323425556660216,0,NORMAL
16.49943583908815,1,1,3208.950733463343,0.8506110255733226,1,1,0.8587645630160832,29,10,0.820654711829265,18.535538644736597,49.45010693929608,0.6413868772388244,1,REPLAY_ATTACK
46.267480113087785,1,1,3214.117166692655,0.7381147493710087,1,1,0.6773698044170771,18,4,0.5246034964673127,10.309611830744977,39.75441592086006,0.6156136256893989,0,REPLAY_ATTACK
10.062310360908802,0,0,158.518347489922,2.4835753838821617,1,0,0.3433470529329593,8,0,0.26127942749990163,6.2729240009573015,108.7668492112856,0.2040813186352005,1,SUSPICIOUS
22.94572889437292,1,1,395.892099220577,1.8207983949645679,1,1,0.7570030762205611,25,19,0.7098372351834572,9.250102863100256,37.17142431495441,0.5632399374854367,1,REPLAY_ATTACK
44.663513522849854,0,0,0.9658926626201059,0.38460537761033864,0,0,0.8654012628097227,25,0,0.9416720358444259,16.011277702239433,7.287368156754898,0.9753980633323084,0,SUSPICIOUS_BEHAVIOR
3.6901680821318523,0,0,47.13909708481392,50.35354519333515,0,0,0.16218703853452213,4,0,0.09370510041099119,2.5102731151528292,222.98713023840108,0.1261559466209864,0,NORMAL
46.54430877511558,1,1,579.5126884483416,0.8780421146038082,1,1,0.7446711540130105,37,6,0.8895617542222445,15.33772638414863,54.758637868884186,0.6135432996576702,0,REPLAY_ATTACK
0.469909699204345,0,0,0.5862508451510196,12.282437275119186,0,0,0.1782280183587019,4,0,0.012869142734923423,2.7106129348223855,413.83615629274993,0.045400259867684124,0,NORMAL
37.09975487977281,0,0,6.313866514260102,0.8522989666820417,0,0,0.9945424068153481,24,0,0.7386284631027921,13.061696376828165,5.339623993135888,0.7676464869075356,1,SUSPICIOUS_BEHAVIOR
2.825665917946045,0,0,4.325060159920402,41.1171632308623,0,0,0.19548763684080248,3,0,0.13560524796818388,0.8867121204621529,141.07421454270587,0.18225123036685764,0,NORMAL
24.828663958085354,1,1,3281.402939058131,1.8122586590065535,1,1,0.6062495111346862,39,5,0.6562065042233063,10.680754509812374,27.402778560464704,0.5602531305148769,0,REPLAY_ATTACK
1.2199482168954179,0,0,38.31155685984513,33.43839827322529,0,0,0.01147836873765471,1,0,0.0426432433643189,2.1055240925067435,460.90072719180716,0.1969743132227204,0,NORMAL
0.9983689107917987,0,0,51.72255905935881,46.54104824903649,0,0,0.05178085495862792,3,0,0.07672884612142396,1.0155067897544472,465.7997131643246,0.03251341373269572,0,NORMAL
17.17936747650028,1,1,1360.7834095397795,0.6387744167778908,1,1,0.7839090173033042,17,9,0.6319278554715645,5.833593632730521,25.558718952250164,0.5963886139620475,0,REPLAY_ATTACK
31.57239453579252,1,1,3346.4624379323195,1.834090390532558,0,1,0.7133289261457589,19,18,0.829954770272751,12.042027725148284,12.996281088448743,0.7606193709391742,0,REPLAY_ATTACK
4.1093002964517815,0,0,42.2808457641988,27.019355212725284,0,0,0.16832440150855482,3,0,0.07978994663291872,1.529369168975608,457.8892355173588,0.06363504190174063,0,NORMAL
42.239952816246024,1,1,1328.8435984731973,0.7689420685967291,1,1,0.9184855076071602,39,11,0.627626062087862,19.352502921538854,12.604464123068205,0.7575984930557944,1,REPLAY_ATTACK
54.03223831869796,0,0,9.20514392107855,0.26212684508637085,1,1,0.8367182202040739,35,0,0.9229834776751582,25.91558003276772,12.880522595748754,0.9779763625708054,1,SUSPICIOUS_BEHAVIOR
3.1556931299863145,0,0,24.56004037890258,24.995955575349235,0,0,0.1195616026803028,3,0,0.1254177923317564,0.7474215585217671,465.38803836740874,0.0689573857309073,0,NORMAL
0.48836057003191935,0,0,43.48600629172569,17.562341436746728,1,0,0.19396377292675696,3,0,0.012811272421239793,1.6617236711129126,540.62032729149,0.14204866838545183,0,NORMAL
54.65660518099297,0,0,25.527189664529992,1.1311800841577824,1,1,0.9839895237896013,22,0,0.7125807625225306,26.875826889330014,13.592998371223914,0.927012442081802,1,SUSPICIOUS_BEHAVIOR
3.1211899795699605,0,0,8.226582343739944,41.79773535818643,0,0,0.1373357223448259,4,0,0.0674398359011606,2.1988795914317096,516.8292712302155,0.10197798964112204,0,NORMAL
8.749645490745293,0,0,265.91885345456603,4.638526470850889,1,0,0.539768907781956,8,1,0.26852553704958076,7.28065110176523,113.34066758429256,0.47973512632419296,0,SUSPICIOUS
41.16760394986268,0,0,6.5824691567071145,1.207878133627491,0,1,0.8902110920240826,47,0,0.8173126876568407,18.847543352604248,1.4002489391560105,0.9094011078188649,1,SUSPICIOUS_BEHAVIOR
4.816112697203057,0,0,46.943129043496405,37.151229197883154,0,0,0.07193511224461356,2,0,0.13125130496159554,2.3555025228028312,281.3593625181984,0.09604734269420534,0,NORMAL
41.93404761122581,1,1,2854.630257504107,1.0318746004175503,0,1,0.6871973924337479,26,7,0.8845447200142456,7.983926204979198,17.9961483405075,0.5344691998587926,0,REPLAY_ATTACK
37.80226589384772,1,1,2556.7370925291493,0.20587791965930102,0,0,0.6481588701925179,14,4,0.6177692401188324,18.733708244494835,57.42461681567134,0.7665914764372372,0,REPLAY_ATTACK
46.42534261797,1,1,315.2514616122221,0.1540953291659602,1,1,0.718314616997408,46,16,0.7797479522405906,8.527145640593295,56.18989852062232,0.5164242978688951,0,REPLAY_ATTACK
1.3998954683014209,0,0,29.223715129136153,30.682133745931765,0,0,0.1823570224763543,4,0,0.08542235822048877,2.8464455989650825,206.00624382015485,0.027545660303428223,0,NORMAL
6.081459423371987,0,0,195.6693503889557,6.629605181537939,0,0,0.5295362060684775,12,1,0.21006775449417536,5.234171152599643,73.96665185377435,0.3301183648687933,0,SUSPICIOUS
1.8864208155231132,0,0,55.62005807545772,45.127025076740345,0,0,0.00980092899425471,0,0,0.10619217400517836,2.22277270371706,141.3936195420628,0.14321869649799232,0,NORMAL
17.45299748467001,1,1,2049.540684874715,0.3652640546706363,1,1,0.7499639352035992,18,5,0.6542543841682502,13.327708994654653,24.67460108193092,0.7992267209008078,1,REPLAY_ATTACK
9.603269847778328,1,0,131.0458923649465,8.278194569302315,0,1,0.2419756721311798,13,2,0.20410329533139326,7.003118282064077,82.75083139249472,0.2066751055778993,0,SUSPICIOUS
13.914550645563722,0,0,249.43210778595602,4.750579930070019,0,1,0.3446581311020078,5,1,0.42443307234798067,4.379612765340515,31.991994800230625,0.3039197959288557,1,SUSPICIOUS
40.94793545085236,0,0,23.83880373080345,0.3486677472372831,1,1,0.9285162673285563,41,0,0.8490999096782708,18.597837204615175,6.664285662642358,0.7013435128859228,1,SUSPICIOUS_BEHAVIOR
33.94023199326364,0,0,5.3170859331706035,0.4938740204638915,0,1,0.8340343489094134,24,0,0.7915055946578404,11.17817322131332,5.7403629595609384,0.6194979421415021,1,SUSPICIOUS_BEHAVIOR
22.577593648818528,1,1,1813.5569341501548,0.31486774896857317,1,0,0.9983669659509536,46,1,0.5901343932312585,19.685810109001892,24.968029723662216,0.876865624526602,1,REPLAY_ATTACK
29.589766917530337,0,0,8.814060864465223,0.45914566465536977,1,1,0.709875576029186,34,0,0.7579368520791209,26.684576467379383,8.670613397819526,0.6001145897571641,1,SUSPICIOUS_BEHAVIOR
46.25049383148357,1,1,2708.7545059291388,1.0456418776145606,1,0,0.9931357247673026,42,17,0.5030900565013479,5.39528667531242,25.556219296053975,0.6988223373686558,0,REPLAY_ATTACK
3.536193171566993,0,0,57.39008389796881,49.62975581441916,0,0,0.05988462496062133,3,0,0.028185538319762476,2.21866201012432,510.63798316456473,0.12974938744733086,0,NORMAL
54.46628621988192,0,0,18.959462789499185,0.7667259389240273,1,1,0.9181278187672708,39,0,0.7254630234448431,28.008232761772366,11.669693655241721,0.8648493762541152,1,SUSPICIOUS_BEHAVIOR
1.838915663596266,0,0,49.54900503388576,42.557379244083705,0,0,0.12332439563305503,1,0,0.12638317521977718,1.1872391456427194,404.11891412115364,0.14310119092422577,0,NORMAL
17.807622960357325,1,1,2050.99673770807,1.4011646349274192,0,1,0.7936219210062686,14,6,0.7703740655407881,14.144641888762607,59.25321613694898,0.7198832881476379,1,REPLAY_ATTACK
2.5945885264141877,0,0,38.55391197211149,46.44905308279082,0,0,0.061783544568753214,3,0,0.058730564940244374,1.807895374544104,586.0100149764961,0.14100690445266656,0,NORMAL
34.50366642273899,1,1,2774.4178283914907,0.13689742277505013,1,1,0.9253019804487596,38,2,0.7272130355098892,6.744022268993978,35.816688214466694,0.7335449125164141,0,REPLAY_ATTACK
13.49219144694105,0,0,89.74540662346547,9.530072513421182,0,1,0.26793577332049917,19,2,0.2638751856812917,3.0964956611349237,62.749235426419496,0.3638837314370852,0,SUSPICIOUS
0.023160115023014294,0,0,7.283185089564386,21.43383898018044,0,0,0.08917732397196157,0,0,0.0660651855984069,2.655837291099329,538.6581739194696,0.10504044004615942,0,NORMAL
29.91298422854465,1,1,2482.869515258606,0.19553745367350922,1,1,0.9534080374696675,31,11,0.6137987136222857,10.999270023132478,12.487392215991445,0.8412706433358412,0,REPLAY_ATTACK
19.382092711092856,1,1,889.4506431976864,1.5769034833473359,1,1,0.9965216237644444,17,3,0.7917285629935575,9.145294533502502,17.251836721225587,0.883437405486118,0,REPLAY_ATTACK
3.294619709550757,0,0,30.501632814976798,20.234005452864196,0,0,0.133853658350167,3,0,0.07236354023920932,2.015541605551915,513.5367108129624,0.1463291807839776,0,NORMAL
17.823014401883785,1,1,1828.5463972859793,1.94409944487559,1,1,0.7110469127091925,18,7,0.5117465197872191,18.731403585134295,39.16018955728223,0.5626773335410058,1,REPLAY_ATTACK
2.0470582609562022,0,0,22.0985718304109,58.34227498996427,1,0,0.08378472495858375,2,0,0.1478286199882827,1.7392925251956888,464.86088559512007,0.04846514604926429,0,NORMAL
45.98941824714308,1,1,2390.644766678373,0.9810582069514968,0,0,0.9282803345144254,11,10,0.6718845518649557,18.30953158633265,46.92646262650536,0.5754371993980016,0,REPLAY_ATTACK
0.7244743604561155,0,0,41.848287700157016,45.60070101653904,0,0,0.18176529954337248,0,0,0.10539443646568737,0.8757765562099219,412.4137878687966,0.13338107733684207,0,NORMAL
0.12709563372047594,0,0,46.7750684140052,49.895707980794704,0,0,0.08434252350518329,2,0,0.039376543572474845,0.6103639052186387,411.22539829547134,0.18346978030134978,0,NORMAL
32.46479540582,1,1,2999.3847559792807,0.17083321050701727,1,1,0.8768459986345236,24,11,0.7022442571309635,5.787260972338345,7.302476161268199,0.600471284693537,0,REPLAY_ATTACK
3.6285975419418,0,0,45.8929956925277,54.654510259770746,0,0,0.09279708348807617,2,0,0.14840242710630588,1.2466803934688744,167.96730098611664,0.10642222676740075,0,NORMAL
11.616750607175304,1,0,202.47661906723448,9.686844614278238,0,0,0.4564477860207917,6,2,0.2679394075032185,4.994183074198778,75.11094540105672,0.31896176826934525,0,SUSPICIOUS
10.993792222611017,0,1,222.83125177851855,4.516368780826861,0,1,0.2718113169974667,10,2,0.2523231629649245,5.710176927530591,50.22842138929376,0.29218809297268794,0,SUSPICIOUS
20.24708198502074,1,1,2055.6588030694,1.6872496984144212,1,1,0.6412056316552203,48,17,0.5549998216629697,6.894023418844838,30.3881769224226,0.5120921166564797,1,REPLAY_ATTACK
30.34244787321107,1,1,1830.9770974564578,0.9307344001561851,0,1,0.7129994200691407,12,5,0.5783403107613054,11.76994873483929,52.816317229343426,0.6807516226814678,1,REPLAY_ATTACK
2.542853455823514,0,0,55.66513699171278,44.79495590844012,0,0,0.06648533843487303,3,0,0.0724599367789954,1.7305404582186672,593.4787288717866,0.006084707930817124,0,NORMAL
25.359947248226828,0,0,20.42933787635291,0.8308677826397619,0,1,0.9221555094047348,38,0,0.9326433229017834,21.542609010435626,4.836504642279832,0.9384984189048043,0,SUSPICIOUS_BEHAVIOR
51.82253450009078,0,0,23.517507865396453,0.7617306211107825,0,1,0.8543506494571276,50,0,0.8000660843803943,18.08013246160405,14.86944791779665,0.811695334630844,0,SUSPICIOUS_BEHAVIOR
42.272604718775725,0,0,1.6025001580353182,0.24210540162494967,1,1,0.8047290959482246,45,0,0.9943007049871626,29.952336720810997,1.8982100672018756,0.9919885158436201,1,SUSPICIOUS_BEHAVIOR
0.3793166405433196,0,0,41.708673242855625,13.588790311325651,0,0,0.08537894556466052,0,0,0.12153886957759304,2.8980885883095553,232.9954794439328,0.12928034733315993,0,NORMAL
3.7373546906687825,0,0,32.14966106838487,44.350963325162134,0,0,0.06847902465917192,1,0,0.031555812229475365,2.656085325352892,259.5086252671349,0.09438747315105887,0,NORMAL
40.48777732926309,1,1,631.754117594523,0.7284407456808423,1,1,0.851523920717643,36,15,0.7601425607943445,5.708544105345707,23.185570795364974,0.5371579101683621,0,REPLAY_ATTACK
41.918711871757125,0,0,14.837587536079372,1.1070029202131924,0,0,0.8164484343880951,20,0,0.9953612377403136,15.633636672963366,13.722933204956425,0.7727481558449877,0,SUSPICIOUS_BEHAVIOR
14.996732052420922,1,1,293.64637244094047,4.013315480363766,0,0,0.40732604608100886,9,2,0.36795232867519756,4.941834388357737,43.12822142585065,0.4336677935307715,0,SUSPICIOUS
4.474136752138244,0,0,47.92699414641992,57.284907350014116,0,0,0.016993257977893285,1,0,0.09508341927486628,0.9917213955780328,418.5741500409644,0.03098835706758718,0,NORMAL
1.197809453334862,0,0,50.220799701820326,18.68807965678719,0,0,0.04035898965049139,2,0,0.10159510295034892,2.5789348147761313,528.7125356707171,0.15134098202229393,0,NORMAL
4.132287330538708,0,0,44.18412090393843,25.560874753169678,0,0,0.04952632861428774,1,0,0.11919943385968335,0.8941525669922699,399.84895077318544,0.12587098852578768,0,NORMAL
8.150559693186544,0,0,278.54700176942526,5.014556849183767,0,0,0.5186194216185993,17,0,0.43611699619710986,3.096522083589333,34.39574609886695,0.3143442960083152,0,SUSPICIOUS
3.317508845540279,0,0,26.7541623826049,52.91708383995604,0,0,0.08690619266089908,0,0,0.028728198307522223,1.0530945495167092,145.09265869065874,0.0665313199641783,0,NORMAL
33.60263945759952,1,1,3096.9463224961423,0.9335469128357988,1,1,0.8766813671501383,32,18,0.7438223767679041,15.208244755551608,14.16521032637781,0.7725899918678352,1,REPLAY_ATTACK
33.63053957395549,0,0,17.67602720291559,0.7163065621594027,1,1,0.7321955981422045,25,0,0.8219702724702133,26.270923599966395,3.719314612093087,0.8552043227711208,1,SUSPICIOUS_BEHAVIOR
10.770774426317654,0,0,99.53784920718526,7.362109494620734,0,0,0.2744033727423981,18,2,0.25380600777936557,4.895433615244261,92.04049399800745,0.3064825893467725,1,SUSPICIOUS
13.612493851830651,0,0,134.34205518206895,8.107125427530878,0,0,0.4173957830834535,12,0,0.2363914113695491,3.1576731406561205,47.75594778453616,0.303033284988203,0,SUSPICIOUS
3.005575058716044,0,0,14.980080531551156,13.268307878219261,0,0,0.03636353056746775,0,0,0.0715719563983574,1.0747959271540815,434.21817288742216,0.1914214192000103,0,NORMAL
9.940428669357333,0,0,89.05951157795106,5.2017527643104895,0,0,0.5483562280106666,14,0,0.34457227065080065,4.72986243903513,82.77277271906573,0.49201375873253517,0,SUSPICIOUS
26.67307135359608,1,1,1960.892559452374,0.7383366236892706,1,0,0.799486854483202,19,2,0.842039164249261,11.718504823579316,51.44965835726587,0.7361541493002496,0,REPLAY_ATTACK
5.386849582571916,0,0,121.67662508490747,4.651153111541099,1,1,0.3704400615923441,17,0,0.3806462918379363,3.7159875194012106,76.63664481087989,0.26260028735347757,0,SUSPICIOUS
2.1211100462348815,0,0,52.134299068723095,37.885441312502195,0,0,0.04270857089806828,4,0,0.10805598190983043,2.0342699238593682,491.93203304733885,0.17467683287420951,0,NORMAL
48.02631315551416,0,0,28.24277015453639,0.7332398446688685,0,1,0.8316543429134091,53,0,0.957479364553524,12.987589572756528,7.103288106091712,0.6708580135716844,1,SUSPICIOUS_BEHAVIOR
1.5846100257813882,0,0,7.511147532153027,51.46433996583777,0,0,0.01664461324161446,1,0,0.1366236330495594,1.8795718338354213,216.56302421467237,0.06334342440504322,0,NORMAL
29.03913538620734,0,0,14.957588621736363,0.15229228874213796,0,1,0.7268903634462482,47,0,0.7775591083803169,12.827147497767575,8.346209646013339,0.995422641937426,0,SUSPICIOUS_BEHAVIOR
1.4657386513050663,0,0,36.95912701561074,36.954727636800435,0,0,0.18296842997033094,3,0,0.09670799660727264,1.30744683340952,463.50506426772597,0.03314980307769098,0,NORMAL
16.482342781074962,1,1,1847.487390708064,1.5727041141613436,1,1,0.9032702089536058,13,9,0.8600420367361576,8.264379688242997,38.199542329222,0.7289493989381189,0,REPLAY_ATTACK
1.155373982940357,0,0,41.33311812300544,26.57823495335969,0,0,0.040851293587279285,0,0,0.11208369676328803,1.28913406745581,257.052034423363,0.09118318740442276,0,NORMAL
35.935107026377224,0,0,3.511244480653305,0.4537910035927748,1,1,0.9416073010485327,39,0,0.847710318275599,19.294806190244948,1.225080037633108,0.9348276970228282,1,SUSPICIOUS_BEHAVIOR
27.846091146755505,1,1,3456.1433874627255,0.5834071299592217,0,1,0.9015353036741507,28,4,0.505346248132715,19.182951509147784,30.9190233305908,0.545532262962986,1,REPLAY_ATTACK
2.4226149259551066,0,0,57.457517070322815,55.4971571927196,0,0,0.15200698036063479,1,0,0.09986766022033064,0.8258098667558205,517.7602288961251,0.16754581972453128,0,NORMAL
3.0792504902610824,0,0,25.52960006688452,43.428632336145704,0,0,0.10750802872806926,2,0,0.015593906386858435,2.5595043748013446,358.6338316237784,0.04804543327910907,0,NORMAL
39.843213111639656,1,1,1512.343725936369,0.2610623441173552,0,1,0.978735552870059,47,13,0.8240863344809467,9.836672476975702,5.658890631633919,0.6787275751426719,1,REPLAY_ATTACK
23.215815342458335,1,1,1748.7073177170187,0.32177719678043837,1,1,0.605849617204007,32,16,0.5194405363177981,18.937563190207584,45.21267572562457,0.766286499735987,0,REPLAY_ATTACK
0.7004200761826201,0,0,18.621717535414426,54.6261644977423,0,0,0.11153773823709055,3,0,0.02322640224303411,1.622808534825627,134.63834296932214,0.1007153792677183,0,NORMAL
52.08885275885207,0,0,26.410445875559702,0.17869338101271104,1,1,0.8915876197307276,52,0,0.9757888645986716,17.286587694571896,9.556287079082832,0.7774361865520607,0,SUSPICIOUS_BEHAVIOR
29.797561827746254,0,0,21.669129879886157,1.150117704928127,0,0,0.8705812640709802,17,0,0.8699199084281405,23.5249362412368,8.09197036880093,0.7258177978155691,0,SUSPICIOUS_BEHAVIOR
40.8730989745538,0,0,28.998449767926427,0.10046222296326701,1,1,0.9171903621320551,38,0,0.9286499674786142,12.741488853709457,6.271274969750789,0.6660560392332227,1,SUSPICIOUS_BEHAVIOR
4.541329429833269,0,0,42.501778602902085,26.760402368543637,0,0,0.06193834222103783,2,0,0.08111484469508143,2.17337087690699,429.5550354551601,0.14836129504923443,0,NORMAL
28.723873419737508,1,1,1854.6696668983964,1.5507904355864937,0,0,0.7282039820638455,20,5,0.7940707400642719,14.125813667150496,30.663325156916837,0.7780138126189318,1,REPLAY_ATTACK
0.21579955975288057,0,0,52.71093367808087,55.4727305468621,0,0,0.012181108647036544,1,0,0.11375771573848767,1.4952179455905772,131.38385294677948,0.07209260582985111,0,NORMAL
15.935357648581117,1,1,3517.835726882229,1.8592743195088872,1,1,0.8347557269702018,49,14,0.5150477910206217,19.031715019793772,34.97766179931265,0.8141087755960049,1,REPLAY_ATTACK
22.599617477845115,1,1,548.2870755813128,1.8179717085287597,1,1,0.9034883470027102,42,13,0.5502842178049886,9.473097220062604,23.976813155578444,0.7118693923650136,1,REPLAY_ATTACK
0.10035598888863184,0,0,32.39742781683358,24.902610431972157,0,0,0.11455405533738916,2,0,0.0836137117005213,1.912680707591734,585.875199661133,0.07885164709914905,0,NORMAL
1.353723365717769,0,0,12.810681978640314,57.322825657520276,0,0,0.04734409517076659,3,0,0.14470357182426913,2.2748326835856156,153.0004570025651,0.12283254052323977,0,NORMAL
46.08562912070382,1,1,2502.0641997024263,1.6965776789984655,1,1,0.9423657901728177,33,6,0.5538243402691454,19.93170496392477,19.243525174499467,0.6274108817959897,0,REPLAY_ATTACK
2.600817505559967,0,0,57.08420053239942,27.441026698473966,0,0,0.05200960805048678,0,0,0.14773936626622375,1.204823879378902,521.0333547087821,0.15723653383964264,0,NORMAL
19.66859362609908,1,1,976.9427969242198,0.6882431314526687,1,0,0.6376526000946842,33,13,0.8328425940577406,10.223380526923044,53.04113894400009,0.6144400149681601,0,REPLAY_ATTACK
44.33017765829257,1,1,646.2447294063242,1.64247771724329,1,0,0.7011585093961485,10,15,0.5318014332824552,13.391598672543465,45.35637371791345,0.839750510155383,1,REPLAY_ATTACK
3.1673910991307364,0,0,38.53953155431364,47.712412984104034,0,0,0.12289989205103852,0,0,0.013136184447935734,1.4646486170902726,478.2023492880986,0.07284044452990322,0,NORMAL
4.752057420382794,0,0,23.313486076220745,39.436576106565994,0,0,0.12193638165515548,3,0,0.02410700237864785,2.428307858042125,575.3783607548069,0.09680778804556969,0,NORMAL
43.89530706693537,1,1,890.2998383127206,1.9284449037326141,0,1,0.7548742850444584,22,3,0.7890581758323474,17.556241271851047,48.83617412208741,0.8875811954613171,0,REPLAY_ATTACK
35.6163262065361,1,1,660.2600157891532,0.11619065301099947,1,1,0.7011811405334283,33,17,0.6121159803921562,5.31983110221069,38.41229637525342,0.6280372392182223,1,REPLAY_ATTACK
44.74007813074269,1,1,3200.5518672636777,0.17448284825680216,1,1,0.7169933772419705,19,4,0.5177512030245097,14.698739736414984,48.89092593878169,0.5455524276921575,1,REPLAY_ATTACK
12.366567352187905,0,1,162.40175534779314,6.844234199130177,0,1,0.4614242902180771,12,1,0.4172026376484662,5.8718486211950705,57.60017672818048,0.38078987638569045,0,SUSPICIOUS
3.047821669899484,0,0,47.84556129641569,32.96325985866069,0,0,0.1297365906714729,2,0,0.06701582382594103,2.0075346584114704,122.55561147411085,0.07742610179422967,0,NORMAL
26.12870247703877,1,1,2253.6818945414834,1.4420843967914694,0,0,0.6047507962966131,22,14,0.6479445432962937,16.899474137817315,12.438309906700873,0.7093606674746938,0,REPLAY_ATTACK
23.170142015527922,1,1,1252.5781999298547,0.3442272872531272,1,0,0.8248327605744291,15,10,0.6276168971640628,5.665845562627791,43.29201186387666,0.5332979125474402,1,REPLAY_ATTACK
56.44543080520334,0,0,27.337354672628994,1.3437091559217698,1,0,0.8848537244821023,44,0,0.944083454603835,23.365787722753986,10.385262746094742,0.852019960814806,0,SUSPICIOUS_BEHAVIOR
2.5262618622392856,0,0,2.2002856160125783,30.4814447447616,1,0,0.19162762396089925,3,0,0.057474670283868864,1.2635337463568783,500.1151384426737,0.0056914783687844975,0,NORMAL
23.4683518327659,1,1,3335.4984815172456,1.1710554873424444,1,1,0.7642894279849712,13,16,0.8503526068667168,10.299971547288305,15.540707409759685,0.5863583201180113,1,REPLAY_ATTACK
2.0938526244603657,0,0,59.90085068357698,56.049726054828795,0,0,0.008972111525543404,3,0,0.09207689175115864,0.549026331185634,564.1270279953428,0.009573119781221419,0,NORMAL
46.69399042773479,1,1,1108.1321472740344,1.7826850785590405,1,1,0.7415704780177528,36,14,0.5854059125316475,13.108296774227387,51.839454040064666,0.7286195099397013,1,REPLAY_ATTACK
2.8538915233445596,0,0,26.83215243029014,42.86767410850643,0,0,0.12566942350988888,0,0,0.05753017686509654,1.1316575054282059,578.2260729631048,0.07377650431117784,0,NORMAL
25.181630205912423,1,1,2983.5337319322625,0.7121334601463827,0,1,0.7745737765978988,30,18,0.8335962103077772,19.498365401414745,49.58236899719308,0.874790435884192,0,REPLAY_ATTACK
24.41339095300812,0,0,27.069239203262963,0.1439594817378376,1,1,0.9856371634392611,27,0,0.7993497262666103,13.33908011408891,7.497985172888078,0.9942643829827218,0,SUSPICIOUS_BEHAVIOR
2.916843825485798,0,0,39.47071827618216,38.46886805911414,0,0,0.06338082754412495,4,0,0.05324926737209127,2.240078517472784,258.8055618510927,0.09026734503081946,0,NORMAL
56.133640548271785,0,0,26.819351756493248,1.2055792024417207,0,1,0.8280899182573027,17,0,0.7592819744172576,13.28798610350521,5.185104795710771,0.609066128427604,1,SUSPICIOUS_BEHAVIOR
4.0861110010060795,0,0,41.273143338048804,53.5602241131526,0,0,0.1353234467105013,3,0,0.0359923355585447,1.1850294509638688,283.3847220852236,0.09422207099955078,0,NORMAL
5.80846801643254,1,0,241.83782798471339,7.3871326329266465,1,0,0.4316880140910231,8,0,0.32389761805786627,7.1554220367829755,50.38984636736621,0.31725006478016654,0,SUSPICIOUS
7.729171603243713,0,1,225.56190802463144,6.9194734233371795,0,0,0.4673037748832698,7,0,0.22542784198259658,4.408003051176257,88.05744227701076,0.4283814288876081,1,SUSPICIOUS
2.5170863542742845,0,0,14.022724914625982,45.348824372785806,0,0,0.08980755207399234,3,0,0.07278834062208617,0.8337888783820488,344.5451577779228,0.1875975730918994,0,NORMAL
1.5043915490838482,0,0,33.94391783974746,25.71750565918742,0,0,0.15326944262093048,2,0,0.0030182582779611053,1.1971798156524123,396.94039205806996,0.0880296894448265,0,NORMAL
4.699160618067376,0,0,12.91211232103425,43.70651477680315,0,0,0.1597111676261198,0,0,0.07618461240050713,1.9842644573785866,362.28207531146006,0.17165826711062124,0,NORMAL
28.741938460822517,0,0,21.22615468844021,0.6468969167260746,0,0,0.9452748063548008,58,0,0.9046420518673906,14.383996067788091,7.316430113560235,0.8754558475414835,0,SUSPICIOUS_BEHAVIOR
36.15409910988048,1,1,1085.1902929820005,1.9474219667046229,1,0,0.8747843819947378,34,9,0.5203734319422935,5.36729166078036,47.840746069626576,0.6142845143328199,1,REPLAY_ATTACK
3.8545610187291097,0,0,48.158598587742624,21.748670249797637,0,0,0.0033938258630932918,0,0,0.138632765226399,2.330594785230719,221.35585796732494,0.001762966658894527,0,NORMAL
4.485551299762886,0,0,58.13267131714149,53.228180476133495,0,0,0.012758911250719575,4,0,0.11501525345075035,2.8064310122645,329.30318302684213,0.1214533340202976,0,NORMAL
34.60202616422123,0,0,10.980401755204534,1.0941552486686983,0,1,0.813878093146732,43,0,0.7795884026754164,29.469377929894787,3.263482849820443,0.7685861793797236,0,SUSPICIOUS_BEHAVIOR
0.5205429099228692,0,0,45.66729222258948,13.55791425867164,0,0,0.19912903533486986,0,0,0.12567620713582778,0.9701464161976889,521.073940782989,0.04866038559659343,0,NORMAL
40.874467284811985,1,1,3443.9038592619067,0.3546348121118331,1,0,0.966305545672447,44,12,0.5572482057841573,18.037463732462527,53.44161381087947,0.6130531764608523,1,REPLAY_ATTACK
3.978963347180505,0,0,29.933289207081366,13.546610806688673,0,0,0.06860534251800487,1,0,0.0027537575998835937,2.151818482772879,186.35140165696185,0.12246225776807936,0,NORMAL
1.8009532070563146,0,0,41.367898148235945,35.828631422298955,0,0,0.004369342397240361,4,0,0.133462348544307,1.9618920208432618,301.53424777354513,0.03362821717894942,0,NORMAL
3.8122934287034527,0,0,44.241424643267976,36.482986197280994,0,0,0.050567480138057855,2,0,0.022215119794069114,1.217167187456985,149.5227535001465,0.059360041010367785,0,NORMAL
0.515619344179663,0,0,10.022514474056992,27.030208329064582,0,0,0.048799060470494454,2,0,0.03791487899267461,0.8175839399330793,360.53745639616716,0.1577103684016513,0,NORMAL
1.5900173748593194,0,0,51.72765703592704,58.35633076295852,0,0,0.011244858970194449,1,0,0.10471058196051024,2.431306479406361,179.2625153907533,0.16704585816920298,0,NORMAL
7.536694591216965,1,1,280.7048206611448,9.865727893229966,0,0,0.37457935952924515,7,2,0.3704625022362472,5.727871733727226,108.73937706979298,0.34956346349938794,1,SUSPICIOUS
0.8081435704730688,0,0,1.3274130917398352,31.12742141559723,0,0,0.12855548269598557,4,0,0.03618665040570418,2.2337745926158012,359.1022436083106,0.15258977570231225,0,NORMAL
21.90833365815488,0,0,9.718173604821473,0.8074694493680007,1,0,0.7409353354811375,22,0,0.801057814652826,11.704994835641461,5.703377570196093,0.7390939423054461,1,SUSPICIOUS_BEHAVIOR
2.0946272475227397,0,0,39.38871643989016,55.976551232802485,0,0,0.11908296032402169,2,0,0.0499035269539005,1.5625060353079938,360.50274134132076,0.17886057866372962,0,NORMAL
2.1409207415865716,0,0,7.874692660943254,13.182045464332116,0,0,0.15956093626821452,4,0,0.13948057234408184,2.9006658962301666,139.5768064490487,0.18075345227982131,0,NORMAL
37.36305576787679,0,0,17.824780736389545,0.7611688451133014,0,1,0.8255549159958051,23,0,0.93691908750265,20.220581306173905,13.649548595046335,0.9964571094972547,1,SUSPICIOUS_BEHAVIOR
23.45732818270822,1,1,3124.1989260341143,1.1026400550906474,1,1,0.7264435926008564,37,1,0.601333568256386,18.52062752567617,48.70218275613442,0.589417502241313,1,REPLAY_ATTACK
47.18216476429156,0,0,0.7198783740021908,0.12834913170612897,0,1,0.7194720088644009,34,0,0.9827499789618672,29.726593091026793,12.854816142272226,0.6535085069427157,1,SUSPICIOUS_BEHAVIOR
0.8182797143285225,0,0,36.913166293860655,34.20385348551008,0,0,0.18474627917535524,2,0,0.10519400131325761,1.3097388814509479,331.6104540972076,0.0855681141254106,0,NORMAL
49.42117123845409,1,1,3327.0835567355216,1.6511855058460454,1,1,0.743246486601708,37,19,0.5273524488429726,11.432547996998586,42.68487383135723,0.5001796112527404,0,REPLAY_ATTACK
30.273505623875817,1,1,2190.72996320148,1.4459390394078009,0,1,0.7538262997726499,44,17,0.8560275833258015,16.85013524042668,35.98730460396493,0.675954735545816,0,REPLAY_ATTACK
13.529561136737488,0,0,241.95100955924278,3.2317948093254714,0,0,0.31029185479230237,12,2,0.36706719148192835,7.721330798277754,41.38742226441681,0.2756044201037158,1,SUSPICIOUS
57.401767855629224,0,0,2.5099023015354947,0.16401726066718175,0,1,0.8113578959945573,44,0,0.9694203571519847,27.194077764094878,2.5611386611739624,0.8497575185759582,1,SUSPICIOUS_BEHAVIOR
42.07128913576415,0,0,0.9552523364429355,0.8447745198670009,0,1,0.7591617691693002,40,0,0.8223013268551412,27.19645763080322,11.876072939705566,0.8632395539230013,1,SUSPICIOUS_BEHAVIOR
3.675355219019429,0,0,39.404199872477534,25.94334091605694,0,0,0.12965950545976032,4,0,0.08398357977686781,2.6834786447730483,553.911214362857,0.1260801852071999,0,NORMAL
14.882034927269741,0,1,259.73418804093734,8.379911821704138,0,0,0.2965856912796864,13,0,0.20277269437432346,6.013649002538009,101.98465086449114,0.21577744137220356,0,SUSPICIOUS
41.14502051485556,1,1,3561.178898520944,0.35623381887389627,0,1,0.7317147895360169,47,19,0.8779243417864555,10.18573541714326,23.212713140887733,0.8222150552326057,1,REPLAY_ATTACK
1.0256982024100358,0,0,55.135592018373266,15.090184147476844,0,0,0.08135474971440104,0,0,0.005754233218196197,1.5843092570785526,388.9159026158652,0.09410101579846544,0,NORMAL
45.76821927362769,0,0,9.392495080540561,0.8920190758820092,0,1,0.8967503162852216,54,0,0.7794320993881828,13.273805678076062,10.91011284203881,0.9494757453560334,1,SUSPICIOUS_BEHAVIOR
1.6103958279158914,0,0,50.52199766258528,15.268246112542823,0,0,0.1638991370772105,4,0,0.03840317595922696,2.6466801373237403,463.7102656413879,0.13541639439022163,0,NORMAL
4.75357153204958,0,0,32.514056842701486,22.34893995359999,0,0,0.09468713187500429,0,0,0.0639477440986052,2.636421660081602,488.57324310041054,0.12504230677150302,0,NORMAL
0.7718135763710116,0,0,57.78690669535043,48.699568907638124,0,0,0.19681789279330286,3,0,0.08352275404174613,0.883412068539364,301.4248107078164,0.15926003719353274,0,NORMAL
47.37796193852788,0,0,3.6670257856357824,1.1705094562265002,1,0,0.9941346695909179,40,0,0.8452417381353835,19.37232040999986,10.374361032079333,0.7306261819835393,0,SUSPICIOUS_BEHAVIOR
13.262691498625811,0,1,133.75804343705988,6.7934050816846225,0,1,0.40326292262405905,14,0,0.28571942856973437,6.7830124914692735,63.512966840574244,0.3319462213499733,0,SUSPICIOUS
49.97279492083646,1,1,491.22066615630627,0.45207775869547573,1,1,0.8770172552824147,28,15,0.617033418935472,12.088970582632413,40.672470881462154,0.6405900846031146,1,REPLAY_ATTACK
37.965587538375644,0,0,22.791349810169024,1.4870150773466473,0,1,0.9380563793920973,41,0,0.7148892582035893,28.255164638934772,5.414268602786044,0.6880050394605541,1,SUSPICIOUS_BEHAVIOR
21.513152155792113,1,1,3020.784878641153,0.1852969173113993,0,0,0.696753859193115,21,15,0.8888547831085751,7.398940995192813,28.70585189553631,0.8973736197478245,1,REPLAY_ATTACK
8.11041705056984,0,0,272.8162540670171,7.36148373928966,1,0,0.5814288895340635,8,2,0.23874092121990032,6.751944635453508,93.43525777656029,0.4972752424383537,0,SUSPICIOUS
36.267623414151515,1,1,543.9702895019166,1.5736873253782853,1,1,0.6021210043731384,13,17,0.8355659335541195,13.501135226790105,14.447107456351338,0.6241583441138074,1,REPLAY_ATTACK
56.810847904061546,0,0,4.7154741482512055,1.4916867767363544,1,0,0.8224042500994806,39,0,0.9702384100788608,25.258866683446005,7.8459283295026765,0.9339498025075972,0,SUSPICIOUS_BEHAVIOR
24.735387089264705,1,1,1253.546766242519,1.764726607494762,0,1,0.7923210031349013,44,12,0.7836486431355445,18.973421635527608,15.471071364864393,0.7546578103558172,1,REPLAY_ATTACK
1.1861339586799724,0,0,29.817808974349816,43.89066001550221,0,0,0.11575129527199986,1,0,0.050121453357579324,0.5381620991150744,292.86821478669026,0.10480753397351739,0,NORMAL
3.343216099622155,0,0,49.34883381806166,28.95470243359681,0,0,0.04234287442959417,0,0,0.12112169034778633,0.9530451090340432,294.3957482731248,0.06436932704026406,0,NORMAL
13.131050471108438,0,0,107.09175628087087,2.7981040323050683,1,0,0.2396225736863952,13,1,0.2526534357396489,6.312484365921392,115.59816116103687,0.38404783155559385,0,SUSPICIOUS
0.8664716003542289,0,0,43.89537130531991,29.72880377988232,0,0,0.191774374638082,0,0,0.13191940402678384,2.137352761418304,549.6320270093828,0.14370626362444922,0,NORMAL
3.9458561930366916,0,0,46.92168526022316,31.636456800985233,0,0,0.12512998258829064,1,0,0.13070003885104237,2.862461963889608,532.5285997601045,0.162883839442935,0,NORMAL
56.5143475985755,0,0,25.289172061456895,1.10406164561538,1,0,0.8599129863665749,19,0,0.8369811458785196,23.8319422820402,11.678707355696258,0.9821848574515114,1,SUSPICIOUS_BEHAVIOR
38.945230219384385,0,0,26.92016896706306,0.14965741947833316,0,1,0.7937566813972919,58,0,0.9555792247371683,15.122141209209122,11.918370200283187,0.9293905503952853,0,SUSPICIOUS_BEHAVIOR
3.4075136111196462,0,0,39.0120655438892,24.665430539028236,1,0,0.18139710368764875,3,0,0.12308646590007745,1.1305060053983271,210.72829571831866,0.09882514822825413,0,NORMAL
9.50390076405931,1,0,245.933189426242,2.6511225330638633,1,1,0.5819631635740014,18,0,0.23930436633008434,6.181740626335283,66.01345985152606,0.33011811879380487,0,SUSPICIOUS
17.600448838257698,1,1,1392.2288032855738,0.48953652725697105,1,1,0.9047484535814957,12,19,0.5739700306836676,18.47741457622311,21.144991109223174,0.7224295451489159,1,REPLAY_ATTACK
3.6628604860512515,0,0,16.384248598368746,49.3102826130529,0,0,0.16102384175093298,1,0,0.13459477436246078,2.4321848409546325,311.5724637875645,0.15883254176752193,0,NORMAL
57.80645828711587,0,0,25.093376887788384,0.5784606432179878,0,0,0.9550356604168335,52,0,0.7810441241482329,12.749867090600645,2.900325437652795,0.6641415938751092,0,SUSPICIOUS_BEHAVIOR
39.72782079151717,0,0,6.41138924557737,0.47142891816858645,0,1,0.97455811342737,29,0,0.9990476310433721,25.542871370450918,6.372367973179639,0.7024867728662361,1,SUSPICIOUS_BEHAVIOR
24.342214310905938,0,0,17.116585648499168,0.10729752586769492,1,1,0.7715177326567029,46,0,0.7683143615547227,29.12399740028808,3.8897241476865334,0.8964341640602758,1,SUSPICIOUS_BEHAVIOR
45.66948179256093,0,0,11.291118818948028,0.1342505838625068,1,0,0.9253461110936735,39,0,0.921105590937358,12.218634865285797,11.88205276005783,0.7533442076540148,1,SUSPICIOUS_BEHAVIOR
35.9858481791055,1,1,759.6189613760591,1.6146383106964912,0,0,0.69386074772123,25,7,0.5157925179093539,11.455242468956412,24.4741828430116,0.517890849306156,1,REPLAY_ATTACK
47.90539291330657,0,0,15.91389000122446,1.066183887111649,0,0,0.7730485777555546,43,0,0.74466616078713,22.71477664053467,12.059672120865205,0.8796308733117698,1,SUSPICIOUS_BEHAVIOR
44.457369469578964,0,0,8.931595441755508,0.3012992422226691,0,1,0.7442930477911476,18,0,0.7967413338538404,18.0966439169967,14.280163954862017,0.9323612013846313,0,SUSPICIOUS_BEHAVIOR
55.77559414793963,0,0,11.229766938385614,0.9060501169284347,1,0,0.7872114567713147,21,0,0.8758017859103858,18.619510495336847,4.022010610712973,0.9211393691878914,0,SUSPICIOUS_BEHAVIOR
43.87606092852056,1,1,846.3521920190432,1.7378268031321162,1,1,0.8737365051298849,38,19,0.8595757791669794,13.741212111410638,24.019620236860238,0.5493421485799183,1,REPLAY_ATTACK
37.26506829537312,1,1,2281.1175726179786,0.985304290094571,0,1,0.8320026301409461,35,11,0.7281419276604925,19.543797033631925,48.37810678519064,0.5657433765462204,1,REPLAY_ATTACK
49.355238930949675,0,0,4.231490707495205,1.4110249919364601,1,1,0.787572884137103,26,0,0.9734823570872466,26.208547381296366,3.4763611622323194,0.7686117459388109,0,SUSPICIOUS_BEHAVIOR
6.34431082835734,0,0,261.38918474547955,5.4966246620598005,1,0,0.5572554873517734,18,2,0.34678166776928243,5.367698234494453,64.99156070652623,0.31825113637505187,0,SUSPICIOUS
4.360619544720757,0,0,5.087520962748194,39.678046768939296,0,0,0.15902205650534496,1,0,0.02650234712644578,2.285382865980435,490.79896612623065,0.04167673580176508,0,NORMAL
55.48567994776575,0,0,3.2103201781326263,0.8588587783755284,0,1,0.8696416394650751,34,0,0.7605715361545572,15.404095266082633,4.4301212667041066,0.9172457506758767,1,SUSPICIOUS_BEHAVIOR
29.341141040008477,1,1,3403.614647450223,1.906903823577131,1,1,0.9838560847062352,18,18,0.674263118962602,8.58164699138963,53.204488504359944,0.5295385670701052,1,REPLAY_ATTACK
30.241095967620183,1,1,3199.316351664402,0.32927955424300537,1,1,0.9268437580768456,41,15,0.8186893453237459,9.039772420389266,46.34808999407189,0.8993980028589079,1,REPLAY_ATTACK
11.783931464059073,0,0,155.50974655098463,5.4702752176589815,1,0,0.3605301775764896,10,2,0.49784433867666156,3.3893503215318317,43.53112872585899,0.4643748584967817,0,SUSPICIOUS
14.695265233240068,0,0,212.17212199361265,5.426742355479684,0,0,0.2948592292946009,5,2,0.4535321897016236,4.232299348187525,69.73560689602539,0.46309664929219563,0,SUSPICIOUS
4.770255136293612,0,0,42.54277570334596,42.92702578350274,0,0,0.021342363820470858,1,0,0.06824261652629995,2.5279065096978304,481.15317778534427,0.09761845205299519,0,NORMAL
26.305441433319224,0,0,28.016803144495903,0.9461060649456866,0,1,0.9081178184387326,35,0,0.8747805222257101,26.95875515517257,13.604369975268868,0.8265003471488028,1,SUSPICIOUS_BEHAVIOR
22.66491981690968,1,1,378.22730156917044,1.1373867504141593,0,0,0.9874763109722579,37,17,0.5740508602292872,13.397505873494564,8.61171615380808,0.5107585554307428,0,REPLAY_ATTACK
34.32684779791282,1,1,2717.4343403662115,1.8281690542423867,0,1,0.9719722651502815,47,12,0.8794105316977425,16.000543272614056,58.10041412743129,0.5323036359769153,1,REPLAY_ATTACK
2.4689779818219537,0,0,10.591681920330496,49.64272095169197,0,0,0.08757997742858246,2,0,0.029935742384390812,1.0528690252767334,558.040424603915,0.07460141997571215,0,NORMAL
5.256322498844225,0,0,106.20717970515346,7.992924632206965,1,0,0.37621465924935127,13,2,0.43001350232621527,3.5174875179678384,61.245015570686334,0.32356948928298096,0,SUSPICIOUS
0.07272332833940964,0,0,16.488362132888167,13.645091768395176,0,0,0.055826094154853935,2,0,0.1351361595400486,0.7827493485595561,399.05594745819593,0.1212633894749064,0,NORMAL
2.2038137346911406,0,0,32.7016151338163,39.08111464945968,0,0,0.08453732393148515,1,0,0.05135011236914861,2.5268261630760316,495.6727501549808,0.019838906022575722,0,NORMAL
30.43324320100035,0,0,24.618767792015838,0.3123892617054578,1,1,0.9340619716603573,53,0,0.8943426394065733,14.612969483705784,3.2653469392471863,0.6601593090453121,1,SUSPICIOUS_BEHAVIOR
47.20674099184738,1,1,2836.5906406783943,0.1230149205897939,0,1,0.8296488375096087,39,15,0.5016342619858851,9.72350949297396,38.59790180816395,0.6169367301283599,0,REPLAY_ATTACK
6.288130737629881,0,0,255.37246234114312,7.811530864859334,0,0,0.3061369899227733,8,2,0.2595202187737149,7.068139401114901,109.94932332323599,0.47066608596211224,1,SUSPICIOUS
0.5073577143301605,0,0,40.99772259639031,24.001866477524473,0,0,0.16036803369056118,0,0,0.041951078481966476,2.0917322858948544,160.27102110187647,0.18556201232953928,0,NORMAL
1.860090428963916,0,0,10.185474305252445,31.526466923110377,0,0,0.1735959253461806,4,0,0.13986659675660262,1.9429993660564036,445.7027238807171,0.04029229915863208,0,NORMAL
1.8665465813987647,0,0,49.0671197914167,54.704715126662535,0,0,0.04215261988598125,3,0,0.11239730327136516,0.8592190629605319,575.0655752893873,0.1750069062490517,0,NORMAL
2.1449701368750915,0,0,14.922856355257794,11.272387995287543,0,0,0.09158005902541429,0,0,0.0168913844023831,1.4431299642892386,348.64238087729575,0.06429249558956089,0,NORMAL
39.33963580950737,1,1,2746.291413312865,0.4390969790068324,0,0,0.7466047022235622,21,13,0.7936589588392373,11.011012681915522,46.63820060605896,0.8716468875481803,1,REPLAY_ATTACK
10.066912010062987,0,0,167.8443160150911,9.014782193232897,0,0,0.46318033124776564,12,2,0.3266015752537169,7.19929786337021,35.503156294291756,0.4238798183996615,0,SUSPICIOUS
51.96908425166107,0,0,5.855814428277766,0.8937306658943341,1,0,0.9459646393778343,47,0,0.7183634520966937,11.704805955923078,11.509103619037354,0.7550966113307493,1,SUSPICIOUS_BEHAVIOR
0.41399333962563234,0,0,7.100171455403239,19.762030147824603,0,0,0.08007132536796613,4,0,0.042381129549366535,2.4799025361667892,424.346426885272,0.11751235442995966,0,NORMAL
47.967727919255054,0,0,11.28495331293233,0.17973401421395363,0,0,0.9715401624532557,41,0,0.8610155882218654,26.090591994500013,13.558039121287965,0.7798131383941229,1,SUSPICIOUS_BEHAVIOR
18.668904733287246,1,1,1317.4672920051134,0.1483214485876863,1,1,0.9878504076664784,28,19,0.8711646360385663,19.163927952006915,29.746626417642663,0.7939420823233512,0,REPLAY_ATTACK
2.12065335651193,0,0,20.982193784750972,36.072981936073596,0,0,0.0756631214330519,1,0,0.04697730760554527,1.5453289994840567,455.86227703408184,0.10731093420215987,0,NORMAL
35.871926778853606,1,1,1039.472552207411,0.43255917705425495,1,1,0.8750169042209164,13,10,0.5987939670844127,6.934502657774511,22.249406245821724,0.8688038481959108,1,REPLAY_ATTACK
1.5476380814316388,0,0,1.5385239483861413,38.67644757277866,1,0,0.04657171137521885,3,0,0.1183935982015657,1.5461237429386452,199.07232426610756,0.1816517109354132,0,NORMAL
3.2057381644264864,0,0,50.45229476555536,20.45927327039639,0,0,0.047006259762383734,4,0,0.10126948287666294,1.675810119843016,506.01739550293485,0.06434740597165556,0,NORMAL
28.843860672639877,1,1,2142.882362243963,1.7822393662543283,1,0,0.6895239700382123,22,16,0.885146227912579,19.379861217745024,37.28198293728761,0.639789320455669,0,REPLAY_ATTACK
3.2101582307714387,0,0,45.49579175574136,58.840016425532966,0,0,0.060898084870806085,3,0,0.08003316503303691,2.3913464587382665,264.55632949701373,0.006421916096411651,0,NORMAL
44.09018935072899,1,1,632.199075513832,1.9332988346078492,1,0,0.670894109656117,18,3,0.5265522429117404,6.133023811230041,5.657924462730891,0.7982965410517284,1,REPLAY_ATTACK
36.88059323355033,1,1,2160.6031127232136,1.1143169746555355,0,1,0.6164351131869701,38,6,0.8784062421073449,15.785865815204911,36.16488630320123,0.8566837307139756,1,REPLAY_ATTACK
4.072342412944679,0,0,21.554002163985942,32.32097582007911,0,0,0.1619957487366945,4,0,0.03421505668535777,1.222024924885224,457.0066504221557,0.12800975938601128,0,NORMAL
3.362592280385192,0,0,27.131941697006116,11.547789545967177,0,0,0.098203952533782,3,0,0.13426277591494717,1.3747386591184967,551.7374805858409,0.003691283808604529,0,NORMAL
52.69905757219683,0,0,29.56034156061932,1.2015153926904063,0,1,0.7689968839874336,42,0,0.8005580305516146,28.05756002115573,2.6049340019546046,0.6029594112769517,1,SUSPICIOUS_BEHAVIOR
2.0630883845571324,0,0,4.40980483980076,18.34301008493764,0,0,0.11384129262588555,0,0,0.11492356523741669,1.2239567616768179,580.7600110282037,0.15253069798229688,0,NORMAL
49.68370370232978,0,0,23.669315635568815,1.2717151016074701,1,1,0.8505694541207993,34,0,0.8405908125566829,10.793308193824306,14.294329934030191,0.6518546008589705,0,SUSPICIOUS_BEHAVIOR
11.57494229984942,1,0,210.89885419873704,6.4272002146673195,0,0,0.5658782974084858,7,2,0.48624611813575336,4.74047773753937,109.82391566854548,0.354837375260746,0,SUSPICIOUS
52.00632946659185,0,0,7.344351938524067,0.708303771207026,0,1,0.9429644757117133,49,0,0.9130106753806604,14.060593304662278,9.973274669273053,0.7073324260477302,0,SUSPICIOUS_BEHAVIOR
34.647055675830714,1,1,2153.1119402494987,1.2921248857113519,0,1,0.9171323008401696,22,13,0.6821632455925147,9.027892035291167,43.66588673955827,0.5678113805637491,1,REPLAY_ATTACK
10.570659326839172,1,0,250.13208795728443,5.133558204086715,0,0,0.5283413218778653,18,0,0.2634561553232682,4.04371266714195,94.73416553537533,0.46556869526335176,0,SUSPICIOUS
30.666386335528045,0,0,2.6243881725278415,0.15478515627740314,0,1,0.9310478569258458,19,0,0.9426727888269328,14.29108415285582,8.979226029820655,0.9543598495582998,0,SUSPICIOUS_BEHAVIOR
1.4046725484369038,0,0,25.28142013662421,12.597828877713422,0,0,0.14742648279132783,0,0,0.07546089004074136,2.5980198825986474,560.2072824824613,0.057212010331857105,0,NORMAL
38.73875211620981,1,1,945.7475819850504,1.9273278344920253,1,1,0.722575676369311,32,10,0.6296325836676029,13.791000389916883,33.41711850689418,0.6627343069291094,0,REPLAY_ATTACK
5.377829680645951,1,0,118.52138392702571,7.62280658716826,0,0,0.3371740463346821,13,2,0.3961413978152992,3.3680913076684083,115.05712780270487,0.3853577462186768,0,SUSPICIOUS
1.3869059149056633,0,0,13.636177635789089,48.08990956888486,0,0,0.11365372325375367,4,0,0.05461815852622581,0.5708436259584616,572.845491487337,0.00909730829445492,0,NORMAL
1.4092738738669996,0,0,35.57705108609564,49.919017025917626,0,0,0.04765793411061832,0,0,0.138333497723229,0.8731700316731181,466.0287451450069,0.09895887098837469,0,NORMAL
3.719731462863385,0,0,29.29446822130669,32.38367127052092,0,0,0.03495625697498677,3,0,0.005654608563400593,1.1860315790892044,515.8671187569216,0.11805981435111992,0,NORMAL
2.931149160083986,0,0,44.246026123289134,59.0571865895911,0,0,0.13257195752693315,1,0,0.0017669814429963015,1.3694252440110946,284.6954478801645,0.12191370677969282,0,NORMAL
8.872911736753299,0,0,231.5654338080982,2.4137670604372277,0,0,0.2373040480723327,15,0,0.4064854011104024,7.308163031227737,45.79094731772469,0.2981298996200238,0,SUSPICIOUS
0.13547996251741745,0,0,17.852907079129235,39.55651516292582,0,0,0.08961709745661531,1,0,0.014048617891121173,1.342304782691864,385.892032250226,0.08788964465858407,0,NORMAL
3.5182892969001185,0,0,40.81369454587748,28.45265108804583,0,0,0.11417078725575232,1,0,0.03972244826674782,1.4348467840094365,365.5044192204564,0.07951837386212933,0,NORMAL
14.546375133600558,0,1,178.42662702785725,8.839335668478167,0,1,0.3705559579077701,6,2,0.4016446060797222,7.75516462374303,53.20830031932077,0.26385523128797417,1,SUSPICIOUS
8.29542133523882,0,0,60.89882273070835,9.918939872303147,1,1,0.218372012891636,15,0,0.33906566699080576,6.43410607996148,88.97092361187097,0.4606612386618159,1,SUSPICIOUS
2.4631255214542955,0,0,55.85692173041867,16.959835067284775,0,0,0.04349058644344719,0,0,0.02856202440373653,0.9586447118971626,363.3264557170533,0.13602193968665546,0,NORMAL
2.5941902856303605,0,0,58.07160209070183,48.581345548930386,0,0,0.011325111475511608,4,0,0.08487946103394292,0.9499990415267172,154.32145167918497,0.058148773178134786,0,NORMAL
0.45791036663317075,0,0,39.41730937602837,53.26478794544562,0,0,0.1368870722138615,1,0,0.018457818538548738,1.1456608947179088,216.00428213411885,0.1674479999030919,0,NORMAL
26.91633074416427,1,1,3072.1947603116155,1.798331487237169,0,1,0.6273988299050716,43,2,0.8064601899212493,6.5225124496666815,7.20024322229949,0.5258585678499892,1,REPLAY_ATTACK
0.42069982497524416,0,0,1.4752149875280907,15.536029666315784,0,0,0.19658937591094017,1,0,3.61507027701824e-05,1.1434136460040851,397.5502973613666,0.12877358551102527,0,NORMAL
3.1615291529678973,0,0,7.732192048406712,41.04642837392156,0,0,0.008066770427690396,2,0,0.054327240419122735,0.58199968569224,473.41435141604234,0.02192563888068795,0,NORMAL
30.906719610725762,0,0,27.533868783320393,1.3517506377571264,1,0,0.9377052893064791,39,0,0.7742852197182832,22.321762382596564,8.06633970301275,0.7457298420461607,1,SUSPICIOUS_BEHAVIOR
1.683021390969603,0,0,18.708967985115574,16.27751073813267,0,0,0.11291881625806431,4,0,0.09100339847968288,2.789857509885131,258.3417448550909,0.14260629127502078,0,NORMAL
38.640140574120515,0,0,11.360719899990068,0.4941490561496521,1,1,0.8160310625808873,26,0,0.7294046295630355,16.8718084346661,11.415914609509983,0.7332466231554838,0,SUSPICIOUS_BEHAVIOR
6.920419935590041,0,1,84.01552117596799,4.781373931751291,1,0,0.4695777796292094,19,1,0.42890581934470023,3.9467386181492934,49.552191523279234,0.44574159132548963,0,SUSPICIOUS
14.247474758643616,0,0,238.831859639616,6.5213860497914995,0,1,0.4077811066070225,7,0,0.2886131011521848,4.267530944625073,80.57082927012837,0.22201520499560257,0,SUSPICIOUS
29.107465037183935,0,0,2.8699075925652497,0.5965391572544346,0,0,0.8901920225321326,32,0,0.8735795472034292,11.887724008403378,4.703227060194087,0.9816867267338827,1,SUSPICIOUS_BEHAVIOR
33.324788216622174,1,1,1793.274210315629,1.224747926464511,0,1,0.7574775813590034,43,16,0.8078354083667427,13.749129176251886,12.942346571693847,0.7719821999494962,0,REPLAY_ATTACK
4.828160165372797,0,0,4.617192097752549,40.42636363482333,0,0,0.033251066069940126,1,0,0.13721239930914905,1.9207978776948138,395.27980076890367,0.17179727820642338,0,NORMAL
0.7495871367438689,0,0,18.924413744880763,31.640800110473464,0,0,0.07506426915460276,1,0,0.05915117195259964,2.421052677793105,382.8537523885485,0.19816027118918758,0,NORMAL
41.74160950922284,0,0,12.876323386250991,1.353623439273391,0,1,0.8606610033391584,55,0,0.7213722145727797,16.778514339394192,7.2159862904541665,0.9154997916005085,0,SUSPICIOUS_BEHAVIOR
28.438771588467976,0,0,1.881647727041652,0.5473686880297691,1,1,0.8833625958446627,18,0,0.7085830430797705,10.509827780595348,7.150428310007138,0.8997678021604762,1,SUSPICIOUS_BEHAVIOR
29.54237559378936,1,1,1853.8347562994486,1.0857152262426808,1,1,0.7215045864071117,39,11,0.6861191533133002,10.635803519595793,31.438719156847966,0.7702155086171177,1,REPLAY_ATTACK
45.61389385190948,0,0,23.926966576035657,0.3164010120646745,0,0,0.7442149802792045,48,0,0.8737383750266531,26.379267360549527,7.368833688468461,0.9458165011590156,0,SUSPICIOUS_BEHAVIOR
26.65159816255771,1,1,1988.697530270895,0.5922028834099197,1,1,0.7761926757193657,23,3,0.6432540719577904,8.92981895289606,7.406343500371543,0.5644318805982856,0,REPLAY_ATTACK
4.769642885012937,0,0,46.59581116750451,11.733513336324165,0,0,0.08414731251372337,3,0,0.003051162282326647,0.5779372727798031,394.23360740788934,0.00018860850549806685,0,NORMAL
36.09220703633709,1,1,2525.5091480665087,1.2900956923178322,0,0,0.6305959093016528,16,10,0.5801074424713693,11.31852322850892,29.50171857395848,0.8090995153999354,0,REPLAY_ATTACK
0.8446753153608227,0,0,11.512039483124575,41.477884844586825,0,0,0.05362864592238417,0,0,0.10044168848062764,0.509299152045148,231.49121509944035,0.05385408486104153,0,NORMAL
8.621787575581461,0,0,245.6830431550202,7.005337445052745,0,1,0.529975391926959,8,1,0.2929041693054368,3.5361790088476175,117.21116671527,0.37119325476351345,0,SUSPICIOUS
25.506370731265314,1,1,1478.2166306093327,1.4806103537203104,1,1,0.8216008326742384,47,14,0.7005674835391602,14.767515171237985,37.14804423114496,0.5554763597669219,1,REPLAY_ATTACK
2.9679622677702433,0,0,7.662809018114089,57.83999077421431,0,0,0.005321673215536827,4,0,0.04018103742261612,2.237051824679302,190.25907196270452,0.16699390989623716,0,NORMAL
53.31990968957672,0,0,20.46687802729752,0.933447364096053,0,1,0.9429352080214941,51,0,0.7107587195363976,21.574357108797372,12.123081870246383,0.9169647988736275,0,SUSPICIOUS_BEHAVIOR
5.455501559653525,0,1,209.4225111750456,7.657100143485492,0,0,0.5366767072388015,5,1,0.3195977862555236,3.1440068528466676,119.6270786260346,0.49079903760549815,0,SUSPICIOUS
49.69535324151392,1,1,976.371362295944,1.9868210617629853,1,0,0.8454709506707582,28,3,0.6913439849105986,15.885617257365338,20.6125622023169,0.7680004452705912,0,REPLAY_ATTACK
0.6818573779338488,0,0,46.831530914631706,12.511300573198689,0,0,0.052710295899355566,2,0,0.028361648066752326,2.045865767613644,499.84930735312054,0.12030970127594123,0,NORMAL
1.2092614545022584,0,0,42.4903253187169,43.249245173799764,0,0,0.055113355261835695,4,0,0.08696056724096579,1.182899050924863,367.16615778839173,0.17153119764836547,0,NORMAL
27.49606900446023,1,1,313.59539739581055,1.5477025279862804,1,1,0.6634188346997396,42,19,0.7976170727200005,9.919975225565596,59.588994914410215,0.6410233021884034,0,REPLAY_ATTACK
1.3113202214991255,0,0,56.44075470692043,11.259670697961468,0,0,0.19045201567246475,3,0,0.004623692804905538,2.6447229631156,308.5371102377784,0.10048055869602535,0,NORMAL
34.75285105214664,1,1,2748.8338304086155,0.23231883254150543,1,1,0.8735080048352568,35,10,0.6923670703634611,5.303471925576684,9.163617488700742,0.6023395395146519,0,REPLAY_ATTACK
13.192305768401022,0,0,163.16552858669095,6.897198572907122,1,0,0.38565407487949277,15,2,0.38385643218900917,7.5881659546085505,38.78212526186425,0.3060913589420331,1,SUSPICIOUS
2.6385055454314994,0,0,19.621989693794323,36.66933143826813,0,0,0.001965510513957569,3,0,0.08554687617397558,1.338893004241643,320.62538092153295,0.0819036960557428,0,NORMAL
2.717764305569943,0,0,15.588792524702054,17.348135479410484,0,0,0.1959910894716557,1,0,0.06972821712199061,1.5329861970069942,425.99942540839834,0.11667724646554961,0,NORMAL
0.6974693032602092,0,0,17.840940442353045,38.0084091730921,0,0,0.0870792646799503,0,0,0.03203062168259271,1.3398653834473346,277.92275023787175,0.10732465594709878,0,NORMAL
0.5940895813403596,0,0,39.53312821395943,30.088940032716213,0,0,0.19093327137581378,4,0,0.011887440919489322,0.5348725467297786,141.48068828459432,0.008394545248701202,0,NORMAL
11.605324154364862,0,0,221.92175808555882,6.746168743903938,1,0,0.27703043893873613,5,2,0.4035280001026211,3.958496355808172,68.11716830709204,0.38447302574058223,0,SUSPICIOUS
1.9156926412474873,0,0,55.98679988061346,44.729771362664266,0,0,0.12450939809245634,3,0,0.013157646257994648,2.178420022241989,190.51035306133403,0.08157200511818269,0,NORMAL
5.420057674188119,0,0,115.4256862129761,2.5868860761353565,1,0,0.21735867766242076,14,1,0.43719785781368325,4.6298952188440605,57.41219523785241,0.321537822001058,0,SUSPICIOUS
34.245566480598725,0,0,27.444454475736833,1.189855675881259,0,0,0.7363146328517015,17,0,0.7345877716167336,12.007918381057221,2.774586738755811,0.6208445314439346,1,SUSPICIOUS_BEHAVIOR
4.1062865233600645,0,0,23.668576714202118,43.98101663675539,0,0,0.18244164735630514,1,0,0.025289857265105523,0.6746548017116543,281.8741204012042,0.18019269920775277,0,NORMAL
37.524893883234526,0,0,4.4944885813830995,1.0667092848155904,0,1,0.7963537776902392,15,0,0.8832755732551784,21.51821516737274,2.937670040138385,0.7431184115278768,0,SUSPICIOUS_BEHAVIOR
2.087055015743895,0,0,43.4052068213151,18.111670289123968,0,0,0.11184362635369163,3,0,0.047588876153530135,1.7743926672521786,162.24289320549707,0.09455866906031661,0,NORMAL
22.85995603392083,1,1,1590.1073555346281,1.06008763077206,0,1,0.866827287300715,20,12,0.6373323756609701,14.701138791268216,20.10659763689561,0.7400576153730056,1,REPLAY_ATTACK
27.56950410180993,0,0,28.17592298477286,0.995074268901968,1,1,0.881826802166961,23,0,0.7972702379122248,24.742481456267935,12.669169396383172,0.8877949881430448,0,SUSPICIOUS_BEHAVIOR
1.779863393256308,0,0,33.321813056257874,22.880361016686095,0,0,0.0517584816729048,4,0,0.1300282819540599,1.490618367041015,437.26743391184436,0.023845715563571734,0,NORMAL
8.683745075847341,0,0,281.90700775991326,2.724682860368814,0,0,0.24490910333156385,12,1,0.20348798038561,6.675579124201979,68.68359283272437,0.20360274892527924,1,SUSPICIOUS
1.4285604314093037,0,0,58.63045105327904,29.75688716321593,0,0,0.15554558201355861,0,0,0.09623695218650914,0.6741146693706641,438.5781498846029,0.1958523731217285,0,NORMAL
25.832813556678104,1,1,1281.8085256036024,0.6004656787321311,0,1,0.882430526334526,21,5,0.8139414132148965,19.69225052434922,21.458018361785957,0.8069502789006437,1,REPLAY_ATTACK
26.115553825791853,0,0,8.29231623281024,1.1781563131223995,1,1,0.9260132635739105,53,0,0.7848345416809087,24.054887442394428,9.33473770111293,0.9527838705941765,0,SUSPICIOUS_BEHAVIOR
10.887594635650096,0,1,147.27065970507766,4.09580451422814,0,0,0.20686919626494782,16,1,0.2605398744026571,6.232986419012352,43.650026432185825,0.39784705132629555,0,SUSPICIOUS
14.044253423171503,0,1,201.28535384064386,8.102843823170973,0,0,0.4149339299372311,14,2,0.25057074331763385,4.806213970205052,35.86235148038063,0.3667110622160904,1,SUSPICIOUS
7.725476478930291,0,0,217.03351716817343,9.553789395790293,0,1,0.2019199299269483,16,1,0.4627657164100854,6.034157144568666,40.28908027072127,0.3829086365434953,0,SUSPICIOUS
3.877638083475053,0,0,46.586846789983476,53.338517725300015,0,0,0.09107898104958817,3,0,0.09642030752431237,2.267577923307211,142.80852345941298,0.0006775695965278273,0,NORMAL
